match,map,bot,replicate,faction_0,faction_1,spawn_0,spawn_1,status,result,winner,end_reason,end_tick,game_minutes,wall_seconds,engine_seed,units_0,unit_value_0,structures_0,destroyed_0,lost_0,production_0,units_1,unit_value_1,structures_1,destroyed_1,lost_1,production_1
rr.tournament-2a.normal.hezbollah-russia.r0,tournament-2A,normal,0,hezbollah,russia,1,2,complete,win,hezbollah,conquest,18146,12.1,33.0,1089888132,57,16990,18,21435,10780,r2hzrifle:24 r2hzat:16 r2hztechnical:7 r2hzrecoilless:5 r2hzdrone:2 htk:1 r2hzescort:1 r2hzrockets:1,11,4300,9,10645,21300,shk:5 e2:4 htk:1 htnk:1
rr.dustbowl.normal.russia-china.r0,dustbowl,normal,0,russia,china,1,2,complete,win,russia,conquest,26233,17.49,50.7,1079063298,60,30950,18,41470,14600,shk:18 e2:13 flakt:11 htnk:6 ttnk:5 htk:4 apoc:1 dog:1 zep:1,27,12630,16,14600,41470,r2cnrifle:14 r2cnportable:4 r2qilin:4 r2cloud:2 r2phl:2 r2zbd:1
rr.tournament-2a.normal.saudi-america.r0,tournament-2A,normal,0,saudi,america,1,2,complete,win,america,conquest,36522,24.35,56.1,1083896604,34,17580,18,29900,54040,r2sang:14 r2saat:8 r2m1a2s:5 dog:2 r2bradley:2 r2caesar:1 r2sads:1 r2sajtac:1,72,47400,31,54040,29900,e1:27 mtnk:9 fv:8 orca:7 jumpjet:5 sref:4 cleg:3 mgtk:3 shad:3 aegis:1 carrier:1 tany:1
rr.tournament-2a.normal.israel-hezbollah.r0,tournament-2A,normal,0,israel,hezbollah,1,2,complete,win,israel,conquest,46461,30.97,71.0,1421548743,48,36990,30,36345,31400,r2ilrifle:17 r2ilat:10 r2merkava:9 r2ilhowitzer:4 r2namer:3 dog:1 r2ilfalcon:1 r2ilgunship:1 r2ilrecon:1 r2ilshield:1,35,11040,14,31400,36345,r2hzrifle:14 r2hzat:11 r2hzrecoilless:5 htk:1 r2hzdrone:1 r2hzescort:1 r2hzrockets:1 r2hztechnical:1
rr.dustbowl.normal.iran-america.r0,dustbowl,normal,0,iran,america,1,2,complete,win,america,conquest,42471,28.31,78.6,1591155849,63,25150,22,35590,57120,r2basij:30 r2toophan:18 r2karrar:7 r2fajr:3 htk:2 r2raad:2 r2coast:1,104,66500,23,55630,34100,e1:34 fv:13 jumpjet:13 mtnk:13 mgtk:7 cleg:6 orca:5 shad:5 sref:4 tany:3 dog:1
rr.tournament-2a.normal.iran-hezbollah.r0,tournament-2A,normal,0,iran,hezbollah,1,2,complete,win,hezbollah,conquest,39328,26.22,61.0,1645247049,49,15990,26,30445,57260,r2basij:26 r2toophan:16 r2karrar:2 r2peykaap:2 r2fajr:1 r2ghadir:1 sapc:1,165,53200,34,58410,31595,r2hzrifle:70 r2hzat:40 r2hztechnical:21 r2hzrecoilless:10 r2hzdrone:7 r2hzrockets:5 htk:3 r2hzescort:2 r2hzscout:2 r2hzspotter:2 dog:1 r2hzskiff:1 r2hzsurvey:1
rr.tournament-2a.normal.israel-saudi.r0,tournament-2A,normal,0,israel,saudi,1,2,complete,win,saudi,conquest,26258,17.51,44.1,2132935555,23,12490,10,23990,40200,r2ilat:9 r2ilrifle:7 r2namer:3 dog:2 r2merkava:2,61,37770,27,40200,23990,r2sang:26 r2saat:14 r2m1a2s:10 r2caesar:3 r2sads:3 r2f15sa:2 dog:1 r2ah64sa:1 r2bradley:1
rr.dustbowl.normal.israel-iran.r0,dustbowl,normal,0,israel,iran,1,2,complete,win,iran,conquest,33806,22.54,74.0,-2036464031,12,8330,11,18800,34090,r2ilrifle:4 r2ilat:2 r2merkava:2 r2namer:2 dog:1 r2ilhowitzer:1,61,22130,20,34090,18800,r2basij:32 r2toophan:16 r2karrar:7 r2raad:3 r2fajr:2 r2loiter:1
rr.dustbowl.normal.china-russia.r0,dustbowl,normal,0,china,russia,1,2,complete,win,russia,conquest,42881,28.59,114.8,-1920131549,55,31580,27,31700,81170,r2cnrifle:19 r2cnportable:15 r2cloud:5 r2lynx:4 r2phl:4 r2qilin:4 r2skyspear:2 r2redspear:1 r2zbd:1,135,58750,29,81270,31800,e2:43 flakt:30 shk:27 htk:11 htnk:11 ttnk:4 apoc:3 yuri:2 dog:1 hyd:1 sub:1 zep:1
rr.dustbowl.normal.yemen-saudi.r0,dustbowl,normal,0,yemen,saudi,1,2,complete,win,saudi,conquest,34074,22.72,75.0,-1719827237,12,3490,7,11120,19295,r2yrpg:5 r2ymr:4 htk:1 r2technical:1 r2ytechrr:1,42,30880,25,19295,11120,r2sang:14 r2saat:9 r2m1a2s:8 r2bradley:2 r2caesar:2 r2f15sa:2 r2sads:2 dog:1 r2ah64sa:1 r2falcon:1
rr.tournament-2a.normal.russia-israel.r0,tournament-2A,normal,0,russia,israel,1,2,complete,win,israel,conquest,32898,21.93,55.5,-1291490136,22,9400,10,30840,29300,e2:9 shk:6 htk:2 htnk:2 ttnk:2 flakt:1,80,56190,30,29300,30840,r2ilrifle:32 r2ilat:18 r2merkava:10 r2ilhowitzer:4 dog:2 r2ilfalcon:2 r2ilfrigate:2 r2ilgunship:2 r2ilpatrol:2 r2ilshield:2 lcrf:1 r2ilrecon:1 r2iltender:1 r2namer:1
rr.tournament-2a.normal.hezbollah-china.r0,tournament-2A,normal,0,hezbollah,china,1,2,complete,win,hezbollah,conquest,37256,24.84,60.8,-969478802,115,44620,29,49340,19935,r2hzrifle:42 r2hzat:29 r2hztechnical:11 r2hzmissileboat:5 r2hzrecoilless:5 r2hzdrone:4 r2hzrockets:4 r2hzescort:3 r2hzskiff:3 sapc:3 r2hzscout:2 r2hzsurvey:2 dog:1 htk:1,37,20150,13,19935,49340,r2cnrifle:10 r2qilin:10 r2cnportable:8 r2mantis:3 r2lynx:2 r2phl:2 dog:1 r2cloud:1
rr.tournament-2a.normal.saudi-israel.r0,tournament-2A,normal,0,saudi,israel,1,2,complete,win,saudi,conquest,15644,10.43,30.3,-772405520,26,13740,14,25950,6370,r2sang:12 r2saat:5 r2m1a2s:4 r2bradley:2 dog:1 r2caesar:1 r2sads:1,6,4040,7,5270,24850,r2ilrifle:2 r2merkava:2 dog:1 r2ilat:1
rr.dustbowl.normal.yemen-china.r0,dustbowl,normal,0,yemen,china,1,2,complete,win,yemen,conquest,21359,14.24,42.4,-743664635,69,21460,19,39900,13365,r2ymr:26 r2yrpg:21 r2technical:9 r2ytechrr:7 r2ymlr:2 r2yzu:2 htk:1 r2samad:1,22,8910,14,13365,39900,r2cnportable:8 r2cnrifle:8 r2qilin:4 r2lynx:1 r2mantis:1
rr.tournament-2a.normal.turkey-yemen.r0,tournament-2A,normal,0,turkey,yemen,1,2,complete,win,yemen,conquest,50118,33.41,75.2,-470261466,52,28490,30,43710,84150,r2trrifle:18 r2trat:13 r2bozkir:12 r2yildirim:3 r2aras:2 dog:1 r2greywolf:1 r2kuzgun:1 r2sahin:1,114,44445,34,84150,43710,r2ymr:37 r2yrpg:33 r2technical:16 r2ytechrr:12 r2wadighost:5 r2ymlr:4 r2yzu:2 htk:1 r2hodeidah:1 r2mokha:1 r2sahaab:1 r2samad:1
rr.dustbowl.normal.hezbollah-israel.r0,dustbowl,normal,0,hezbollah,israel,1,2,complete,win,israel,conquest,53513,35.68,84.2,-358957069,82,26755,22,42020,69810,r2hzrifle:33 r2hzat:25 r2hztechnical:10 r2hzrecoilless:6 r2hzescort:2 r2hzrockets:2 r2hzscout:2 htk:1 r2hzdrone:1,109,72320,34,67510,40220,r2ilrifle:46 r2ilat:26 r2merkava:14 r2ilhowitzer:7 r2ilgunship:3 r2namer:3 dog:2 r2ilfalcon:2 r2ilobserver:2 r2ilrecon:2 r2ilshield:2
rr.dustbowl.normal.china-israel.r0,dustbowl,normal,0,china,israel,1,2,complete,win,israel,conquest,38786,25.86,62.0,-316610904,36,18810,20,23750,63250,r2cnrifle:13 r2cnportable:9 r2qilin:7 r2phl:2 r2cloud:1 r2lynx:1 r2mantis:1 r2skyspear:1 r2zbd:1,76,50930,27,63250,23750,r2ilrifle:34 r2ilat:14 r2merkava:10 r2ilhowitzer:5 r2ilshield:4 r2ilfalcon:2 r2ilobserver:2 r2namer:2 dog:1 r2ilgunship:1 r2ilrecon:1
rr.tournament-2a.normal.saudi-hezbollah.r0,tournament-2A,normal,0,saudi,hezbollah,1,2,complete,win,hezbollah,conquest,18232,12.15,35.1,286728019,4,2020,5,7520,18180,dog:1 r2m1a2s:1 r2saat:1 r2sang:1,39,11545,12,18180,7520,r2hzrifle:17 r2hzat:11 r2hztechnical:4 r2hzrecoilless:3 htk:1 r2hzdrone:1 r2hzescort:1 r2hzrockets:1
rr.dustbowl.normal.america-israel.r0,dustbowl,normal,0,america,israel,1,2,complete,draw,,tick-cap,60001,40.0,102.2,305800274,128,83100,35,99790,65600,e1:40 jumpjet:22 fv:16 shad:10 mtnk:9 cleg:8 mgtk:7 sref:7 orca:6 dog:2 tany:1,93,74780,28,66600,100790,r2ilrifle:29 r2ilat:22 r2merkava:15 r2ilhowitzer:8 r2ilshield:8 r2ilrecon:4 r2ilfalcon:2 r2ilgunship:2 dog:1 r2ilobserver:1 r2namer:1
rr.dustbowl.normal.yemen-israel.r0,dustbowl,normal,0,yemen,israel,1,2,complete,win,yemen,conquest,24172,16.11,47.8,484448216,66,23585,18,39570,11760,r2ymr:21 r2yrpg:21 r2ytechrr:9 r2technical:3 htk:2 r2sahaab:2 r2samad:2 r2ymlr:2 r2hodeidah:1 r2mokha:1 r2yzu:1 sapc:1,12,8710,14,11760,39570,r2ilrifle:3 r2merkava:3 dog:2 r2ilat:2 r2ilhowitzer:1 r2namer:1
rr.tournament-2a.normal.turkey-iran.r0,tournament-2A,normal,0,turkey,iran,1,2,complete,win,iran,conquest,19756,13.17,35.6,636792467,3,755,5,7460,14115,dog:1 r2trat:1 r2trrifle:1,39,14600,14,14115,7460,r2basij:20 r2toophan:11 r2karrar:5 r2fajr:2 r2raad:1
rr.tournament-2a.normal.iran-saudi.r0,tournament-2A,normal,0,iran,saudi,1,2,complete,win,iran,conquest,26407,17.6,43.3,960365745,78,35320,23,37490,16780,r2basij:33 r2toophan:16 r2karrar:9 r2peykaap:5 r2ghadir:4 htk:2 r2fajr:2 r2raad:2 sapc:2 dog:1 r2loiter:1 r2toufan:1,15,10030,13,16780,37490,r2m1a2s:4 r2sang:4 dog:2 r2caesar:2 r2saat:2 r2bradley:1
rr.tournament-2a.normal.hezbollah-turkey.r0,tournament-2A,normal,0,hezbollah,turkey,1,2,complete,win,hezbollah,conquest,10410,6.94,23.6,992529510,25,7450,10,16425,3575,r2hzrifle:10 r2hzat:8 r2hztechnical:3 r2hzrecoilless:2 htk:1 r2hzrockets:1,7,2365,5,3575,16425,r2trrifle:3 r2trat:2 dog:1 r2bozkir:1
rr.tournament-2a.normal.turkey-china.r0,tournament-2A,normal,0,turkey,china,1,2,complete,win,turkey,conquest,24221,16.15,41.6,1229875121,84,40530,26,51910,16655,r2trrifle:36 r2trat:18 r2bozkir:14 dog:3 r2sancak:3 r2aras:2 r2sahin:2 r2yildirim:2 r2deniz:1 r2gokkalkan:1 r2greywolf:1 r2kuzgun:1,31,15420,16,16655,51910,r2cnrifle:11 r2cnportable:8 r2qilin:6 r2lynx:2 r2phl:2 r2cloud:1 r2mantis:1
rr.tournament-2a.normal.turkey-russia.r0,tournament-2A,normal,0,turkey,russia,1,2,complete,win,russia,conquest,43983,29.32,66.0,1328547551,43,22220,22,28350,68180,r2trrifle:14 r2trat:12 r2bozkir:9 r2yildirim:3 r2sancak:2 dog:1 r2aras:1 r2kuzgun:1,78,38500,29,66180,26350,e2:22 shk:19 flakt:15 htk:8 htnk:5 apoc:4 ttnk:3 yuri:1 zep:1
rr.tournament-2a.normal.israel-china.r0,tournament-2A,normal,0,israel,china,1,2,complete,win,israel,conquest,16193,10.8,30.0,1394999534,16,9490,12,13060,5320,r2ilrifle:7 r2ilat:3 r2merkava:2 dog:1 r2ilhowitzer:1 r2ilshield:1 r2namer:1,2,570,5,5320,13060,r2cnportable:1 r2cnrifle:1
rr.dustbowl.normal.yemen-hezbollah.r0,dustbowl,normal,0,yemen,hezbollah,1,2,complete,win,hezbollah,conquest,34887,23.26,60.2,1645530610,40,12920,11,23740,37975,r2yrpg:17 r2ymr:12 r2ytechrr:6 htk:2 r2technical:1 r2ymlr:1 r2yzu:1,153,49090,32,37475,24010,r2hzrifle:64 r2hzat:41 r2hztechnical:16 r2hzrecoilless:13 r2hzdrone:6 r2hzrockets:5 dog:2 htk:2 r2hzescort:2 r2hzscout:2
rr.dustbowl.normal.hezbollah-turkey.r0,dustbowl,normal,0,hezbollah,turkey,1,2,complete,win,hezbollah,conquest,28851,19.23,52.5,1696051175,110,32540,26,49135,15380,r2hzrifle:49 r2hzat:31 r2hztechnical:12 r2hzrecoilless:6 r2hzrockets:5 r2hzdrone:4 dog:1 htk:1 r2hzspotter:1,22,14725,17,15380,49135,r2trrifle:5 r2trat:4 r2bozkir:3 r2yildirim:3 dog:2 r2aras:1 r2greywolf:1 r2sahin:1 r2sancak:1 r2trdroneop:1
rr.tournament-2a.normal.yemen-russia.r0,tournament-2A,normal,0,yemen,russia,1,2,complete,draw,,tick-cap,60001,40.0,87.5,1992843374,192,72300,45,89600,107155,r2yrpg:61 r2ymr:60 r2technical:25 r2ytechrr:12 r2sahaab:10 r2wadighost:8 r2ymlr:5 htk:4 r2hodeidah:3 r2mokha:2 r2yzu:1 sapc:1,247,97400,35,105655,89600,e2:105 flakt:51 shk:34 hyd:13 htk:11 htnk:10 ttnk:8 apoc:6 sqd:3 dog:2 sub:2 sapc:1 zep:1
rr.dustbowl.normal.hezbollah-yemen.r0,dustbowl,normal,0,hezbollah,yemen,1,2,complete,win,hezbollah,conquest,21236,14.16,39.8,-2069686713,57,16560,23,15325,8645,r2hzrifle:26 r2hzat:18 r2hzrecoilless:3 r2hzrockets:3 r2hztechnical:3 r2hzdrone:2 dog:1 htk:1,5,1170,5,8645,15325,r2yrpg:3 r2ymr:2
rr.tournament-2a.normal.yemen-iran.r0,tournament-2A,normal,0,yemen,iran,1,2,complete,win,yemen,conquest,16055,10.7,29.6,-2045183608,44,12565,16,18670,7555,r2ymr:19 r2yrpg:13 r2technical:5 r2ytechrr:4 htk:2 r2ymlr:1,13,2800,7,7555,18670,r2basij:10 r2toophan:2 r2raad:1
rr.dustbowl.normal.iran-yemen.r0,dustbowl,normal,0,iran,yemen,1,2,complete,win,iran,conquest,40448,26.97,71.1,-1745383514,126,51160,34,38095,34890,r2basij:59 r2toophan:34 r2karrar:11 r2fajr:4 r2ghadir:3 r2peykaap:3 dog:2 htk:2 r2coast:2 r2raad:2 sapc:2 r2mohajer:1 r2toufan:1,38,11790,12,34890,38095,r2ymr:14 r2yrpg:12 r2technical:4 r2ytechrr:4 htk:2 r2ymlr:1 r2yzu:1
rr.dustbowl.normal.china-turkey.r0,dustbowl,normal,0,china,turkey,1,2,complete,win,turkey,conquest,55007,36.67,93.3,-1671556653,63,40430,32,55540,101870,r2cnrifle:19 r2cnportable:15 r2qilin:12 r2phl:5 r2cloud:3 r2redspear:3 r2skyspear:2 dog:1 r2crane:1 r2mantis:1 r2zbd:1,132,89475,31,101470,55140,r2trrifle:35 r2trat:27 r2bozkir:25 r2ege:6 r2poyraz:6 r2gokkalkan:5 r2greywolf:5 r2yildirim:5 lcrf:3 r2sahin:3 r2sancak:3 dog:2 r2aras:2 r2marmara:2 r2deniz:1 r2kuzgun:1 r2turna:1
rr.tournament-2a.normal.hezbollah-yemen.r0,tournament-2A,normal,0,hezbollah,yemen,1,2,complete,draw,,tick-cap,60001,40.0,84.5,-1429017220,295,99250,35,90170,61070,r2hzrifle:130 r2hzat:71 r2hztechnical:29 r2hzrecoilless:16 r2hzmissileboat:11 r2hzdrone:9 r2hzrockets:8 sapc:5 dog:4 r2hzskiff:3 r2hzsurvey:3 htk:2 r2hzescort:2 r2hzscout:2,114,44770,33,58685,93475,r2yrpg:50 r2ymr:22 r2ytechrr:18 r2ymlr:7 r2technical:5 r2yzu:5 htk:4 r2wadighost:2 r2sahaab:1
rr.tournament-2a.normal.iran-yemen.r0,tournament-2A,normal,0,iran,yemen,1,2,complete,win,yemen,conquest,24971,16.65,41.0,-1033900597,19,6570,8,16350,26140,r2basij:8 r2toophan:7 htk:2 r2karrar:2,81,26225,24,26740,16950,r2ymr:30 r2yrpg:23 r2technical:12 r2ytechrr:7 r2ymlr:4 r2yzu:3 r2samad:1 r2yspot:1
rr.tournament-2a.normal.israel-yemen.r0,tournament-2A,normal,0,israel,yemen,1,2,complete,win,yemen,conquest,55499,37.0,80.9,-740150316,57,50960,30,59385,102870,r2ilat:16 r2ilrifle:13 r2ilhowitzer:6 r2merkava:6 r2ilgunship:3 r2ilpatrol:3 r2ilfalcon:2 r2ilrecon:2 r2namer:2 amcv:1 dog:1 r2ilfrigate:1 r2iltender:1,212,78225,41,102370,58885,r2ymr:75 r2yrpg:58 r2technical:21 r2ytechrr:16 r2yzu:7 r2sahaab:6 r2wadighost:6 r2mokha:5 r2ymlr:5 htk:4 r2hodeidah:4 dog:3 r2samad:1 sapc:1
rr.tournament-2a.normal.hezbollah-america.r0,tournament-2A,normal,0,hezbollah,america,1,2,complete,win,america,conquest,19587,13.06,34.3,-621800335,38,9750,16,16400,39405,r2hzrifle:20 r2hzat:11 r2hzrecoilless:3 r2hztechnical:3 r2hzrockets:1,64,27900,19,39405,16400,e1:37 mtnk:8 fv:5 jumpjet:4 shad:4 dog:2 sref:2 cleg:1 orca:1
rr.tournament-2a.normal.china-saudi.r0,tournament-2A,normal,0,china,saudi,1,2,complete,win,saudi,conquest,29265,19.51,47.1,-582977292,17,7640,12,12810,35530,r2cnrifle:7 r2cnportable:5 r2qilin:3 r2phl:1 r2zbd:1,35,21150,22,35530,12810,r2sang:15 r2saat:8 r2m1a2s:6 dog:1 r2ah64sa:1 r2bradley:1 r2caesar:1 r2f15sa:1 r2sads:1
rr.dustbowl.normal.israel-hezbollah.r0,dustbowl,normal,0,israel,hezbollah,1,2,complete,win,hezbollah,conquest,42154,28.1,68.2,-279234626,33,24970,23,32835,69480,r2ilrifle:11 r2ilat:9 r2merkava:6 r2ilgunship:2 r2ilhowitzer:2 dog:1 r2ilfalcon:1 r2namer:1,146,51375,32,69480,32835,r2hzrifle:55 r2hzat:41 r2hzrecoilless:16 r2hztechnical:11 r2hzdrone:6 r2hzrockets:6 r2hzescort:5 r2hzscout:3 dog:2 htk:1
rr.dustbowl.normal.china-america.r0,dustbowl,normal,0,china,america,1,2,complete,win,america,conquest,24245,16.16,43.2,-111372255,30,14850,18,10900,49290,r2cnportable:10 r2cnrifle:10 r2qilin:6 r2phl:2 r2cloud:1 r2mantis:1,50,23200,21,49290,10900,e1:26 mtnk:9 fv:6 jumpjet:3 orca:2 cleg:1 dog:1 shad:1 sref:1
rr.dustbowl.normal.america-yemen.r0,dustbowl,normal,0,america,yemen,1,2,complete,win,america,conquest,19879,13.25,37.6,73493776,39,23300,20,29275,4200,e1:16 mtnk:6 fv:4 cleg:3 jumpjet:3 sref:3 orca:2 dog:1 shad:1,24,5570,11,4200,29275,r2ymr:12 r2yrpg:10 r2technical:1 r2ytechrr:1
rr.tournament-2a.normal.iran-israel.r0,tournament-2A,normal,0,iran,israel,1,2,complete,win,iran,conquest,41334,27.56,61.7,321286453,224,75500,28,81720,40160,r2basij:120 r2toophan:62 r2karrar:16 r2coast:6 r2dronecontrol:6 dog:4 htk:4 r2fajr:2 r2raad:2 r2azar:1 r2toufan:1,52,32760,24,40160,81720,r2ilrifle:18 r2ilat:14 r2ilhowitzer:4 r2ilpatrol:4 r2merkava:4 dog:2 lcrf:2 r2ilfalcon:1 r2ilrecon:1 r2ilshield:1 r2namer:1
rr.dustbowl.normal.russia-saudi.r0,dustbowl,normal,0,russia,saudi,1,2,complete,win,saudi,conquest,32636,21.76,51.4,403571674,24,8600,18,17970,39200,shk:11 e2:8 flakt:3 htk:1 htnk:1,62,42730,27,39200,17970,r2sang:24 r2saat:10 r2m1a2s:9 r2caesar:3 r2sads:3 dog:2 r2bradley:2 r2f15sa:2 r2sadiq:2 lcrf:1 r2ah64sa:1 r2falcon:1 r2jubail:1 r2riyadh:1
rr.tournament-2a.normal.china-turkey.r0,tournament-2A,normal,0,china,turkey,1,2,complete,win,turkey,conquest,46192,30.79,66.2,446859023,32,18670,18,33050,57060,r2cnrifle:11 r2cnportable:8 r2qilin:5 r2phl:3 r2cloud:2 r2mantis:2 r2skyspear:1,100,64400,30,57770,33760,r2trrifle:30 r2trat:20 r2bozkir:16 r2ege:6 r2poyraz:4 r2yildirim:4 r2gokkalkan:3 r2kuzgun:3 r2marmara:3 dog:2 lcrf:2 r2sahin:2 r2sancak:2 r2aras:1 r2deniz:1 r2greywolf:1
rr.tournament-2a.normal.america-israel.r0,tournament-2A,normal,0,america,israel,1,2,complete,win,israel,conquest,16175,10.78,29.1,915977281,3,600,5,3770,14200,e1:3,13,8000,12,14200,3770,r2ilrifle:5 r2ilat:3 r2merkava:2 dog:1 r2ilhowitzer:1 r2namer:1
rr.tournament-2a.normal.russia-hezbollah.r0,tournament-2A,normal,0,russia,hezbollah,1,2,complete,win,hezbollah,conquest,27359,18.24,43.1,936538515,26,8500,17,18615,37500,shk:11 e2:10 flakt:3 dog:1 htnk:1,86,25795,24,37500,18615,r2hzrifle:37 r2hzat:24 r2hztechnical:11 r2hzdrone:4 r2hzrecoilless:4 htk:3 r2hzrockets:3
rr.dustbowl.normal.iran-turkey.r0,dustbowl,normal,0,iran,turkey,1,2,complete,draw,,tick-cap,60001,40.0,93.5,1109839198,270,100470,38,112055,89850,r2basij:138 r2toophan:76 r2karrar:12 r2fajr:9 htk:7 r2peykaap:6 r2toufan:6 r2ghadir:4 r2coast:3 r2dronecontrol:2 r2raad:2 sapc:2 dog:1 r2loiter:1 r2mohajer:1,148,84605,43,89850,112055,r2trrifle:51 r2trat:36 r2bozkir:29 r2yildirim:8 r2aras:6 r2greywolf:6 r2sancak:4 dog:2 r2gokkalkan:2 r2sahin:2 r2kuzgun:1 r2turna:1
rr.tournament-2a.normal.america-yemen.r0,tournament-2A,normal,0,america,yemen,1,2,complete,win,yemen,conquest,38690,25.79,59.2,1210772046,29,19000,18,35495,55600,e1:8 fv:7 jumpjet:5 orca:3 cleg:2 mtnk:2 shad:1 sref:1,143,48665,31,56200,36095,r2ymr:49 r2yrpg:42 r2technical:17 r2ytechrr:12 r2yzu:5 r2ymlr:4 r2yspot:4 r2samad:3 htk:2 r2sahaab:2 r2hodeidah:1 r2mokha:1 r2wadighost:1
rr.tournament-2a.normal.saudi-russia.r0,tournament-2A,normal,0,saudi,russia,1,2,complete,win,saudi,conquest,48855,32.57,73.8,1374765307,82,64050,34,51600,38490,r2sang:25 r2saat:15 r2m1a2s:13 r2sadiq:5 r2caesar:4 r2riyadh:4 r2f15sa:3 dog:2 lcrf:2 r2bradley:2 r2falcon:2 r2jubail:2 r2sads:2 r2ah64sa:1,61,31600,8,38490,51600,e2:15 shk:12 htnk:11 flakt:8 htk:8 ttnk:6 ivan:1
rr.tournament-2a.normal.iran-china.r0,tournament-2A,normal,0,iran,china,1,2,complete,win,iran,conquest,16565,11.04,32.2,1805323372,41,13770,12,22530,7290,r2basij:23 r2toophan:10 r2karrar:4 r2fajr:2 dog:1 r2raad:1,8,3540,6,7290,22530,r2cnportable:3 r2cnrifle:2 r2qilin:2 r2lynx:1
rr.dustbowl.normal.saudi-hezbollah.r0,dustbowl,normal,0,saudi,hezbollah,1,2,complete,win,hezbollah,conquest,45135,30.09,71.6,2047231217,45,31170,29,44285,87530,r2sang:16 r2saat:9 r2m1a2s:8 r2caesar:5 dog:2 r2ah64sa:1 r2bradley:1 r2f15sa:1 r2falcon:1 r2sads:1,179,61545,31,87530,44285,r2hzrifle:67 r2hzat:52 r2hztechnical:21 r2hzrecoilless:11 r2hzdrone:7 r2hzrockets:7 htk:4 r2hzscout:4 dog:2 r2hzescort:2 r2hzspotter:2
rr.tournament-2a.normal.saudi-iran.r0,tournament-2A,normal,0,saudi,iran,1,2,complete,draw,,tick-cap,60001,40.0,90.5,2115199890,105,79240,38,85500,61990,r2sang:32 r2m1a2s:18 r2saat:18 r2sadiq:10 r2caesar:5 r2riyadh:5 r2sads:4 lcrf:2 r2bradley:2 r2f15sa:2 r2falcon:2 r2jubail:2 dog:1 r2ah64sa:1 r2sajtac:1,122,44530,30,60170,85800,r2basij:67 r2toophan:29 r2karrar:11 r2fajr:3 r2peykaap:3 r2raad:2 htk:1 r2azar:1 r2coast:1 r2ghadir:1 r2loiter:1 r2toufan:1 sapc:1
rr.dustbowl.normal.russia-hezbollah.r0,dustbowl,normal,0,russia,hezbollah,1,2,complete,draw,,tick-cap,60001,40.0,94.5,2131711052,161,59300,34,90425,55600,e2:68 flakt:47 shk:17 htk:10 ttnk:9 apoc:4 htnk:3 yuri:2 zep:1,226,86840,36,55600,90425,r2hzrifle:84 r2hzat:58 r2hztechnical:31 r2hzrecoilless:16 r2hzscout:12 r2hzescort:8 r2hzrockets:8 r2hzdrone:6 dog:2 htk:1
rr.dustbowl.normal.saudi-america.r0,dustbowl,normal,0,saudi,america,1,2,complete,win,saudi,conquest,49026,32.68,75.1,-1531778085,106,80340,28,72900,40440,r2sang:32 r2saat:20 r2m1a2s:19 r2sadiq:6 r2sads:5 r2caesar:4 r2riyadh:4 lcrf:3 r2ah64sa:3 dog:2 r2f15sa:2 r2falcon:2 r2jubail:2 r2bradley:1 r2sajtac:1,39,24100,23,40440,72900,e1:13 jumpjet:6 mtnk:5 fv:4 shad:4 orca:3 cleg:2 dog:1 sref:1
rr.tournament-2a.normal.china-israel.r0,tournament-2A,normal,0,china,israel,1,2,complete,draw,,tick-cap,60001,40.0,85.0,-1278308571,193,47790,4,55690,52010,r2cnrifle:127 r2cnportable:65 dog:1,36,39980,11,52010,55690,r2merkava:20 r2namer:8 r2ilrifle:4 r2ilat:3 dog:1
rr.tournament-2a.normal.iran-america.r0,tournament-2A,normal,0,iran,america,1,2,complete,win,iran,conquest,53844,35.9,76.9,-1222990151,171,57770,31,59090,39250,r2basij:88 r2toophan:53 r2karrar:12 r2fajr:5 dog:4 r2raad:4 r2coast:2 r2loiter:2 htk:1,38,23200,19,41160,61000,e1:17 mtnk:5 orca:5 fv:4 mgtk:2 sref:2 cleg:1 shad:1 tany:1
rr.tournament-2a.normal.america-china.r0,tournament-2A,normal,0,america,china,1,2,complete,win,america,conquest,18131,12.09,31.4,-782777932,40,18800,16,28190,4700,e1:21 fv:5 mtnk:5 jumpjet:3 orca:2 cleg:1 dog:1 shad:1 sref:1,12,5500,10,4700,28190,r2cnrifle:5 r2cnportable:4 r2phl:1 r2qilin:1 r2zbd:1
rr.dustbowl.normal.russia-iran.r0,dustbowl,normal,0,russia,iran,1,2,complete,win,russia,conquest,53235,35.49,90.2,-466307057,122,53900,28,69130,28600,e2:44 flakt:30 shk:20 htk:7 ttnk:6 apoc:4 htnk:3 hyd:2 yuri:2 zep:2 sapc:1 sub:1,72,30200,25,29640,72320,r2basij:30 r2toophan:24 r2karrar:8 htk:4 r2fajr:3 r2coast:2 r2raad:1
rr.dustbowl.normal.saudi-china.r0,dustbowl,normal,0,saudi,china,1,2,complete,win,saudi,conquest,40467,26.98,74.4,-452631583,81,58220,27,67980,24650,r2sang:26 r2saat:17 r2m1a2s:13 r2caesar:4 r2sadiq:4 r2riyadh:3 r2sads:3 dog:2 lcrf:2 r2bradley:2 r2f15sa:2 r2ah64sa:1 r2falcon:1 r2jubail:1,36,18290,27,24650,67980,r2cnportable:12 r2cnrifle:12 r2qilin:4 r2phl:3 r2cloud:2 r2lynx:2 r2mantis:1
rr.dustbowl.normal.saudi-turkey.r0,dustbowl,normal,0,saudi,turkey,1,2,complete,win,saudi,conquest,47784,31.86,78.6,-429607430,77,56400,27,65750,26130,r2sang:25 r2saat:16 r2m1a2s:13 r2caesar:3 r2riyadh:3 r2sadiq:3 r2sads:3 dog:2 r2ah64sa:2 r2bradley:2 r2f15sa:2 lcrf:1 r2falcon:1 r2jubail:1,35,22390,21,26130,65750,r2trat:10 r2trrifle:8 r2bozkir:7 dog:2 r2sahin:2 r2sancak:2 r2yildirim:2 r2gokkalkan:1 r2greywolf:1
rr.dustbowl.normal.america-turkey.r0,dustbowl,normal,0,america,turkey,1,2,complete,win,america,conquest,21664,14.44,43.6,296918260,31,18000,18,30995,7200,e1:12 mtnk:5 fv:3 jumpjet:3 orca:2 sref:2 cleg:1 dog:1 shad:1 tany:1,17,6635,10,7200,30995,r2trrifle:7 r2trat:5 dog:1 r2aras:1 r2bozkir:1 r2gokkalkan:1 r2sancak:1
rr.dustbowl.normal.turkey-iran.r0,dustbowl,normal,0,turkey,iran,1,2,complete,draw,,tick-cap,60001,40.0,94.0,360025338,91,58290,45,64530,81100,r2trrifle:28 r2trat:22 r2bozkir:21 r2greywolf:4 r2yildirim:4 r2sahin:3 r2aras:2 dog:1 lcrf:1 r2ege:1 r2kuzgun:1 r2marmara:1 r2poyraz:1 r2turna:1,190,71120,31,81100,64530,r2basij:98 r2toophan:47 r2karrar:16 r2fajr:5 r2dronecontrol:4 r2peykaap:4 dog:2 htk:2 r2azar:2 r2coast:2 r2loiter:2 r2raad:2 r2ghadir:1 r2mohajer:1 r2toufan:1 sapc:1
rr.dustbowl.normal.china-yemen.r0,dustbowl,normal,0,china,yemen,1,2,complete,win,yemen,conquest,33496,22.33,61.7,438901777,33,18650,25,21870,65990,r2cnportable:11 r2cnrifle:10 r2phl:4 r2cloud:3 r2qilin:3 r2lynx:1 r2zbd:1,99,34420,28,66540,22420,r2ymr:32 r2yrpg:32 r2ytechrr:10 r2technical:6 r2ymlr:6 htk:5 r2sahaab:2 r2yzu:2 dog:1 r2hodeidah:1 r2mokha:1 r2samad:1
rr.tournament-2a.normal.china-america.r0,tournament-2A,normal,0,china,america,1,2,complete,draw,,tick-cap,60001,40.0,85.3,732938487,93,64210,36,73100,74700,r2cnrifle:23 r2cnportable:21 r2qilin:20 r2redspear:7 r2mantis:5 r2phl:5 r2cloud:3 r2crane:3 r2lynx:3 r2skyspear:2 r2cnnetwork:1,72,51900,35,76700,75100,jumpjet:17 e1:14 fv:13 orca:11 shad:5 mtnk:4 cleg:3 sref:3 mgtk:2
rr.dustbowl.normal.israel-russia.r0,dustbowl,normal,0,israel,russia,1,2,complete,win,israel,conquest,22161,14.77,40.3,1055116241,29,18190,14,23900,8830,r2ilrifle:12 r2ilat:7 r2merkava:5 r2ilhowitzer:2 dog:1 r2ilshield:1 r2namer:1,16,6600,8,8830,23900,e2:6 shk:5 htnk:3 flakt:1 htk:1
rr.tournament-2a.normal.china-hezbollah.r0,tournament-2A,normal,0,china,hezbollah,1,2,complete,win,hezbollah,conquest,22822,15.21,38.5,1300977707,14,6240,12,9065,35630,r2cnrifle:7 r2cnportable:3 r2qilin:2 r2mantis:1 r2phl:1,62,20765,19,35930,9365,r2hzat:20 r2hzrifle:19 r2hztechnical:8 r2hzrecoilless:6 r2hzdrone:2 r2hzrockets:2 dog:1 htk:1 r2hzescort:1 r2hzskiff:1 r2hzsurvey:1
rr.dustbowl.normal.turkey-america.r0,dustbowl,normal,0,turkey,america,1,2,complete,win,america,conquest,54329,36.22,80.9,1457443167,53,31745,27,51300,81505,r2trrifle:19 r2trat:11 r2bozkir:9 r2gokkalkan:4 r2sahin:3 r2yildirim:3 dog:1 r2aras:1 r2greywolf:1 r2sancak:1,126,87600,28,80705,50500,e1:31 jumpjet:22 fv:18 mtnk:13 mgtk:10 cleg:9 orca:8 shad:7 sref:5 tany:2 dog:1
rr.tournament-2a.normal.turkey-israel.r0,tournament-2A,normal,0,turkey,israel,1,2,complete,win,turkey,conquest,53735,35.82,75.8,1581826443,143,86265,34,83140,62765,r2trrifle:53 r2trat:27 r2bozkir:22 r2yildirim:6 r2ege:5 r2marmara:5 r2gokkalkan:4 r2sancak:4 r2aras:3 r2greywolf:3 r2poyraz:3 dog:2 lcrf:2 r2sahin:2 r2deniz:1 r2kuzgun:1,48,34630,25,62765,83140,r2ilrifle:14 r2ilat:10 r2merkava:8 dog:5 r2ilhowitzer:3 r2ilpatrol:2 r2namer:2 r2ilfalcon:1 r2ilfrigate:1 r2ilgunship:1 r2ilshield:1
rr.tournament-2a.normal.saudi-china.r0,tournament-2A,normal,0,saudi,china,1,2,complete,win,saudi,conquest,29359,19.57,46.4,1685611473,51,32120,24,41950,16010,r2sang:21 r2saat:11 r2m1a2s:8 r2bradley:2 r2caesar:2 r2f15sa:2 r2sads:2 dog:1 r2ah64sa:1 r2sajtac:1,30,13660,13,16010,41950,r2cnrifle:13 r2cnportable:7 r2qilin:6 r2phl:2 r2lynx:1 r2zbd:1
rr.tournament-2a.normal.america-saudi.r0,tournament-2A,normal,0,america,saudi,1,2,complete,win,america,conquest,9132,6.09,21.8,-2144599599,51,10200,3,17780,8300,e1:48 dog:3,4,2020,5,8300,17780,dog:1 r2m1a2s:1 r2saat:1 r2sang:1
rr.tournament-2a.normal.turkey-america.r0,tournament-2A,normal,0,turkey,america,1,2,complete,draw,,tick-cap,60001,40.0,88.4,-2024764655,83,43610,32,41700,98370,r2trrifle:32 r2trat:23 r2bozkir:13 r2yildirim:5 r2gokkalkan:3 r2greywolf:2 r2sahin:2 dog:1 r2aras:1 r2sancak:1,136,91400,25,98370,41700,e1:47 fv:14 jumpjet:14 cleg:11 mtnk:11 orca:11 mgtk:10 shad:8 sref:7 dog:2 tany:1
rr.dustbowl.normal.yemen-turkey.r0,dustbowl,normal,0,yemen,turkey,1,2,complete,win,yemen,conquest,22728,15.15,41.1,-1950933153,81,26315,24,34395,16285,r2ymr:29 r2yrpg:23 r2technical:9 r2ytechrr:8 r2sahaab:3 r2yzu:3 r2ymlr:2 htk:1 r2mokha:1 r2samad:1 sapc:1,17,6085,12,16285,34395,r2trrifle:7 r2trat:6 dog:1 r2aras:1 r2bozkir:1 r2sancak:1
rr.dustbowl.normal.turkey-saudi.r0,dustbowl,normal,0,turkey,saudi,1,2,complete,draw,,tick-cap,60001,40.0,91.8,-1924061671,128,85140,35,110950,61075,r2trrifle:38 r2trat:26 r2bozkir:25 r2ege:6 r2poyraz:5 r2marmara:4 r2yildirim:4 lcrf:3 r2greywolf:3 r2sancak:3 r2deniz:2 r2gokkalkan:2 r2sahin:2 r2turna:2 dog:1 r2aras:1 r2kuzgun:1,70,66290,44,61075,110950,r2saat:17 r2sang:17 r2f15sa:10 r2m1a2s:10 r2caesar:4 r2falcon:4 r2ah64sa:3 dog:1 r2bradley:1 r2sadiq:1 r2sads:1 r2sajtac:1
rr.dustbowl.normal.saudi-israel.r0,dustbowl,normal,0,saudi,israel,1,2,complete,win,saudi,conquest,50209,33.47,83.5,-1541402715,99,75270,31,68960,45070,r2sang:26 r2saat:25 r2m1a2s:13 r2caesar:7 r2sads:6 r2sadiq:5 r2riyadh:3 lcrf:2 r2ah64sa:2 r2bradley:2 r2f15sa:2 r2falcon:2 r2jubail:2 dog:1 r2sajtac:1,35,26700,22,46020,69910,r2ilat:10 r2ilrifle:10 r2merkava:5 r2ilhowitzer:4 r2ilshield:2 dog:1 r2ilfalcon:1 r2ilgunship:1 r2namer:1
rr.dustbowl.normal.saudi-russia.r0,dustbowl,normal,0,saudi,russia,1,2,complete,win,saudi,conquest,43135,28.76,70.5,-1141578124,87,62910,27,46600,34000,r2sang:28 r2saat:19 r2m1a2s:16 r2sads:5 r2bradley:3 r2caesar:3 r2riyadh:3 r2sadiq:3 r2f15sa:2 dog:1 lcrf:1 r2ah64sa:1 r2falcon:1 r2jubail:1,32,15600,19,34000,46600,shk:10 e2:7 flakt:5 htnk:5 htk:3 ttnk:2
rr.dustbowl.normal.israel-turkey.r0,dustbowl,normal,0,israel,turkey,1,2,complete,win,turkey,conquest,42159,28.11,71.2,-1007731945,44,28820,19,37490,65880,r2ilrifle:16 r2ilat:12 r2merkava:10 dog:2 r2namer:2 r2ilhowitzer:1 r2ilshield:1,118,62775,29,65880,37490,r2trrifle:45 r2trat:27 r2bozkir:21 r2sancak:6 r2yildirim:6 dog:3 r2greywolf:3 r2aras:2 r2sahin:2 r2deniz:1 r2gokkalkan:1 r2kuzgun:1
rr.tournament-2a.normal.yemen-turkey.r0,tournament-2A,normal,0,yemen,turkey,1,2,complete,win,yemen,conquest,12766,8.51,25.8,-706713681,31,9170,12,16370,4845,r2ymr:12 r2yrpg:11 r2technical:3 r2ytechrr:3 htk:1 r2ymlr:1,5,1810,5,4845,16370,r2trrifle:2 dog:1 r2bozkir:1 r2trat:1
rr.dustbowl.normal.turkey-hezbollah.r0,dustbowl,normal,0,turkey,hezbollah,1,2,complete,win,turkey,conquest,33419,22.28,56.6,-446568057,46,25780,27,26240,16520,r2trrifle:16 r2trat:11 r2bozkir:9 r2aras:2 r2sahin:2 r2sancak:2 dog:1 r2greywolf:1 r2kuzgun:1 r2yildirim:1,21,4585,10,16520,26240,r2hzrifle:11 r2hzat:9 r2hztechnical:1
rr.dustbowl.normal.china-saudi.r0,dustbowl,normal,0,china,saudi,1,2,complete,win,saudi,conquest,56777,37.85,91.1,-434705141,62,41570,31,47450,102810,r2cnportable:17 r2cnrifle:16 r2qilin:12 r2phl:5 r2cloud:4 r2skyspear:4 r2redspear:2 r2lynx:1 r2mantis:1,117,84430,28,102810,47450,r2sang:39 r2saat:22 r2m1a2s:16 r2sadiq:9 r2caesar:5 r2sads:5 lcrf:4 r2riyadh:4 r2f15sa:3 dog:2 r2ah64sa:2 r2bradley:2 r2falcon:2 r2jubail:2
rr.dustbowl.normal.hezbollah-china.r0,dustbowl,normal,0,hezbollah,china,1,2,complete,win,hezbollah,conquest,33138,22.09,58.0,-289683037,99,33630,25,54900,19680,r2hzrifle:38 r2hzat:27 r2hzrecoilless:9 r2hztechnical:9 r2hzrockets:5 r2hzescort:4 r2hzdrone:3 htk:2 dog:1 r2hzscout:1,32,16060,21,19680,54900,r2cnrifle:13 r2cnportable:10 r2phl:3 r2cloud:2 r2zbd:2 r2mantis:1 r2qilin:1
rr.dustbowl.normal.yemen-iran.r0,dustbowl,normal,0,yemen,iran,1,2,complete,win,yemen,conquest,42173,28.12,68.9,122118877,143,57425,31,51400,36800,r2ymr:45 r2yrpg:39 r2technical:17 r2ytechrr:13 r2hodeidah:7 htk:4 r2sahaab:4 r2wadighost:4 r2mokha:3 r2ymlr:3 r2yzu:2 r2samad:1 sapc:1,49,19630,17,36800,51400,r2basij:22 r2toophan:14 r2karrar:7 htk:3 r2fajr:3
rr.tournament-2a.normal.yemen-hezbollah.r0,tournament-2A,normal,0,yemen,hezbollah,1,2,complete,win,hezbollah,conquest,39665,26.44,63.1,293071578,54,16385,17,31425,49190,r2ymr:21 r2yrpg:16 r2technical:9 r2ytechrr:5 r2ymlr:2 r2yzu:1,125,43275,33,48690,33345,r2hzrifle:45 r2hzat:35 r2hztechnical:16 r2hzrecoilless:10 r2hzrockets:5 r2hzdrone:4 htk:2 r2hzspotter:2 r2hzescort:1 r2hzmissileboat:1 r2hzscout:1 r2hzskiff:1 r2hzsurvey:1 sapc:1
rr.dustbowl.normal.turkey-israel.r0,dustbowl,normal,0,turkey,israel,1,2,complete,draw,,tick-cap,60001,40.0,110.3,477127708,102,74480,42,80480,78525,r2trrifle:26 r2bozkir:22 r2trat:22 r2yildirim:7 r2greywolf:5 r2marmara:4 r2ege:3 r2gokkalkan:3 lcrf:2 r2poyraz:2 r2sahin:2 dog:1 r2aras:1 r2sancak:1 r2turna:1,121,90470,29,79975,81930,r2ilrifle:41 r2ilat:34 r2merkava:15 r2ilshield:8 r2ilhowitzer:7 r2ilgunship:6 r2ilrecon:5 dog:2 r2ilfalcon:2 r2namer:1
rr.dustbowl.normal.hezbollah-russia.r0,dustbowl,normal,0,hezbollah,russia,1,2,complete,draw,,tick-cap,60001,40.0,113.6,813136141,164,62035,42,91550,106790,r2hzrifle:51 r2hzat:49 r2hztechnical:22 r2hzrecoilless:16 r2hzdrone:7 r2hzrockets:6 htk:5 r2hzscout:5 r2hzescort:3,362,126800,37,104320,91750,e2:171 flakt:93 shk:30 htk:14 ttnk:12 htnk:11 hyd:10 apoc:8 sqd:5 ivan:3 sapc:3 sub:1 zep:1
rr.tournament-2a.normal.china-yemen.r0,tournament-2A,normal,0,china,yemen,1,2,complete,win,yemen,conquest,17237,11.49,33.6,920588988,17,7620,9,11940,33410,r2cnrifle:6 r2cnportable:5 r2qilin:4 r2mantis:1 r2zbd:1,61,18540,17,33410,11940,r2ymr:24 r2yrpg:17 r2technical:8 r2ytechrr:6 htk:2 r2ymlr:2 dog:1 r2samad:1
rr.dustbowl.normal.china-iran.r0,dustbowl,normal,0,china,iran,1,2,complete,draw,,tick-cap,60001,40.0,89.0,1259903878,88,59920,39,56810,70370,r2cnportable:23 r2cnrifle:21 r2qilin:15 r2phl:7 r2cloud:5 r2redspear:5 r2zbd:3 r2crane:2 r2lynx:2 r2mantis:2 r2skyspear:2 dog:1,150,55610,36,70370,56810,r2basij:79 r2toophan:38 r2karrar:6 r2peykaap:5 r2fajr:4 r2raad:4 htk:3 r2coast:2 r2ghadir:2 r2loiter:2 r2mohajer:2 sapc:2 r2azar:1
rr.tournament-2a.normal.yemen-israel.r0,tournament-2A,normal,0,yemen,israel,1,2,complete,win,yemen,conquest,35662,23.77,53.7,1578555252,93,33870,28,49960,21925,r2ymr:32 r2yrpg:28 r2ytechrr:12 htk:6 r2ymlr:4 r2technical:3 r2hodeidah:2 r2sahaab:2 r2samad:2 r2mokha:1 r2wadighost:1,37,21800,14,21925,49960,r2ilat:12 r2ilrifle:10 r2ilpatrol:6 r2merkava:3 lcrf:2 r2namer:2 dog:1 r2ilhowitzer:1
rr.tournament-2a.normal.iran-russia.r0,tournament-2A,normal,0,iran,russia,1,2,complete,draw,,tick-cap,60001,40.0,86.6,1947659337,130,46220,32,54200,48680,r2basij:68 r2toophan:39 r2karrar:9 r2fajr:5 dog:2 htk:2 r2raad:2 r2azar:1 r2coast:1 r2toufan:1,54,25300,24,48590,54800,e2:18 shk:13 htnk:8 flakt:6 ttnk:5 htk:4
rr.tournament-2a.normal.iran-turkey.r0,tournament-2A,normal,0,iran,turkey,1,2,complete,win,turkey,conquest,25020,16.68,40.3,2118753432,3,990,6,8610,13560,r2toophan:2 r2basij:1,36,18725,17,13560,8610,r2trrifle:15 r2bozkir:7 r2trat:7 r2aras:2 dog:1 r2greywolf:1 r2kuzgun:1 r2sahin:1 r2yildirim:1
rr.tournament-2a.normal.saudi-turkey.r0,tournament-2A,normal,0,saudi,turkey,1,2,complete,draw,,tick-cap,60001,40.0,82.4,-2145792960,44,34550,26,68910,85910,r2sang:15 r2saat:9 r2m1a2s:7 r2ah64sa:3 r2f15sa:3 r2bradley:2 r2caesar:2 dog:1 r2falcon:1 r2sads:1,122,66875,37,85910,68910,r2trrifle:45 r2trat:32 r2bozkir:22 r2yildirim:6 r2gokkalkan:3 r2greywolf:3 r2sahin:2 r2sancak:2 r2turna:2 dog:1 r2aras:1 r2deniz:1 r2kuzgun:1 r2trdroneop:1
rr.tournament-2a.normal.russia-saudi.r0,tournament-2A,normal,0,russia,saudi,1,2,complete,win,saudi,conquest,27343,18.23,43.4,-1773760350,30,12700,12,15110,32200,e2:12 shk:9 htnk:5 htk:2 flakt:1 ttnk:1,71,42650,26,32200,15110,r2sang:30 r2saat:16 r2m1a2s:11 r2bradley:3 dog:2 r2ah64sa:2 r2caesar:2 r2f15sa:2 r2sads:2 r2sajtac:1
rr.dustbowl.normal.turkey-china.r0,dustbowl,normal,0,turkey,china,1,2,complete,win,turkey,conquest,50162,33.44,123.6,-1478774450,121,75745,32,94640,49310,r2trrifle:39 r2trat:24 r2bozkir:23 r2greywolf:5 r2poyraz:5 r2ege:4 r2sancak:3 r2yildirim:3 lcrf:2 r2deniz:2 r2gokkalkan:2 r2kuzgun:2 r2sahin:2 dog:1 r2aras:1 r2marmara:1 r2trdroneop:1 r2turna:1,54,40100,33,49310,94640,r2cnportable:14 r2qilin:12 r2cnrifle:10 r2cloud:4 r2phl:4 r2redspear:3 r2skyspear:3 r2mantis:2 r2zbd:2
rr.tournament-2a.normal.china-russia.r0,tournament-2A,normal,0,china,russia,1,2,complete,win,russia,conquest,27380,18.25,44.1,-1338621940,34,16180,18,13600,51770,r2cnrifle:14 r2cnportable:9 r2qilin:5 r2phl:3 r2lynx:2 r2cloud:1,74,30200,20,51770,13600,e2:29 shk:18 flakt:10 htnk:7 htk:4 ttnk:4 dog:1 zep:1
rr.tournament-2a.normal.hezbollah-israel.r0,tournament-2A,normal,0,hezbollah,israel,1,2,complete,draw,,tick-cap,60001,40.0,89.6,-1319666239,272,97720,33,67755,41620,r2hzrifle:107 r2hzat:66 r2hztechnical:29 r2hzrecoilless:15 r2hzmissileboat:10 r2hzdrone:8 r2hzrockets:6 r2hzspotter:5 sapc:5 dog:4 htk:4 r2hzescort:4 r2hzscout:4 r2hzskiff:3 r2hzsurvey:2,72,34370,20,40495,66630,r2ilrifle:31 r2ilat:24 dog:6 r2merkava:6 r2ilhowitzer:2 r2ilshield:2 r2namer:1
rr.dustbowl.normal.israel-china.r0,dustbowl,normal,0,israel,china,1,2,complete,draw,,tick-cap,60001,40.0,133.0,-894719775,66,51280,37,67210,80940,r2ilat:19 r2ilrifle:19 r2merkava:9 r2ilhowitzer:5 r2ilgunship:4 r2ilshield:3 dog:2 r2ilfalcon:2 r2ilobserver:1 r2ilrecon:1 r2namer:1,120,86680,32,80940,67210,r2cnrifle:34 r2cnportable:23 r2qilin:16 r2phl:7 r2mantis:5 r2redspear:5 r2skyspear:5 r2haiying:4 r2cloud:3 r2jiaolong:3 r2luyang:3 r2lynx:3 r2cnnetwork:2 r2haiwang:2 r2kunlun:2 r2zbd:2 r2crane:1
rr.dustbowl.normal.hezbollah-saudi.r0,dustbowl,normal,0,hezbollah,saudi,1,2,complete,win,hezbollah,conquest,44392,29.59,85.2,-422435353,208,67105,30,81990,41120,r2hzrifle:93 r2hzat:58 r2hztechnical:21 r2hzrecoilless:13 r2hzdrone:6 r2hzrockets:6 r2hzscout:6 dog:2 r2hzescort:2 htk:1,38,30530,27,41120,81990,r2saat:16 r2m1a2s:5 r2caesar:4 r2sang:4 dog:2 r2ah64sa:2 r2f15sa:2 r2sads:2 r2bradley:1
rr.tournament-2a.normal.saudi-yemen.r0,tournament-2A,normal,0,saudi,yemen,1,2,complete,win,saudi,conquest,12989,8.66,28.4,-241412891,13,7100,12,12425,4800,r2sang:5 r2saat:3 r2m1a2s:2 dog:1 r2bradley:1 r2caesar:1,3,570,4,4800,12425,r2ymr:2 r2yrpg:1
rr.dustbowl.normal.turkey-russia.r0,dustbowl,normal,0,turkey,russia,1,2,complete,draw,,tick-cap,60001,40.0,92.6,44298296,117,81105,38,57550,92260,r2trrifle:31 r2trat:29 r2bozkir:24 r2yildirim:10 r2greywolf:7 r2sahin:3 r2ege:2 r2marmara:2 r2poyraz:2 r2sancak:2 dog:1 lcrf:1 r2aras:1 r2gokkalkan:1 r2kuzgun:1,167,76700,31,92260,57550,e2:45 flakt:42 shk:38 htk:10 htnk:9 ttnk:8 apoc:4 hyd:4 dog:2 zep:2 sapc:1 sqd:1 sub:1
rr.tournament-2a.normal.turkey-hezbollah.r0,tournament-2A,normal,0,turkey,hezbollah,1,2,complete,win,hezbollah,conquest,17773,11.85,35.1,430573590,8,3020,8,4585,24030,r2trrifle:4 r2bozkir:2 dog:1 r2trat:1,31,9040,9,24630,5185,r2hzrifle:14 r2hzat:8 r2hztechnical:4 r2hzrecoilless:3 r2hzescort:1 r2hzrockets:1
rr.dustbowl.normal.saudi-yemen.r0,dustbowl,normal,0,saudi,yemen,1,2,complete,draw,,tick-cap,60001,40.0,87.8,435107566,56,45050,34,45660,81950,r2saat:16 r2sang:15 r2m1a2s:7 r2caesar:5 r2f15sa:4 r2ah64sa:3 r2bradley:2 r2sads:2 dog:1 r2falcon:1,151,59035,32,81950,45660,r2ymr:51 r2yrpg:46 r2ytechrr:13 r2technical:12 r2ymlr:6 htk:5 r2wadighost:5 r2hodeidah:4 r2yzu:3 r2mokha:2 r2yspot:2 r2sahaab:1 sapc:1
rr.tournament-2a.normal.hezbollah-iran.r0,tournament-2A,normal,0,hezbollah,iran,1,2,complete,win,hezbollah,conquest,17165,11.44,33.8,782388863,44,13380,14,18120,7470,r2hzrifle:18 r2hzat:13 r2hztechnical:5 r2hzrecoilless:3 r2hzdrone:2 htk:1 r2hzescort:1 r2hzrockets:1,11,3600,5,7470,18120,r2basij:5 r2toophan:4 htk:1 r2karrar:1
rr.dustbowl.normal.iran-saudi.r0,dustbowl,normal,0,iran,saudi,1,2,complete,win,iran,conquest,31514,21.01,51.9,970484414,91,43130,26,45660,19850,r2basij:37 r2toophan:23 r2karrar:7 r2fajr:5 r2ghadir:5 r2peykaap:5 r2raad:2 sapc:2 dog:1 htk:1 r2coast:1 r2dronecontrol:1 r2toufan:1,19,13100,15,19850,45660,r2m1a2s:5 r2saat:5 r2sang:5 dog:1 r2ah64sa:1 r2bradley:1 r2caesar:1
rr.tournament-2a.normal.china-iran.r0,tournament-2A,normal,0,china,iran,1,2,complete,win,iran,conquest,28927,19.28,49.2,1121921504,17,8500,12,16600,35440,r2cnportable:6 r2cnrifle:5 r2qilin:4 r2mantis:1 r2phl:1,88,34120,24,35440,16600,r2basij:43 r2toophan:24 r2karrar:8 r2fajr:6 dog:2 r2raad:2 htk:1 r2loiter:1 r2toufan:1
rr.tournament-2a.normal.america-iran.r0,tournament-2A,normal,0,america,iran,1,2,complete,win,america,conquest,38867,25.91,59.0,1315289720,90,58300,28,31260,17900,e1:36 mtnk:10 fv:8 cleg:7 jumpjet:6 mgtk:4 sref:4 shad:3 aegis:2 carrier:2 dest:2 orca:2 dlph:1 dog:1 lcrf:1 tany:1,31,12540,10,18900,32260,r2basij:11 r2toophan:11 r2karrar:4 htk:2 r2raad:2 dog:1
rr.dustbowl.normal.israel-america.r0,dustbowl,normal,0,israel,america,1,2,complete,win,america,conquest,49011,32.67,70.8,1489063588,59,41640,35,44000,98150,r2ilrifle:22 r2ilat:16 r2merkava:8 r2ilhowitzer:3 r2ilshield:3 r2ilfalcon:2 r2namer:2 dog:1 r2ilgunship:1 r2ilrecon:1,120,77400,31,98750,44600,e1:39 jumpjet:19 fv:16 mgtk:10 mtnk:10 cleg:8 sref:8 orca:4 shad:4 dog:1 tany:1
rr.tournament-2a.normal.israel-turkey.r0,tournament-2A,normal,0,israel,turkey,1,2,complete,win,turkey,conquest,40280,26.85,59.2,1611905106,26,17130,16,27570,52290,r2ilrifle:9 r2ilat:8 r2merkava:3 r2namer:2 dog:1 r2ilfalcon:1 r2ilhowitzer:1 r2ilshield:1,92,50510,29,52290,27570,r2trrifle:32 r2trat:23 r2bozkir:15 r2yildirim:5 r2sancak:3 dog:2 r2aras:2 r2deniz:2 r2greywolf:2 r2kuzgun:2 r2sahin:2 r2gokkalkan:1 r2trdroneop:1
rr.tournament-2a.normal.israel-iran.r0,tournament-2A,normal,0,israel,iran,1,2,complete,win,israel,conquest,19960,13.31,35.1,1904641027,19,12810,14,14060,4490,r2ilrifle:8 r2ilat:4 r2merkava:3 dog:1 r2ilfalcon:1 r2ilhowitzer:1 r2namer:1,3,990,6,4490,14060,r2toophan:2 r2basij:1
rr.dustbowl.normal.saudi-iran.r0,dustbowl,normal,0,saudi,iran,1,2,complete,win,saudi,conquest,58123,38.75,89.7,-2096731124,139,103140,28,86910,61950,r2sang:42 r2m1a2s:23 r2saat:23 r2sadiq:14 lcrf:7 r2caesar:6 r2sads:5 r2riyadh:4 r2ah64sa:3 r2bradley:3 r2falcon:3 r2f15sa:2 r2jubail:2 dog:1 r2sajtac:1,78,33090,26,60400,85860,r2basij:31 r2toophan:28 r2karrar:9 htk:4 r2coast:2 r2fajr:2 r2raad:1 r2toufan:1
rr.tournament-2a.normal.russia-turkey.r0,tournament-2A,normal,0,russia,turkey,1,2,complete,draw,,tick-cap,60001,40.0,90.1,-2090456927,60,29300,22,53150,39900,shk:20 flakt:12 e2:11 htk:7 ttnk:7 htnk:3,93,58190,34,39900,53150,r2trrifle:28 r2trat:18 r2bozkir:13 r2kuzgun:8 r2poyraz:7 r2ege:5 r2yildirim:4 lcrf:3 r2sahin:2 dog:1 r2aras:1 r2marmara:1 r2sancak:1 r2turna:1
rr.dustbowl.normal.iran-russia.r0,dustbowl,normal,0,iran,russia,1,2,complete,win,iran,conquest,51119,34.08,80.0,-2040882050,134,64730,33,38800,43380,r2basij:52 r2toophan:38 r2karrar:10 r2fajr:6 r2ghadir:6 r2peykaap:6 r2coast:4 r2raad:4 sapc:3 htk:2 dog:1 r2loiter:1 r2toufan:1,24,11000,14,42380,37800,e2:8 shk:8 htnk:3 flakt:2 ttnk:2 htk:1
rr.tournament-2a.normal.america-turkey.r0,tournament-2A,normal,0,america,turkey,1,2,complete,win,turkey,conquest,46189,30.79,71.1,-1234546401,39,22100,20,47025,60950,e1:15 mtnk:8 fv:5 jumpjet:3 aegis:2 orca:2 dest:1 lcrf:1 shad:1 tany:1,90,49605,37,60950,47025,r2trrifle:31 r2trat:23 r2bozkir:15 r2sancak:3 dog:2 r2aras:2 r2gokkalkan:2 r2greywolf:2 r2kuzgun:2 r2sahin:2 r2yildirim:2 lcrf:1 r2ege:1 r2poyraz:1 r2turna:1
rr.dustbowl.normal.yemen-russia.r0,dustbowl,normal,0,yemen,russia,1,2,complete,draw,,tick-cap,60001,40.0,110.8,-1196436074,173,66780,43,79900,101195,r2yrpg:58 r2ymr:48 r2technical:21 r2ytechrr:15 r2ymlr:6 r2hodeidah:5 htk:4 r2sahaab:4 r2wadighost:4 r2yzu:3 r2mokha:2 r2yspot:2 sapc:1,260,106850,34,99945,80250,e2:92 flakt:71 shk:38 htk:12 htnk:12 ttnk:10 hyd:8 apoc:7 sqd:4 sapc:3 dog:2 zep:1
rr.dustbowl.normal.america-hezbollah.r0,dustbowl,normal,0,america,hezbollah,1,2,complete,draw,,tick-cap,60001,40.0,116.9,-1185641075,161,108800,27,102045,52200,e1:58 mtnk:18 fv:16 jumpjet:12 sref:9 cleg:7 mgtk:7 carrier:6 aegis:5 orca:5 shad:5 dest:4 dlph:3 tany:3 lcrf:2 dog:1,145,48840,33,53200,103945,r2hzrifle:54 r2hzat:37 r2hztechnical:21 r2hzrecoilless:12 r2hzrockets:8 r2hzescort:5 htk:4 r2hzdrone:2 dog:1 r2hzscout:1
rr.dustbowl.normal.israel-yemen.r0,dustbowl,normal,0,israel,yemen,1,2,complete,win,yemen,conquest,20322,13.55,39.9,-524199115,13,6300,9,7980,31210,r2ilat:5 r2ilrifle:5 dog:1 r2merkava:1 r2namer:1,42,13240,16,31760,8530,r2yrpg:15 r2ymr:14 r2ytechrr:5 r2technical:4 htk:2 r2ymlr:1 r2yzu:1
rr.tournament-2a.normal.israel-america.r0,tournament-2A,normal,0,israel,america,1,2,complete,win,america,conquest,17679,11.79,31.5,-123790679,8,4240,8,8100,27150,r2ilat:3 r2ilrifle:2 r2namer:2 dog:1,32,14600,17,27150,8100,e1:17 mtnk:6 fv:4 jumpjet:2 orca:2 shad:1
rr.dustbowl.normal.israel-saudi.r0,dustbowl,normal,0,israel,saudi,1,2,complete,win,saudi,conquest,40371,26.91,63.2,-89634747,24,18690,19,31720,56050,r2ilat:7 r2ilrifle:7 r2merkava:5 dog:1 r2ilfalcon:1 r2ilgunship:1 r2ilhowitzer:1 r2namer:1,87,59840,28,56050,31720,r2sang:32 r2saat:19 r2m1a2s:13 r2caesar:5 r2sads:3 r2ah64sa:2 r2bradley:2 r2f15sa:2 r2riyadh:2 r2sadiq:2 dog:1 lcrf:1 r2falcon:1 r2jubail:1 r2sajtac:1
rr.dustbowl.normal.hezbollah-iran.r0,dustbowl,normal,0,hezbollah,iran,1,2,complete,win,hezbollah,conquest,45159,30.11,68.2,-16755263,130,43575,31,44000,27535,r2hzrifle:55 r2hzat:32 r2hztechnical:15 r2hzrecoilless:11 r2hzdrone:5 r2hzscout:4 dog:2 htk:2 r2hzescort:2 r2hzrockets:2,40,14580,16,27535,44000,r2basij:17 r2toophan:16 r2karrar:3 htk:2 r2fajr:1 r2raad:1
rr.tournament-2a.normal.israel-russia.r0,tournament-2A,normal,0,israel,russia,1,2,complete,win,russia,conquest,28809,19.21,49.8,191708258,27,16320,18,21800,44580,r2ilrifle:11 r2ilat:7 r2merkava:4 r2namer:3 dog:1 r2ilhowitzer:1,84,35800,23,44580,21800,e2:30 shk:18 flakt:14 htnk:7 ttnk:7 htk:5 dog:2 zep:1
rr.tournament-2a.normal.america-hezbollah.r0,tournament-2A,normal,0,america,hezbollah,1,2,complete,win,america,conquest,33285,22.19,53.6,544590471,97,53500,27,44655,31300,e1:46 mtnk:14 fv:9 cleg:7 jumpjet:7 mgtk:4 sref:4 orca:2 shad:2 dog:1 tany:1,49,15300,18,31300,44655,r2hzrifle:20 r2hzat:10 r2hztechnical:9 r2hzrecoilless:6 htk:1 r2hzdrone:1 r2hzescort:1 r2hzrockets:1
rr.dustbowl.normal.yemen-america.r0,dustbowl,normal,0,yemen,america,1,2,complete,draw,,tick-cap,60001,40.0,103.8,667678118,107,37985,30,65300,84190,r2yrpg:40 r2ymr:31 r2ytechrr:18 r2ymlr:6 r2yzu:6 htk:5 r2technical:1,158,107700,25,84190,65300,e1:42 jumpjet:32 fv:19 mgtk:12 mtnk:12 shad:10 cleg:9 orca:9 sref:9 tany:3 dog:1
rr.dustbowl.normal.russia-turkey.r0,dustbowl,normal,0,russia,turkey,1,2,complete,win,russia,conquest,47577,31.72,77.0,691366077,122,50300,26,81170,25150,e2:40 shk:32 flakt:24 htk:8 htnk:8 ttnk:5 apoc:2 dog:2 zep:1,55,31960,27,25150,81170,r2trrifle:22 r2bozkir:11 r2trat:10 r2yildirim:4 r2greywolf:2 r2sahin:2 dog:1 r2aras:1 r2gokkalkan:1 r2sancak:1
rr.dustbowl.normal.america-china.r0,dustbowl,normal,0,america,china,1,2,complete,win,america,conquest,50405,33.6,86.4,1082617363,115,76300,26,72960,40600,e1:35 jumpjet:16 mtnk:15 fv:12 cleg:8 shad:8 sref:7 orca:6 mgtk:4 dog:2 tany:2,44,29120,25,40600,72960,r2cnportable:11 r2cnrifle:11 r2qilin:9 r2mantis:5 r2phl:2 r2redspear:2 r2skyspear:2 r2cloud:1 r2lynx:1
rr.dustbowl.normal.hezbollah-america.r0,dustbowl,normal,0,hezbollah,america,1,2,complete,win,hezbollah,conquest,13746,9.16,32.2,1460933796,43,13380,14,25700,5100,r2hzrifle:18 r2hzat:14 r2hzrecoilless:3 r2hzdrone:2 r2hzrockets:2 r2hztechnical:2 htk:1 r2hzescort:1,11,3600,9,5100,25700,e1:8 mtnk:2 fv:1
rr.dustbowl.normal.china-hezbollah.r0,dustbowl,normal,0,china,hezbollah,1,2,complete,win,hezbollah,conquest,52319,34.88,80.9,1704696717,67,43680,36,34005,108620,r2cnportable:19 r2cnrifle:19 r2qilin:12 r2phl:7 r2cloud:4 r2redspear:3 r2skyspear:2 r2zbd:1,152,49080,32,109020,34405,r2hzrifle:58 r2hzat:45 r2hztechnical:19 r2hzrecoilless:10 r2hzescort:5 r2hzdrone:4 r2hzrockets:4 dog:2 r2hzscout:2 r2hzspotter:2 htk:1
rr.dustbowl.normal.turkey-yemen.r0,dustbowl,normal,0,turkey,yemen,1,2,complete,win,yemen,conquest,37525,25.02,64.2,1782812593,53,24610,28,34530,72370,r2trrifle:22 r2trat:13 r2bozkir:8 r2yildirim:3 r2aras:2 r2kuzgun:2 r2sancak:2 dog:1,143,50730,33,72370,34530,r2ymr:48 r2yrpg:44 r2ytechrr:19 r2technical:8 r2ymlr:5 r2yzu:5 r2sahaab:3 dog:2 htk:2 r2samad:2 r2wadighost:2 r2hodeidah:1 r2mokha:1 sapc:1
rr.tournament-2a.normal.russia-yemen.r0,tournament-2A,normal,0,russia,yemen,1,2,complete,draw,,tick-cap,60001,40.0,91.5,1949293458,69,30000,25,60780,40400,e2:24 shk:17 flakt:10 htnk:9 ttnk:5 htk:4,95,42045,30,40400,60780,r2ymr:27 r2yrpg:25 r2technical:15 r2ytechrr:11 r2wadighost:7 r2ymlr:6 r2yzu:2 dog:1 htk:1
rr.dustbowl.normal.russia-israel.r0,dustbowl,normal,0,russia,israel,1,2,complete,win,russia,conquest,19901,13.27,37.0,-1865005893,38,16300,15,24950,8000,e2:16 shk:9 flakt:4 htnk:4 htk:2 ttnk:2 zep:1,8,4640,7,8000,24950,r2ilat:3 r2ilrifle:2 dog:1 r2merkava:1 r2namer:1
rr.tournament-2a.normal.yemen-saudi.r0,tournament-2A,normal,0,yemen,saudi,1,2,complete,draw,,tick-cap,60001,40.0,87.2,-1778659639,66,22915,25,64060,47970,r2yrpg:23 r2ymr:19 r2technical:10 r2ytechrr:8 htk:2 r2ymlr:2 r2wadighost:1 r2yzu:1,78,61700,34,47970,64060,r2sang:25 r2saat:18 r2m1a2s:13 r2f15sa:5 r2ah64sa:4 r2caesar:4 r2falcon:2 r2sadiq:2 r2sads:2 dog:1 r2bradley:1 r2riyadh:1
rr.tournament-2a.normal.russia-iran.r0,tournament-2A,normal,0,russia,iran,1,2,complete,win,iran,conquest,31756,21.17,50.3,-1496889567,26,12900,15,24180,39400,shk:11 flakt:4 e2:3 htk:3 htnk:2 ttnk:2 dog:1,109,42140,26,39400,24180,r2basij:51 r2toophan:32 r2karrar:11 r2fajr:3 r2raad:3 dog:2 htk:2 r2dronecontrol:2 r2toufan:2 r2coast:1
rr.dustbowl.normal.america-saudi.r0,dustbowl,normal,0,america,saudi,1,2,complete,win,america,conquest,32595,21.73,53.7,-1432477275,88,50600,23,50970,19400,e1:39 fv:12 mtnk:12 cleg:6 mgtk:5 sref:4 jumpjet:3 shad:3 orca:2 dog:1 tany:1,26,16010,16,19400,50970,r2sang:8 r2saat:7 r2m1a2s:5 r2bradley:2 r2sads:2 dog:1 r2caesar:1
rr.tournament-2a.normal.russia-china.r0,tournament-2A,normal,0,russia,china,1,2,complete,win,russia,conquest,24602,16.4,42.0,-993351839,42,18600,15,32400,4900,shk:12 e2:11 flakt:7 htk:4 htnk:4 ttnk:3 dog:1,18,7310,12,4900,32400,r2cnrifle:8 r2cnportable:5 dog:1 r2lynx:1 r2mantis:1 r2phl:1 r2qilin:1
rr.tournament-2a.normal.yemen-china.r0,tournament-2A,normal,0,yemen,china,1,2,complete,win,yemen,conquest,21178,14.12,35.7,-905360141,76,22875,18,35750,11710,r2ymr:30 r2yrpg:23 r2technical:11 r2ytechrr:6 r2ymlr:2 r2yzu:2 r2samad:1 r2yspot:1,22,10560,11,11710,35750,r2cnrifle:8 r2cnportable:5 r2qilin:5 r2lynx:2 r2cloud:1 r2phl:1
rr.tournament-2a.normal.yemen-america.r0,tournament-2A,normal,0,yemen,america,1,2,complete,win,america,conquest,44707,29.8,64.7,-893609214,92,24965,28,32500,74970,r2ymr:39 r2yrpg:35 r2technical:5 r2ytechrr:4 dog:3 r2ymlr:3 r2yzu:2 htk:1,112,67600,24,74270,32700,e1:45 fv:14 mtnk:14 jumpjet:9 cleg:8 mgtk:6 sref:6 shad:4 orca:3 tany:2 dog:1
rr.dustbowl.normal.america-iran.r0,dustbowl,normal,0,america,iran,1,2,complete,win,america,conquest,43960,29.31,74.2,-569452987,111,69300,28,51050,29700,e1:44 mtnk:13 fv:11 jumpjet:8 shad:6 sref:6 cleg:5 aegis:3 carrier:3 dest:2 dlph:2 dog:2 mgtk:2 orca:2 lcrf:1 tany:1,45,18580,20,29700,51050,r2toophan:19 r2basij:17 r2karrar:4 r2fajr:2 r2raad:2 htk:1
rr.dustbowl.normal.iran-hezbollah.r0,dustbowl,normal,0,iran,hezbollah,1,2,complete,draw,,tick-cap,60001,40.0,97.6,-550419211,200,72190,49,87530,109940,r2basij:101 r2toophan:69 r2fajr:8 r2karrar:6 r2raad:4 r2coast:2 r2mohajer:2 r2peykaap:2 r2toufan:2 dog:1 htk:1 r2azar:1 r2loiter:1,293,102230,34,109160,87740,r2hzrifle:118 r2hzat:80 r2hztechnical:35 r2hzrecoilless:17 r2hzscout:11 r2hzrockets:9 r2hzdrone:7 r2hzescort:7 htk:6 dog:3
rr.tournament-2a.normal.turkey-saudi.r0,tournament-2A,normal,0,turkey,saudi,1,2,complete,win,saudi,conquest,13480,8.99,27.4,-247960353,2,600,5,3670,12910,dog:1 r2trat:1,18,10750,13,12910,3670,r2saat:6 r2sang:5 r2m1a2s:3 dog:1 r2bradley:1 r2caesar:1 r2sads:1
rr.dustbowl.normal.russia-yemen.r0,dustbowl,normal,0,russia,yemen,1,2,complete,draw,,tick-cap,60001,40.0,97.4,26992792,287,102700,42,104170,91300,e2:130 flakt:70 shk:30 ttnk:15 htk:14 htnk:14 hyd:6 apoc:2 sapc:2 yuri:2 sqd:1 zep:1,221,89715,45,89900,103770,r2ymr:69 r2yrpg:57 r2technical:27 r2ytechrr:19 r2hodeidah:14 htk:8 r2sahaab:7 r2mokha:5 r2wadighost:5 r2ymlr:5 r2yzu:4 sapc:1
rr.tournament-2a.normal.hezbollah-saudi.r0,tournament-2A,normal,0,hezbollah,saudi,1,2,complete,win,saudi,conquest,42486,28.32,72.6,170397206,30,8570,12,29130,30925,r2hzrifle:12 r2hzat:9 r2hztechnical:5 r2hzrecoilless:3 r2hzescort:1,71,52350,29,30925,29130,r2sang:25 r2saat:16 r2m1a2s:10 r2f15sa:5 r2ah64sa:4 dog:3 r2caesar:3 r2bradley:2 r2sads:2 r2falcon:1
rr.dustbowl.normal.iran-israel.r0,dustbowl,normal,0,iran,israel,1,2,complete,win,israel,conquest,49747,33.16,77.8,426689487,100,38790,26,49060,87710,r2basij:51 r2toophan:26 r2karrar:8 r2fajr:4 r2peykaap:3 r2raad:3 sapc:2 r2ghadir:1 r2mohajer:1 r2toufan:1,124,83860,29,86820,54060,r2ilrifle:53 r2ilat:28 r2merkava:18 r2ilhowitzer:7 r2ilshield:5 r2ilgunship:4 dog:2 r2ilfalcon:2 r2ilrecon:2 r2namer:2 r2ilobserver:1
rr.dustbowl.normal.iran-china.r0,dustbowl,normal,0,iran,china,1,2,complete,win,iran,conquest,54805,36.54,85.5,898151618,201,86490,31,118230,48240,r2basij:86 r2toophan:54 r2karrar:12 r2peykaap:10 htk:7 r2ghadir:7 r2fajr:5 r2dronecontrol:4 sapc:4 r2coast:3 r2raad:3 r2mohajer:2 dog:1 r2azar:1 r2loiter:1 r2toufan:1,74,43940,41,47240,117230,r2cnrifle:22 r2cnportable:19 r2qilin:17 r2phl:6 r2cloud:4 r2lynx:2 r2skyspear:2 r2crane:1 r2redspear:1
rr.tournament-2a.normal.yemen-iran.r1,tournament-2A,normal,1,yemen,iran,1,2,complete,win,yemen,conquest,38822,25.88,60.4,1004696171,140,47300,28,58890,32420,r2ymr:50 r2yrpg:43 r2technical:19 r2ytechrr:12 r2ymlr:5 r2yzu:4 r2wadighost:3 dog:2 htk:1 r2samad:1,59,18570,22,32420,58890,r2basij:33 r2toophan:18 r2karrar:4 r2fajr:2 htk:1 r2raad:1
rr.tournament-2a.normal.israel-saudi.r1,tournament-2A,normal,1,israel,saudi,1,2,complete,win,saudi,conquest,14508,9.67,28.7,1205257499,2,720,5,3420,15030,r2ilat:1 r2ilrifle:1,13,7700,12,15030,3420,r2sang:5 r2m1a2s:3 r2saat:2 dog:1 r2bradley:1 r2caesar:1
rr.tournament-2a.normal.russia-turkey.r1,tournament-2A,normal,1,russia,turkey,1,2,complete,win,russia,conquest,35827,23.88,54.5,1493971077,54,21950,20,46105,22500,e2:21 shk:15 flakt:8 htk:4 htnk:2 ttnk:2 apoc:1 zep:1,29,17295,14,22500,46105,r2trrifle:9 r2trat:7 r2bozkir:6 r2yildirim:2 dog:1 r2aras:1 r2greywolf:1 r2sahin:1 r2sancak:1
rr.tournament-2a.normal.iran-israel.r1,tournament-2A,normal,1,iran,israel,1,2,complete,draw,,tick-cap,60001,40.0,88.6,1607811060,78,28110,26,49000,38870,r2basij:44 r2toophan:17 r2karrar:9 r2fajr:3 r2raad:3 htk:1 r2toufan:1,20,14540,18,38870,49000,r2ilrifle:7 r2merkava:5 r2ilat:4 r2ilhowitzer:2 dog:1 r2namer:1
rr.dustbowl.normal.yemen-america.r1,dustbowl,normal,1,yemen,america,1,2,complete,win,america,conquest,41137,27.42,64.8,1754983754,57,18385,17,24200,57590,r2ymr:21 r2yrpg:19 r2ytechrr:5 r2technical:4 r2ymlr:3 r2yzu:3 htk:2,105,63000,23,57090,25200,e1:42 fv:15 mtnk:14 cleg:8 jumpjet:7 mgtk:7 sref:5 orca:2 shad:2 tany:2 dog:1
rr.dustbowl.normal.israel-turkey.r1,dustbowl,normal,1,israel,turkey,1,2,complete,win,israel,conquest,51445,34.3,77.7,2038743509,114,77550,27,91170,47360,r2ilrifle:50 r2ilat:23 r2merkava:17 r2ilhowitzer:7 r2ilshield:5 r2ilgunship:3 dog:2 r2ilfalcon:2 r2ilrecon:2 r2namer:2 r2ilobserver:1,66,34060,32,46310,90120,r2trrifle:22 r2trat:18 r2bozkir:14 r2yildirim:4 r2gokkalkan:3 r2aras:2 r2sancak:2 dog:1
rr.tournament-2a.normal.turkey-russia.r1,tournament-2A,normal,1,turkey,russia,1,2,complete,win,russia,conquest,39605,26.4,62.6,-1890840848,65,32660,6,34200,47270,r2trrifle:22 r2bozkir:17 r2trat:14 r2aras:6 r2sancak:5 dog:1,72,29800,9,47270,34200,e2:26 shk:22 htnk:12 htk:10 dog:2
rr.tournament-2a.normal.turkey-saudi.r1,tournament-2A,normal,1,turkey,saudi,1,2,complete,win,saudi,conquest,17704,11.8,32.4,-1797981244,14,6375,8,6650,27735,r2trrifle:5 r2bozkir:3 r2trat:3 dog:1 r2aras:1 r2sancak:1,36,17920,15,28235,7150,r2sang:16 r2saat:9 r2m1a2s:5 dog:2 r2bradley:2 r2caesar:1 r2sads:1
rr.tournament-2a.normal.iran-yemen.r1,tournament-2A,normal,1,iran,yemen,1,2,complete,win,yemen,conquest,29200,19.47,46.1,-1476618306,48,15560,15,15915,43930,r2basij:24 r2toophan:16 r2karrar:4 htk:3 r2fajr:1,84,26615,22,43930,15915,r2ymr:29 r2yrpg:25 r2technical:13 r2ytechrr:8 htk:3 r2samad:3 r2ymlr:2 dog:1
rr.tournament-2a.normal.china-israel.r1,tournament-2A,normal,1,china,israel,1,2,complete,draw,,tick-cap,60001,40.0,84.0,-1471720013,76,54900,33,59930,71550,r2cnrifle:20 r2cnportable:18 r2phl:6 r2qilin:6 r2haiying:5 r2cloud:4 r2luyang:4 r2haiwang:2 r2lynx:2 r2mantis:2 r2skyspear:2 r2cnnetwork:1 r2crane:1 r2jiaolong:1 r2kunlun:1 r2redspear:1,47,41080,33,71100,59480,r2ilat:13 r2ilrifle:9 r2merkava:8 r2ilhowitzer:4 r2ilshield:3 dog:2 r2ilfalcon:2 r2ilgunship:2 r2namer:2 r2ilpatrol:1 r2ilrecon:1
rr.tournament-2a.normal.russia-iran.r1,tournament-2A,normal,1,russia,iran,1,2,complete,win,russia,conquest,28913,19.28,47.3,-1263623232,63,27100,21,39670,17600,e2:22 shk:15 flakt:10 htnk:7 htk:5 ttnk:3 zep:1,34,15100,13,17600,39670,r2toophan:15 r2basij:10 r2karrar:4 r2raad:2 dog:1 r2dronecontrol:1 r2fajr:1
rr.dustbowl.normal.iran-hezbollah.r1,dustbowl,normal,1,iran,hezbollah,1,2,complete,win,hezbollah,conquest,37137,24.76,67.3,-1015189521,58,25930,23,34810,62350,r2basij:22 r2toophan:21 r2karrar:8 r2fajr:4 r2raad:2 htk:1,137,44950,29,62350,34810,r2hzrifle:50 r2hzat:40 r2hztechnical:18 r2hzrecoilless:13 r2hzdrone:5 r2hzescort:4 r2hzrockets:4 dog:1 htk:1 r2hzscout:1
rr.tournament-2a.normal.israel-russia.r1,tournament-2A,normal,1,israel,russia,1,2,complete,win,russia,conquest,26368,17.58,42.7,-790549014,9,4580,7,11600,26090,r2ilrifle:4 r2ilat:2 dog:1 r2merkava:1 r2namer:1,62,22600,21,26090,11600,e2:25 shk:14 flakt:11 htnk:5 htk:3 ttnk:3 dog:1
rr.dustbowl.normal.israel-saudi.r1,dustbowl,normal,1,israel,saudi,1,2,complete,win,israel,conquest,32447,21.63,80.8,-632332176,59,37600,27,44820,17190,r2ilrifle:25 r2ilat:14 r2merkava:8 r2ilhowitzer:4 dog:2 r2ilshield:2 r2namer:2 r2ilfalcon:1 r2ilgunship:1,23,16660,14,17190,44820,r2sang:8 r2m1a2s:4 r2saat:4 r2caesar:2 dog:1 r2ah64sa:1 r2bradley:1 r2f15sa:1 r2sads:1
rr.tournament-2a.normal.saudi-turkey.r1,tournament-2A,normal,1,saudi,turkey,1,2,complete,draw,,tick-cap,60001,40.0,88.0,-362988445,57,44390,32,69325,47880,r2sang:17 r2saat:11 r2m1a2s:9 r2caesar:4 r2sadiq:4 r2f15sa:2 r2falcon:2 r2riyadh:2 r2sads:2 dog:1 lcrf:1 r2ah64sa:1 r2bradley:1,62,37865,23,46830,68275,r2bozkir:22 r2trrifle:13 r2trat:12 r2aras:5 r2sancak:5 dog:2 r2yildirim:2 r2gokkalkan:1
rr.dustbowl.normal.saudi-russia.r1,dustbowl,normal,1,saudi,russia,1,2,complete,draw,,tick-cap,60001,40.0,128.4,-340136211,56,52900,35,47400,106060,r2saat:18 r2sang:10 r2caesar:6 r2f15sa:6 r2m1a2s:6 r2ah64sa:5 r2falcon:2 dog:1 r2bradley:1 r2sads:1,206,76700,29,106060,47400,e2:94 flakt:48 shk:21 htk:10 htnk:9 ttnk:8 hyd:5 apoc:4 sapc:2 sub:2 yuri:2 zep:1
rr.tournament-2a.normal.hezbollah-china.r1,tournament-2A,normal,1,hezbollah,china,1,2,complete,win,hezbollah,conquest,57926,38.62,84.5,178211833,248,95170,37,96000,47475,r2hzrifle:92 r2hzat:62 r2hztechnical:26 r2hzrecoilless:17 r2hzmissileboat:13 htk:5 r2hzdrone:5 r2hzrockets:5 r2hzscout:5 sapc:5 r2hzescort:3 r2hzskiff:3 r2hzsurvey:3 dog:2 r2hzspotter:2,68,38160,30,44020,96000,r2cnrifle:23 r2cnportable:17 r2qilin:12 r2phl:5 r2cloud:4 r2mantis:2 r2skyspear:2 dog:1 r2crane:1 r2zbd:1
rr.tournament-2a.normal.yemen-china.r1,tournament-2A,normal,1,yemen,china,1,2,complete,win,china,conquest,23666,15.78,42.2,517003263,14,3695,5,11340,18150,r2ymr:7 r2yrpg:4 r2technical:1 r2ytechrr:1 r2yzu:1,37,20710,19,18150,11340,r2cnrifle:13 r2cnportable:9 r2qilin:7 r2phl:2 r2cloud:1 r2lynx:1 r2mantis:1 r2redspear:1 r2skyspear:1 r2zbd:1
rr.dustbowl.normal.china-russia.r1,dustbowl,normal,1,china,russia,1,2,complete,win,russia,conquest,54166,36.11,133.5,-1404756680,111,70450,32,45900,128140,r2cnrifle:35 r2cnportable:25 r2qilin:19 r2phl:6 r2cloud:5 r2lynx:3 r2mantis:3 r2skyspear:3 r2haiwang:2 r2haiying:2 r2luyang:2 r2redspear:2 r2crane:1 r2jiaolong:1 r2kunlun:1 r2zbd:1,167,65700,34,125740,43500,e2:74 flakt:37 shk:22 ttnk:8 htk:7 apoc:6 htnk:5 dog:2 hyd:2 zep:2 sapc:1 sub:1
rr.dustbowl.normal.saudi-turkey.r1,dustbowl,normal,1,saudi,turkey,1,2,complete,draw,,tick-cap,60001,40.0,137.4,-1411667739,95,80290,49,78955,106250,r2sang:27 r2saat:19 r2m1a2s:17 r2caesar:9 r2f15sa:8 r2sads:6 r2falcon:3 dog:2 r2ah64sa:2 r2bradley:1 r2sadiq:1,123,86910,33,106250,78955,r2trrifle:32 r2trat:27 r2bozkir:25 r2ege:6 r2greywolf:5 r2sahin:5 r2yildirim:5 r2poyraz:4 r2aras:3 r2gokkalkan:3 lcrf:2 r2marmara:2 r2turna:2 dog:1 r2sancak:1
rr.tournament-2a.normal.america-turkey.r1,tournament-2A,normal,1,america,turkey,1,2,complete,win,america,conquest,36301,24.2,56.0,-1400881605,64,45200,27,53650,17300,e1:22 mtnk:9 fv:6 jumpjet:4 aegis:3 carrier:3 cleg:3 mgtk:3 orca:3 dest:2 sref:2 dlph:1 lcrf:1 shad:1 tany:1,80,27040,17,19300,55650,r2trrifle:38 r2trat:28 r2bozkir:5 dog:4 r2aras:2 r2yildirim:2 r2gokkalkan:1
rr.dustbowl.normal.china-israel.r1,dustbowl,normal,1,china,israel,1,2,complete,win,china,conquest,15031,10.02,30.7,766862853,30,15410,12,18480,6750,r2cnrifle:13 r2cnportable:6 r2qilin:3 dog:1 r2cloud:1 r2lynx:1 r2mantis:1 r2phl:1 r2redspear:1 r2skyspear:1 r2zbd:1,4,2370,5,6750,18480,dog:1 r2ilat:1 r2ilrifle:1 r2merkava:1
rr.dustbowl.normal.turkey-israel.r1,dustbowl,normal,1,turkey,israel,1,2,complete,draw,,tick-cap,60001,40.0,87.6,772974964,92,65330,44,76930,76575,r2trrifle:26 r2trat:22 r2bozkir:16 r2yildirim:7 r2greywolf:6 r2sahin:5 r2gokkalkan:2 r2turna:2 dog:1 lcrf:1 r2ege:1 r2kuzgun:1 r2poyraz:1 r2sancak:1,106,82310,27,76575,76930,r2ilrifle:38 r2ilat:25 r2merkava:17 r2ilgunship:6 r2ilhowitzer:6 r2ilshield:5 r2ilrecon:4 r2ilfalcon:2 dog:1 r2ilobserver:1 r2namer:1
rr.dustbowl.normal.iran-saudi.r1,dustbowl,normal,1,iran,saudi,1,2,complete,draw,,tick-cap,60001,40.0,88.9,761813223,185,73350,37,91560,76560,r2basij:85 r2toophan:52 r2karrar:10 r2peykaap:10 r2fajr:7 htk:5 r2ghadir:4 r2coast:2 r2dronecontrol:2 r2loiter:2 sapc:2 dog:1 r2mohajer:1 r2raad:1 r2toufan:1,87,75100,44,76560,91560,r2sang:25 r2saat:21 r2m1a2s:13 r2f15sa:8 r2ah64sa:6 r2caesar:6 r2falcon:3 r2sads:2 dog:1 r2bradley:1 r2sadiq:1
rr.tournament-2a.normal.america-china.r1,tournament-2A,normal,1,america,china,1,2,complete,win,america,conquest,46218,30.81,74.2,1077322695,99,65800,31,74670,40000,e1:36 mtnk:15 fv:11 dest:8 aegis:4 cleg:4 carrier:3 jumpjet:3 mgtk:3 sref:3 dlph:2 orca:2 shad:2 tany:2 lcrf:1,58,30980,29,40950,75620,r2cnrifle:19 r2cnportable:15 r2qilin:10 r2mantis:3 r2cloud:2 r2lynx:2 r2phl:2 r2redspear:2 r2zbd:2 dog:1
rr.dustbowl.normal.america-saudi.r1,dustbowl,normal,1,america,saudi,1,2,complete,draw,,tick-cap,60001,40.0,95.1,1650653328,101,75500,32,86490,73500,e1:23 jumpjet:19 orca:13 fv:12 mtnk:8 sref:8 cleg:7 shad:5 mgtk:4 tany:2,98,81610,40,74550,87540,r2saat:31 r2sang:23 r2m1a2s:12 r2caesar:7 r2sads:7 r2ah64sa:6 r2f15sa:5 r2falcon:5 dog:1 r2bradley:1
rr.tournament-2a.normal.china-hezbollah.r1,tournament-2A,normal,1,china,hezbollah,1,2,complete,draw,,tick-cap,60001,40.0,86.7,1655178272,127,80410,37,72935,81080,r2cnrifle:38 r2cnportable:30 r2qilin:22 r2phl:7 r2redspear:5 r2haiying:4 r2cloud:3 r2lynx:3 r2mantis:3 r2jiaolong:2 r2luyang:2 r2skyspear:2 r2zbd:2 dog:1 r2crane:1 r2haiwang:1 r2kunlun:1,99,37665,27,81080,73235,r2hzat:30 r2hzrifle:29 r2hzrecoilless:8 r2hztechnical:8 r2hzskiff:5 r2hzdrone:4 htk:3 r2hzrockets:3 r2hzescort:2 r2hzmissileboat:2 r2hzsurvey:2 sapc:2 r2hzscout:1
rr.dustbowl.normal.hezbollah-saudi.r1,dustbowl,normal,1,hezbollah,saudi,1,2,complete,win,hezbollah,conquest,51733,34.49,87.0,1821974489,274,92800,31,123920,60935,r2hzrifle:110 r2hzat:87 r2hztechnical:18 r2hzrecoilless:17 r2hzdrone:10 r2hzrockets:10 r2hzscout:8 htk:7 dog:4 r2hzescort:3,73,51560,42,60935,123920,r2saat:25 r2sang:18 r2m1a2s:10 r2caesar:7 r2sads:7 r2bradley:2 r2f15sa:2 dog:1 r2ah64sa:1
rr.dustbowl.normal.russia-israel.r1,dustbowl,normal,1,russia,israel,1,2,complete,win,russia,conquest,36462,24.31,67.4,-1770943700,102,48850,25,57130,25850,e2:27 shk:24 flakt:23 htk:6 ttnk:6 htnk:5 hyd:3 ivan:2 zep:2 apoc:1 sapc:1 sqd:1 sub:1,33,20070,18,25850,57130,r2ilat:12 r2ilrifle:11 r2merkava:4 r2ilhowitzer:2 r2namer:2 dog:1 r2ilshield:1
rr.dustbowl.normal.russia-iran.r1,dustbowl,normal,1,russia,iran,1,2,complete,draw,,tick-cap,60001,40.0,104.2,-1693032890,117,48900,29,81790,62500,flakt:38 shk:32 e2:26 htk:8 ttnk:7 htnk:5 zep:1,261,98250,42,63000,82290,r2basij:135 r2toophan:65 r2karrar:16 r2fajr:8 r2dronecontrol:6 htk:5 r2ghadir:5 r2peykaap:5 r2toufan:3 dog:2 r2azar:2 r2coast:2 r2mohajer:2 r2raad:2 sapc:2 r2loiter:1
rr.dustbowl.normal.turkey-hezbollah.r1,dustbowl,normal,1,turkey,hezbollah,1,2,complete,win,hezbollah,conquest,53901,35.93,98.3,-1603502755,104,54545,46,62655,129105,r2trrifle:39 r2trat:27 r2bozkir:16 r2yildirim:7 r2aras:3 r2kuzgun:3 r2sancak:3 dog:2 r2sahin:2 r2greywolf:1 r2turna:1,274,92125,31,129105,62655,r2hzrifle:115 r2hzat:70 r2hztechnical:28 r2hzrecoilless:18 r2hzescort:8 r2hzrockets:8 r2hzdrone:7 r2hzscout:7 r2hzspotter:6 htk:5 dog:2
rr.dustbowl.normal.russia-saudi.r1,dustbowl,normal,1,russia,saudi,1,2,complete,win,russia,conquest,16633,11.09,34.3,-1096789390,37,15500,14,13880,7200,e2:14 shk:9 htnk:5 flakt:4 htk:3 ttnk:2,3,920,4,7200,13880,dog:1 r2saat:1 r2sang:1
rr.tournament-2a.normal.hezbollah-iran.r1,tournament-2A,normal,1,hezbollah,iran,1,2,complete,win,hezbollah,conquest,18489,12.33,34.8,-752854067,50,15785,18,32080,10610,r2hzrifle:21 r2hzat:13 r2hztechnical:7 r2hzrecoilless:3 htk:2 r2hzrockets:2 r2hzdrone:1 r2hzmissileboat:1,28,9710,10,10610,32080,r2basij:14 r2toophan:9 r2karrar:4 r2raad:1
rr.dustbowl.normal.saudi-israel.r1,dustbowl,normal,1,saudi,israel,1,2,complete,draw,,tick-cap,60001,40.0,96.4,-647212827,67,61350,40,85670,78910,r2saat:16 r2m1a2s:15 r2sang:15 r2ah64sa:5 r2caesar:5 r2f15sa:5 r2falcon:3 dog:1 r2bradley:1 r2sads:1,139,96900,31,79410,86170,r2ilrifle:55 r2ilat:36 r2merkava:16 r2ilshield:9 r2ilhowitzer:8 r2ilgunship:5 r2ilrecon:4 r2ilfalcon:3 dog:2 r2namer:1
rr.tournament-2a.normal.china-russia.r1,tournament-2A,normal,1,china,russia,1,2,complete,draw,,tick-cap,60001,40.0,85.0,-619196083,123,56620,23,48600,96110,r2cnrifle:51 r2cnportable:44 r2qilin:7 r2redspear:7 dog:4 r2phl:3 r2cloud:2 r2cnnetwork:2 r2crane:1 r2skyspear:1 r2zbd:1,198,82250,32,95310,47800,e2:82 flakt:38 shk:20 htnk:12 htk:11 hyd:11 ttnk:10 sapc:3 sub:3 dog:2 sqd:2 zep:2 apoc:1 ivan:1
rr.tournament-2a.normal.saudi-israel.r1,tournament-2A,normal,1,saudi,israel,1,2,complete,win,saudi,conquest,28099,18.73,44.8,-406195143,37,24750,19,27760,15050,r2sang:15 r2saat:8 r2m1a2s:5 r2caesar:3 r2f15sa:2 dog:1 r2ah64sa:1 r2bradley:1 r2sads:1,11,6250,7,15050,27760,r2ilrifle:5 r2ilat:2 r2merkava:2 dog:1 r2namer:1
rr.tournament-2a.normal.america-hezbollah.r1,tournament-2A,normal,1,america,hezbollah,1,2,complete,win,america,conquest,27490,18.33,44.5,48994940,77,37500,25,44960,21500,e1:41 mtnk:12 fv:9 cleg:3 jumpjet:3 shad:3 sref:3 orca:2 dog:1,55,15805,16,20800,44260,r2hzrifle:23 r2hzat:15 r2hztechnical:8 r2hzrecoilless:4 htk:2 dog:1 r2hzdrone:1 r2hzrockets:1
rr.tournament-2a.normal.hezbollah-saudi.r1,tournament-2A,normal,1,hezbollah,saudi,1,2,complete,win,saudi,conquest,41277,27.52,60.4,230843494,25,6720,10,27140,29025,r2hzrifle:12 r2hzat:6 r2hztechnical:4 r2hzrecoilless:2 r2hzescort:1,50,33330,27,30075,28190,r2sang:19 r2saat:11 r2m1a2s:9 r2caesar:3 r2sads:3 dog:1 r2ah64sa:1 r2bradley:1 r2f15sa:1 r2falcon:1
rr.dustbowl.normal.iran-israel.r1,dustbowl,normal,1,iran,israel,1,2,complete,win,iran,conquest,51638,34.43,75.8,314972770,128,45610,27,49300,34160,r2basij:69 r2toophan:32 r2karrar:11 r2fajr:3 r2ghadir:2 r2loiter:2 r2peykaap:2 r2raad:2 dog:1 htk:1 r2azar:1 r2coast:1 sapc:1,22,13440,18,34160,49300,r2ilat:8 r2ilrifle:7 r2merkava:3 r2namer:2 dog:1 r2ilhowitzer:1
rr.tournament-2a.normal.america-israel.r1,tournament-2A,normal,1,america,israel,1,2,complete,win,israel,conquest,45633,30.42,66.2,490062590,113,22600,4,23580,34200,e1:111 dog:2,33,28070,24,35600,24980,r2ilrifle:11 r2ilat:7 r2merkava:6 r2ilfalcon:2 r2ilgunship:2 r2ilhowitzer:2 dog:1 r2ilrecon:1 r2namer:1
rr.dustbowl.normal.yemen-israel.r1,dustbowl,normal,1,yemen,israel,1,2,complete,win,yemen,conquest,26958,17.97,47.7,837266743,93,29940,24,44000,17085,r2ymr:34 r2yrpg:28 r2ytechrr:11 r2technical:9 r2ymlr:4 r2yzu:3 htk:2 dog:1 r2samad:1,20,14340,14,17085,44000,r2ilrifle:7 r2ilat:5 r2merkava:3 r2ilhowitzer:2 dog:1 r2ilfalcon:1 r2namer:1
rr.tournament-2a.normal.israel-america.r1,tournament-2A,normal,1,israel,america,1,2,complete,win,america,conquest,22135,14.76,40.0,1074593092,18,7680,7,9400,27990,r2ilrifle:9 r2ilat:6 dog:1 r2merkava:1 r2namer:1,47,20500,17,27990,9400,e1:25 mtnk:11 fv:5 jumpjet:2 orca:2 dog:1 shad:1
rr.dustbowl.normal.hezbollah-iran.r1,dustbowl,normal,1,hezbollah,iran,1,2,complete,win,iran,conquest,58013,38.68,88.6,1151424078,101,32170,26,68350,82275,r2hzrifle:42 r2hzat:26 r2hztechnical:14 r2hzrecoilless:9 r2hzrockets:4 htk:2 r2hzescort:2 r2hzdrone:1 r2hzscout:1,235,90960,38,80675,68790,r2basij:114 r2toophan:61 r2karrar:19 r2peykaap:8 r2fajr:6 r2ghadir:5 dog:4 htk:3 r2coast:3 r2dronecontrol:3 r2mohajer:3 sapc:3 r2raad:2 r2azar:1
rr.tournament-2a.normal.saudi-china.r1,tournament-2A,normal,1,saudi,china,1,2,complete,win,saudi,conquest,32795,21.86,54.5,1312102661,67,47250,28,59440,23520,r2sang:25 r2saat:11 r2m1a2s:10 r2sadiq:4 r2caesar:3 r2sads:3 r2f15sa:2 r2riyadh:2 dog:1 lcrf:1 r2ah64sa:1 r2bradley:1 r2falcon:1 r2jubail:1 r2sajtac:1,35,19800,19,23520,59440,r2cnrifle:10 r2cnportable:7 r2qilin:6 r2cloud:4 dog:3 r2cnnetwork:1 r2phl:1 r2redspear:1 r2skyspear:1 r2zbd:1
rr.dustbowl.normal.hezbollah-israel.r1,dustbowl,normal,1,hezbollah,israel,1,2,complete,win,hezbollah,conquest,14361,9.57,30.3,1475612917,44,12900,17,25910,6920,r2hzrifle:20 r2hzat:11 r2hztechnical:5 r2hzrecoilless:4 htk:1 r2hzdrone:1 r2hzescort:1 r2hzrockets:1,12,4300,7,6920,25910,r2ilat:6 r2ilrifle:5 dog:1
rr.dustbowl.normal.saudi-america.r1,dustbowl,normal,1,saudi,america,1,2,complete,draw,,tick-cap,60001,40.0,104.2,1779548411,123,94320,29,94500,56510,r2sang:31 r2saat:28 r2m1a2s:19 r2sadiq:10 r2sads:10 lcrf:4 r2riyadh:4 r2ah64sa:3 r2bradley:3 r2f15sa:3 r2falcon:3 dog:2 r2jubail:2 r2caesar:1,83,50800,31,56510,94500,e1:30 fv:13 mtnk:9 jumpjet:8 orca:8 shad:5 cleg:3 sref:3 mgtk:2 dog:1 tany:1
rr.dustbowl.normal.yemen-iran.r1,dustbowl,normal,1,yemen,iran,1,2,complete,draw,,tick-cap,60001,40.0,98.3,1859910212,170,71050,41,88430,74915,r2ymr:50 r2yrpg:47 r2technical:24 r2ytechrr:18 r2wadighost:8 htk:7 r2ymlr:7 r2hodeidah:4 r2yzu:2 r2mokha:1 r2sahaab:1 sapc:1,169,68620,45,76815,90330,r2basij:78 r2toophan:61 r2karrar:10 r2coast:5 r2fajr:5 r2raad:3 r2azar:2 r2toufan:2 dog:1 htk:1 r2mohajer:1
rr.dustbowl.normal.iran-america.r1,dustbowl,normal,1,iran,america,1,2,complete,win,america,conquest,42905,28.6,78.2,2039550746,44,19510,20,32500,49080,r2toophan:19 r2basij:14 r2karrar:6 htk:2 r2fajr:2 r2raad:1,137,84300,24,49080,32500,e1:56 mtnk:18 fv:13 cleg:11 mgtk:10 jumpjet:9 sref:7 orca:5 shad:5 dog:2 tany:1
rr.tournament-2a.normal.yemen-russia.r1,tournament-2A,normal,1,yemen,russia,1,2,complete,win,yemen,conquest,27183,18.12,42.6,-1476290684,61,19170,18,23100,16095,r2ymr:22 r2yrpg:19 r2technical:8 r2ytechrr:6 htk:2 r2ymlr:2 r2yzu:2,13,5000,9,16095,23100,e2:6 shk:3 flakt:1 htk:1 htnk:1 ttnk:1
rr.dustbowl.normal.china-hezbollah.r1,dustbowl,normal,1,china,hezbollah,1,2,complete,win,hezbollah,conquest,27705,18.47,45.2,-1470865016,42,20710,18,15240,53100,r2cnrifle:13 r2cnportable:12 r2qilin:11 r2lynx:2 r2phl:2 r2mantis:1 r2zbd:1,91,28695,26,53100,15240,r2hzrifle:37 r2hzat:23 r2hztechnical:12 r2hzrecoilless:8 r2hzrockets:4 r2hzdrone:3 r2hzescort:2 dog:1 htk:1
rr.tournament-2a.normal.hezbollah-israel.r1,tournament-2A,normal,1,hezbollah,israel,1,2,complete,draw,,tick-cap,60001,40.0,90.7,-1451344591,175,38210,4,73490,41565,r2hzat:88 r2hzrifle:86 dog:1,85,54450,16,41565,73490,r2ilrifle:35 r2ilat:22 r2merkava:14 r2ilhowitzer:8 r2ilshield:3 r2namer:2 dog:1
rr.dustbowl.normal.china-turkey.r1,dustbowl,normal,1,china,turkey,1,2,complete,win,turkey,conquest,45388,30.26,69.5,-1047066333,47,24990,22,34355,69780,r2cnrifle:17 r2cnportable:11 r2qilin:8 r2cloud:3 r2mantis:2 r2phl:2 r2skyspear:2 dog:1 r2lynx:1,96,58960,32,69080,33655,r2trrifle:32 r2trat:22 r2bozkir:16 r2yildirim:5 r2aras:3 r2ege:2 r2gokkalkan:2 r2greywolf:2 r2marmara:2 r2sahin:2 r2turna:2 dog:1 lcrf:1 r2kuzgun:1 r2poyraz:1 r2sancak:1 r2trdroneop:1
rr.tournament-2a.normal.saudi-yemen.r1,tournament-2A,normal,1,saudi,yemen,1,2,complete,win,yemen,conquest,16837,11.22,30.2,-1018342362,8,3810,9,6265,27170,r2sang:3 r2saat:2 dog:1 r2bradley:1 r2m1a2s:1,36,11305,13,27170,6265,r2ymr:13 r2yrpg:12 r2technical:5 r2ytechrr:3 r2ymlr:2 htk:1
rr.tournament-2a.normal.iran-china.r1,tournament-2A,normal,1,iran,china,1,2,complete,win,iran,conquest,40999,27.33,68.5,-713750636,164,54360,28,40390,30630,r2basij:89 r2toophan:47 r2karrar:11 r2coast:3 r2fajr:3 r2raad:3 dog:2 htk:2 r2dronecontrol:2 r2loiter:1 r2toufan:1,15,10150,14,30630,40390,r2cnrifle:5 r2qilin:4 r2cnportable:2 r2phl:2 r2cloud:1 r2skyspear:1
rr.dustbowl.normal.israel-china.r1,dustbowl,normal,1,israel,china,1,2,complete,win,china,conquest,35066,23.38,56.6,-542385850,32,21640,20,32230,59150,r2ilrifle:12 r2ilat:9 r2merkava:4 r2ilhowitzer:2 dog:1 r2ilfalcon:1 r2ilgunship:1 r2ilshield:1 r2namer:1,98,56050,28,59150,32230,r2cnrifle:35 r2cnportable:21 r2qilin:14 r2mantis:6 r2phl:4 r2cloud:3 r2cnnetwork:3 r2haiying:2 r2skyspear:2 r2zbd:2 r2haiwang:1 r2jiaolong:1 r2kunlun:1 r2luyang:1 r2lynx:1 r2redspear:1
rr.dustbowl.normal.yemen-hezbollah.r1,dustbowl,normal,1,yemen,hezbollah,1,2,complete,draw,,tick-cap,60001,40.0,104.8,-349152598,148,63540,44,68220,84260,r2ymr:44 r2yrpg:42 r2technical:20 r2ytechrr:18 r2wadighost:10 r2ymlr:8 r2yzu:4 htk:2,341,119230,34,84260,68220,r2hzrifle:143 r2hzat:87 r2hztechnical:36 r2hzrecoilless:18 r2hzmissileboat:10 r2hzrockets:10 r2hzdrone:7 sapc:7 r2hzscout:6 r2hzspotter:5 htk:3 r2hzskiff:3 dog:2 r2hzescort:2 r2hzsurvey:2
rr.dustbowl.normal.yemen-turkey.r1,dustbowl,normal,1,yemen,turkey,1,2,complete,win,yemen,conquest,15376,10.25,32.2,-28262392,44,13645,17,34575,8875,r2ymr:17 r2yrpg:14 r2ytechrr:5 r2technical:4 htk:2 r2ymlr:2,27,9215,11,8875,34575,r2trrifle:13 r2trat:7 r2bozkir:3 dog:2 r2aras:2
rr.dustbowl.normal.yemen-saudi.r1,dustbowl,normal,1,yemen,saudi,1,2,complete,win,yemen,conquest,51708,34.47,79.4,24522125,179,72175,34,80740,51080,r2yrpg:59 r2ymr:55 r2ytechrr:18 r2ymlr:10 r2hodeidah:7 r2technical:7 htk:5 r2wadighost:4 r2sahaab:3 r2samad:3 r2yzu:3 r2mokha:2 r2yspot:2 sapc:1,47,30130,26,52130,81790,r2saat:17 r2sang:14 r2m1a2s:8 r2caesar:2 r2sads:2 dog:1 r2bradley:1 r2f15sa:1 r2falcon:1
rr.dustbowl.normal.israel-hezbollah.r1,dustbowl,normal,1,israel,hezbollah,1,2,complete,win,hezbollah,conquest,37409,24.94,61.5,295310913,39,27150,27,33810,78510,r2ilrifle:15 r2ilat:10 r2merkava:7 r2ilhowitzer:2 dog:1 r2ilfalcon:1 r2ilgunship:1 r2ilshield:1 r2namer:1,155,54220,32,78910,34210,r2hzrifle:62 r2hzat:40 r2hztechnical:19 r2hzrecoilless:9 r2hzrockets:7 r2hzdrone:4 r2hzscout:4 htk:3 r2hzescort:3 dog:1 r2hzskiff:1 r2hzsurvey:1 sapc:1
rr.tournament-2a.normal.yemen-israel.r1,tournament-2A,normal,1,yemen,israel,1,2,complete,win,yemen,conquest,19986,13.32,38.6,697893845,48,14980,15,22280,9940,r2ymr:18 r2yrpg:15 r2technical:6 r2ytechrr:5 r2ymlr:2 htk:1 r2yzu:1,4,1970,6,9940,22280,dog:1 r2ilat:1 r2ilrifle:1 r2namer:1
rr.dustbowl.normal.saudi-yemen.r1,dustbowl,normal,1,saudi,yemen,1,2,complete,win,saudi,conquest,57614,38.41,88.0,819746666,116,88050,30,74135,50170,r2sang:35 r2saat:20 r2m1a2s:18 r2sadiq:11 lcrf:5 r2sads:5 r2caesar:4 r2riyadh:4 r2ah64sa:3 r2bradley:3 r2f15sa:3 r2falcon:2 r2jubail:2 dog:1,83,29030,29,47990,76935,r2ymr:28 r2yrpg:23 r2technical:14 r2ytechrr:8 r2ymlr:5 htk:2 r2yzu:2 r2wadighost:1
rr.tournament-2a.normal.hezbollah-russia.r1,tournament-2A,normal,1,hezbollah,russia,1,2,complete,win,russia,conquest,35444,23.63,60.0,911599562,42,8640,18,22000,42045,r2hzrifle:24 r2hzat:18,82,35300,24,41745,23700,e2:30 shk:18 flakt:13 htnk:8 htk:6 ttnk:6 zep:1
rr.dustbowl.normal.hezbollah-russia.r1,dustbowl,normal,1,hezbollah,russia,1,2,complete,win,russia,conquest,40919,27.28,68.0,1085682152,85,26275,23,42250,67780,r2hzrifle:35 r2hzat:24 r2hztechnical:11 r2hzrecoilless:7 r2hzrockets:4 r2hzdrone:2 htk:1 r2hzescort:1,179,72650,30,65680,42150,e2:72 shk:36 flakt:33 htk:10 ttnk:8 htnk:6 apoc:5 hyd:3 ivan:2 sapc:1 sqd:1 sub:1 zep:1
rr.tournament-2a.normal.hezbollah-turkey.r1,tournament-2A,normal,1,hezbollah,turkey,1,2,complete,win,hezbollah,conquest,46550,31.03,71.0,1515776162,190,75195,37,88505,47910,r2hzrifle:67 r2hzat:46 r2hztechnical:19 r2hzrecoilless:12 r2hzmissileboat:10 r2hzrockets:7 r2hzsurvey:6 r2hzdrone:5 r2hzskiff:5 dog:3 r2hzscout:3 sapc:3 htk:2 r2hzescort:2,54,35045,28,48610,89505,r2trrifle:19 r2trat:11 r2bozkir:9 r2yildirim:4 r2aras:2 r2greywolf:2 r2marmara:2 r2sahin:2 dog:1 lcrf:1 r2ege:1
rr.dustbowl.normal.america-hezbollah.r1,dustbowl,normal,1,america,hezbollah,1,2,complete,win,america,conquest,50294,33.53,81.0,1700909152,128,82300,30,69495,41000,e1:51 mtnk:12 fv:11 jumpjet:11 shad:8 cleg:6 aegis:5 mgtk:5 sref:5 carrier:4 dest:3 dlph:2 orca:2 dog:1 lcrf:1 tany:1,96,26190,28,41600,70095,r2hzrifle:44 r2hzat:29 r2hztechnical:11 r2hzrecoilless:5 htk:3 r2hzrockets:3 dog:1
rr.dustbowl.normal.russia-china.r1,dustbowl,normal,1,russia,china,1,2,complete,win,russia,conquest,40744,27.16,66.0,1764135946,93,39550,24,71470,22800,e2:36 flakt:18 shk:16 htk:7 ttnk:7 htnk:5 yuri:2 apoc:1 zep:1,36,24780,28,22800,71470,r2cnportable:10 r2cnrifle:9 r2qilin:5 r2phl:3 r2cloud:2 r2lynx:2 r2redspear:2 r2skyspear:2 r2zbd:1
rr.dustbowl.normal.iran-yemen.r1,dustbowl,normal,1,iran,yemen,1,2,complete,win,yemen,conquest,35807,23.87,56.3,-2072434184,57,23790,17,37060,56760,r2basij:26 r2toophan:18 r2karrar:8 r2fajr:2 r2coast:1 r2raad:1 r2toufan:1,198,64780,33,54810,36195,r2ymr:78 r2yrpg:60 r2technical:19 r2ytechrr:14 r2ymlr:6 htk:3 r2hodeidah:3 r2samad:3 r2yzu:3 dog:2 r2wadighost:2 r2yspot:2 r2mokha:1 r2sahaab:1 sapc:1
rr.tournament-2a.normal.iran-turkey.r1,tournament-2A,normal,1,iran,turkey,1,2,complete,win,iran,conquest,21110,14.07,35.3,-1869714430,53,19720,15,36145,10090,r2basij:28 r2toophan:12 r2karrar:5 r2fajr:2 dog:1 htk:1 r2ghadir:1 r2peykaap:1 r2raad:1 r2toufan:1,20,9285,10,10090,36145,r2trrifle:7 r2bozkir:5 r2trat:5 dog:1 r2aras:1 r2sancak:1
rr.tournament-2a.normal.yemen-turkey.r1,tournament-2A,normal,1,yemen,turkey,1,2,complete,win,yemen,conquest,25005,16.67,42.0,-1785430777,67,20925,19,36945,12795,r2ymr:25 r2yrpg:20 r2technical:9 r2ytechrr:7 htk:2 r2ymlr:2 r2samad:1 r2yzu:1,19,9035,12,12195,36345,r2trrifle:7 r2bozkir:4 r2trat:4 r2sancak:3 dog:1
rr.dustbowl.normal.hezbollah-america.r1,dustbowl,normal,1,hezbollah,america,1,2,complete,draw,,tick-cap,60001,40.0,92.1,-1516161243,170,64530,40,68700,74730,r2hzrifle:58 r2hzat:54 r2hzrecoilless:17 r2hzrockets:9 r2hzescort:8 r2hzdrone:7 r2hztechnical:7 r2hzscout:5 htk:4 r2hzskiff:1,124,80700,32,74430,68700,e1:41 jumpjet:16 mtnk:15 fv:14 orca:11 sref:8 cleg:6 shad:6 mgtk:3 tany:3 dog:1
rr.tournament-2a.normal.turkey-israel.r1,tournament-2A,normal,1,turkey,israel,1,2,complete,win,turkey,conquest,22060,14.71,38.3,-1511828029,61,29230,24,25585,16445,r2trrifle:26 r2trat:15 r2bozkir:10 r2aras:2 r2sancak:2 r2yildirim:2 dog:1 r2greywolf:1 r2kuzgun:1 r2sahin:1,7,4120,7,16290,25430,dog:2 r2ilat:2 r2ilrifle:1 r2merkava:1 r2namer:1
rr.tournament-2a.normal.america-iran.r1,tournament-2A,normal,1,america,iran,1,2,complete,win,america,conquest,53753,35.84,78.2,-1361466739,81,53600,26,57120,22000,e1:27 mtnk:12 fv:10 cleg:8 jumpjet:7 mgtk:5 sref:4 orca:3 shad:3 dog:1 tany:1,61,23150,21,22000,57820,r2basij:30 r2toophan:18 r2karrar:8 r2fajr:2 htk:1 r2raad:1 r2toufan:1
rr.tournament-2a.normal.china-yemen.r1,tournament-2A,normal,1,china,yemen,1,2,complete,win,yemen,conquest,32153,21.44,48.9,-1125323958,31,15040,16,24055,51930,r2cnrifle:12 r2cnportable:7 r2qilin:7 r2phl:2 r2zbd:2 r2lynx:1,103,34935,29,52530,24655,r2yrpg:39 r2ymr:31 r2technical:9 r2ytechrr:9 r2yzu:6 r2samad:4 r2ymlr:4 htk:1
rr.tournament-2a.normal.russia-saudi.r1,tournament-2A,normal,1,russia,saudi,1,2,complete,win,saudi,conquest,18778,12.52,33.6,-635541342,8,4400,7,8630,20600,shk:6 htk:1 htnk:1,17,9140,14,20600,8630,r2sang:7 r2saat:4 r2m1a2s:3 dog:1 r2bradley:1 r2caesar:1
rr.tournament-2a.normal.turkey-america.r1,tournament-2A,normal,1,turkey,america,1,2,complete,draw,,tick-cap,60001,40.0,82.7,-595442084,87,47445,39,69750,73555,r2trrifle:29 r2trat:23 r2bozkir:15 r2yildirim:6 r2gokkalkan:4 r2aras:2 r2kuzgun:2 r2poyraz:2 dog:1 r2greywolf:1 r2sahin:1 r2sancak:1,111,78400,35,73555,69750,e1:32 mtnk:18 jumpjet:14 orca:11 fv:8 shad:5 cleg:4 sref:4 aegis:3 carrier:3 dest:3 mgtk:2 dlph:1 dog:1 lcrf:1 tany:1
rr.dustbowl.normal.hezbollah-yemen.r1,dustbowl,normal,1,hezbollah,yemen,1,2,complete,win,hezbollah,conquest,33439,22.29,55.3,-580158402,94,32345,26,35010,20665,r2hzrifle:37 r2hzat:26 r2hzrecoilless:9 r2hztechnical:8 htk:4 r2hzdrone:4 r2hzrockets:3 r2hzscout:2 r2hzescort:1,35,10855,10,20665,35010,r2ymr:13 r2yrpg:10 r2technical:6 r2ytechrr:4 r2ymlr:1 r2yzu:1
rr.tournament-2a.normal.iran-hezbollah.r1,tournament-2A,normal,1,iran,hezbollah,1,2,complete,win,iran,conquest,39502,26.33,57.9,-297161107,89,32700,23,31480,30810,r2basij:45 r2toophan:25 r2karrar:9 r2fajr:5 r2dronecontrol:2 dog:1 r2mohajer:1 r2raad:1,31,8625,11,30810,31480,r2hzrifle:15 r2hzat:7 r2hztechnical:5 r2hzrecoilless:2 htk:1 r2hzrockets:1
rr.tournament-2a.normal.iran-america.r1,tournament-2A,normal,1,iran,america,1,2,complete,draw,,tick-cap,60001,40.0,82.6,-27306490,173,59490,33,78500,83720,r2basij:91 r2toophan:53 r2karrar:11 r2raad:5 r2fajr:4 dog:2 htk:2 r2coast:2 r2azar:1 r2loiter:1 r2mohajer:1,116,85900,42,83920,78700,e1:30 fv:15 orca:12 jumpjet:10 mtnk:10 shad:7 tany:7 aegis:4 carrier:4 cleg:4 dest:3 mgtk:3 dlph:2 dog:2 sref:2 lcrf:1
rr.tournament-2a.normal.russia-hezbollah.r1,tournament-2A,normal,1,russia,hezbollah,1,2,complete,win,russia,conquest,43282,28.85,65.8,232122951,81,39850,26,60295,30800,e2:23 flakt:16 shk:16 htk:7 htnk:7 ttnk:7 apoc:1 hyd:1 sapc:1 sub:1 zep:1,79,26540,21,30500,60795,r2hzrifle:34 r2hzat:19 r2hztechnical:13 r2hzrecoilless:5 r2hzrockets:4 r2hzdrone:2 r2hzscout:2
rr.tournament-2a.normal.china-saudi.r1,tournament-2A,normal,1,china,saudi,1,2,complete,win,china,conquest,32725,21.82,51.4,283910990,80,41500,26,39900,21030,r2cnrifle:30 r2cnportable:17 r2qilin:15 r2lynx:4 r2phl:4 r2cloud:2 r2skyspear:2 r2zbd:2 dog:1 r2cnnetwork:1 r2mantis:1 r2redspear:1,17,9140,14,21030,39900,r2sang:7 r2saat:4 r2m1a2s:3 dog:1 r2bradley:1 r2caesar:1
rr.tournament-2a.normal.yemen-america.r1,tournament-2A,normal,1,yemen,america,1,2,complete,win,yemen,conquest,25176,16.78,40.1,796271988,63,19390,17,40400,15220,r2ymr:24 r2yrpg:19 r2technical:8 r2ytechrr:7 htk:2 r2ymlr:2 r2yzu:1,21,9300,14,15220,40400,e1:11 mtnk:5 fv:3 jumpjet:1 orca:1
rr.tournament-2a.normal.saudi-hezbollah.r1,tournament-2A,normal,1,saudi,hezbollah,1,2,complete,win,hezbollah,conquest,38295,25.53,56.8,803459961,40,20770,19,27310,61610,r2sang:16 r2saat:15 r2m1a2s:4 r2bradley:2 dog:1 r2caesar:1 r2f15sa:1,121,41345,29,62210,27910,r2hzrifle:47 r2hzat:29 r2hztechnical:17 r2hzrecoilless:9 r2hzdrone:4 r2hzrockets:4 dog:3 r2hzescort:3 r2hzscout:3 htk:1 r2hzskiff:1
rr.tournament-2a.normal.israel-iran.r1,tournament-2A,normal,1,israel,iran,1,2,complete,win,iran,conquest,37703,25.14,59.4,896977756,10,7240,8,26690,28000,r2merkava:3 dog:2 r2ilat:2 r2ilrifle:2 r2namer:1,94,41710,28,28000,26690,r2basij:39 r2toophan:32 r2karrar:7 r2fajr:5 r2coast:2 r2dronecontrol:2 r2raad:2 htk:1 r2azar:1 r2ghadir:1 r2peykaap:1 sapc:1
rr.tournament-2a.normal.israel-china.r1,tournament-2A,normal,1,israel,china,1,2,complete,win,israel,conquest,24316,16.21,46.7,1200651338,28,16690,18,40190,10400,r2ilrifle:12 r2ilat:6 r2ilshield:3 r2merkava:3 r2namer:2 dog:1 r2ilhowitzer:1,22,9800,15,9350,39140,r2cnrifle:10 r2cnportable:4 r2qilin:4 r2lynx:2 r2cloud:1 r2phl:1
rr.dustbowl.normal.china-yemen.r1,dustbowl,normal,1,china,yemen,1,2,complete,win,yemen,conquest,49022,32.68,88.6,1377024771,90,50140,38,50735,113380,r2cnrifle:32 r2cnportable:21 r2qilin:16 r2cloud:7 r2phl:4 r2haiying:2 r2mantis:2 r2skyspear:2 r2zbd:2 r2jiaolong:1 r2redspear:1,159,54720,36,111380,48735,r2ymr:62 r2yrpg:46 r2technical:15 r2ytechrr:12 r2yzu:7 htk:4 r2wadighost:4 r2ymlr:4 r2hodeidah:2 r2yspot:2 r2sahaab:1
rr.dustbowl.normal.iran-china.r1,dustbowl,normal,1,iran,china,1,2,complete,win,iran,conquest,35440,23.63,64.8,1493559286,92,38470,24,56630,20860,r2basij:43 r2toophan:20 r2karrar:10 r2fajr:4 htk:3 r2ghadir:3 r2peykaap:3 r2mohajer:2 r2raad:2 dog:1 sapc:1,38,20040,19,20860,56630,r2cnrifle:12 r2cnportable:11 r2qilin:7 r2lynx:2 r2phl:2 r2cloud:1 r2mantis:1 r2skyspear:1 r2zbd:1
rr.dustbowl.normal.turkey-yemen.r1,dustbowl,normal,1,turkey,yemen,1,2,complete,draw,,tick-cap,60001,40.0,93.8,1669932325,102,62665,42,59725,94775,r2trrifle:33 r2trat:23 r2bozkir:21 r2yildirim:9 r2kuzgun:4 r2greywolf:3 r2ege:2 r2sahin:2 dog:1 lcrf:1 r2aras:1 r2poyraz:1 r2sancak:1,213,82460,39,95175,60395,r2ymr:76 r2yrpg:64 r2technical:21 r2ytechrr:13 r2ymlr:10 r2wadighost:8 r2hodeidah:6 htk:3 r2sahaab:3 r2yzu:3 r2mokha:2 r2yspot:2 r2samad:1 sapc:1
rr.tournament-2a.normal.iran-saudi.r1,tournament-2A,normal,1,iran,saudi,1,2,complete,win,saudi,conquest,13988,9.33,29.7,2142383646,11,5220,6,5550,22940,r2toophan:5 r2basij:3 r2karrar:2 r2raad:1,20,11190,12,22940,5550,r2sang:7 r2saat:6 r2m1a2s:3 dog:1 r2bradley:1 r2caesar:1 r2sads:1
rr.dustbowl.normal.saudi-iran.r1,dustbowl,normal,1,saudi,iran,1,2,complete,draw,,tick-cap,60001,40.0,107.9,-2026851091,120,96160,28,77680,68240,r2sang:33 r2m1a2s:22 r2saat:22 r2sadiq:9 lcrf:6 r2caesar:6 r2falcon:4 r2riyadh:4 r2sads:4 r2ah64sa:3 r2f15sa:3 r2jubail:2 dog:1 r2bradley:1,138,51650,43,67140,76580,r2basij:70 r2toophan:38 r2karrar:13 htk:5 r2fajr:5 r2azar:2 r2dronecontrol:2 r2coast:1 r2loiter:1 r2raad:1
rr.dustbowl.normal.turkey-china.r1,dustbowl,normal,1,turkey,china,1,2,complete,win,turkey,conquest,54974,36.65,93.2,-1851736941,123,82540,32,86800,44105,r2trrifle:38 r2trat:22 r2bozkir:20 r2ege:7 r2greywolf:5 r2poyraz:5 r2yildirim:5 r2marmara:4 lcrf:3 r2aras:3 dog:2 r2gokkalkan:2 r2kuzgun:2 r2sahin:2 r2sancak:2 r2deniz:1,49,31410,32,44105,86800,r2cnportable:15 r2cnrifle:13 r2qilin:10 r2phl:4 r2redspear:3 r2cloud:1 r2mantis:1 r2skyspear:1 r2zbd:1
rr.dustbowl.normal.america-yemen.r1,dustbowl,normal,1,america,yemen,1,2,complete,win,yemen,conquest,39704,26.47,77.5,-1680688757,38,19000,20,31720,58300,e1:20 mtnk:7 fv:3 jumpjet:2 orca:2 shad:2 cleg:1 sref:1,143,52285,31,58300,31720,r2ymr:51 r2yrpg:38 r2technical:16 r2ytechrr:14 r2ymlr:5 r2hodeidah:4 htk:3 r2sahaab:3 r2mokha:2 r2samad:2 r2wadighost:2 r2yzu:2 sapc:1
rr.tournament-2a.normal.yemen-saudi.r1,tournament-2A,normal,1,yemen,saudi,1,2,complete,win,yemen,conquest,41516,27.68,64.0,-947894014,150,51355,35,69020,34025,r2ymr:53 r2yrpg:45 r2technical:17 r2ytechrr:12 r2ymlr:6 htk:3 r2sahaab:3 r2yzu:3 dog:2 r2hodeidah:2 r2wadighost:2 r2mokha:1 sapc:1,35,24660,21,33425,68420,r2sang:13 r2saat:8 r2m1a2s:7 r2ah64sa:2 r2f15sa:2 dog:1 r2bradley:1 r2caesar:1
rr.tournament-2a.normal.hezbollah-yemen.r1,tournament-2A,normal,1,hezbollah,yemen,1,2,complete,win,yemen,conquest,24884,16.59,42.6,-917488526,27,7420,10,11260,29625,r2hzrifle:12 r2hzat:7 r2hztechnical:5 r2hzrecoilless:2 r2hzescort:1,59,18520,16,29625,11260,r2ymr:22 r2yrpg:17 r2technical:8 r2ytechrr:5 htk:4 r2ymlr:2 r2samad:1
rr.dustbowl.normal.iran-turkey.r1,dustbowl,normal,1,iran,turkey,1,2,complete,draw,,tick-cap,60001,40.0,95.7,-904811036,195,76520,35,77635,65830,r2basij:93 r2toophan:57 r2karrar:10 r2fajr:7 r2ghadir:4 r2peykaap:4 r2raad:4 dog:2 htk:2 r2coast:2 r2dronecontrol:2 r2loiter:2 r2mohajer:2 sapc:2 r2azar:1 r2toufan:1,85,55480,40,65290,79590,r2trrifle:26 r2bozkir:21 r2trat:19 r2yildirim:6 r2greywolf:5 r2sahin:2 r2sancak:2 dog:1 r2aras:1 r2kuzgun:1 r2turna:1
rr.dustbowl.normal.saudi-china.r1,dustbowl,normal,1,saudi,china,1,2,complete,draw,,tick-cap,60001,40.0,97.7,-493123362,119,101860,34,110000,76990,r2saat:28 r2sang:23 r2m1a2s:14 r2sadiq:10 r2sads:7 r2caesar:6 r2ah64sa:5 r2f15sa:5 r2falcon:5 lcrf:4 r2riyadh:4 r2sajtac:3 dog:2 r2jubail:2 r2bradley:1,95,72710,51,76770,109780,r2cnrifle:23 r2cnportable:22 r2qilin:16 r2skyspear:10 r2phl:8 r2cloud:6 r2redspear:5 r2mantis:3 r2lynx:1 r2zbd:1
rr.tournament-2a.normal.israel-hezbollah.r1,tournament-2A,normal,1,israel,hezbollah,1,2,complete,draw,,tick-cap,60001,40.0,104.7,-307033916,100,80080,32,70330,53220,r2ilrifle:34 r2merkava:19 r2ilat:18 r2ilpatrol:6 r2ilhowitzer:4 r2ilfrigate:3 r2ilrecon:3 lcrf:2 r2ilfalcon:2 r2ilshield:2 r2iltender:2 r2namer:2 dog:1 r2ilgunship:1 r2ilobserver:1,84,29425,26,53220,70330,r2hzrifle:30 r2hzat:21 r2hztechnical:14 r2hzrecoilless:8 r2hzrockets:4 htk:3 r2hzdrone:1 r2hzmissileboat:1 r2hzscout:1 r2hzspotter:1
rr.dustbowl.normal.yemen-china.r1,dustbowl,normal,1,yemen,china,1,2,complete,win,yemen,conquest,29983,19.99,49.8,54325600,92,30055,24,55340,19375,r2ymr:33 r2yrpg:28 r2ytechrr:10 r2technical:7 r2ymlr:4 r2samad:3 r2yzu:3 dog:2 htk:2,31,16100,18,19375,55340,r2cnrifle:10 r2cnportable:8 r2qilin:6 r2cloud:2 r2phl:2 dog:1 r2mantis:1 r2zbd:1
rr.dustbowl.normal.turkey-iran.r1,dustbowl,normal,1,turkey,iran,1,2,complete,win,iran,conquest,33896,22.6,56.8,483905662,29,18730,21,25990,59940,r2bozkir:9 r2trat:7 r2trrifle:6 r2yildirim:2 dog:1 r2aras:1 r2kuzgun:1 r2sahin:1 r2sancak:1,107,38610,26,59940,25990,r2basij:59 r2toophan:25 r2karrar:12 r2fajr:4 r2mohajer:2 r2raad:2 dog:1 htk:1 r2azar:1
rr.dustbowl.normal.israel-yemen.r1,dustbowl,normal,1,israel,yemen,1,2,complete,draw,,tick-cap,60001,40.0,93.5,554556052,111,83440,30,66545,76650,r2ilrifle:42 r2ilat:24 r2merkava:18 r2ilhowitzer:9 r2ilrecon:4 r2ilshield:4 r2ilgunship:3 r2namer:3 dog:2 r2ilfalcon:2,145,52385,52,76650,66545,r2yrpg:71 r2ymr:51 r2wadighost:10 r2sahaab:7 r2mokha:3 sapc:2 r2hodeidah:1
rr.dustbowl.normal.israel-iran.r1,dustbowl,normal,1,israel,iran,1,2,complete,draw,,tick-cap,60001,40.0,89.0,741274399,131,90830,28,95600,65550,r2ilrifle:54 r2ilat:31 r2merkava:19 r2ilhowitzer:7 r2ilshield:5 r2ilgunship:4 r2ilrecon:4 dog:2 r2ilfalcon:2 r2namer:2 r2ilobserver:1,125,47620,31,65190,97690,r2basij:58 r2toophan:39 r2karrar:12 r2fajr:5 r2raad:4 dog:3 htk:2 r2azar:1 r2loiter:1
rr.tournament-2a.normal.russia-yemen.r1,tournament-2A,normal,1,russia,yemen,1,2,complete,win,yemen,conquest,30201,20.13,60.1,1055085003,16,7300,9,18155,25400,e2:5 shk:5 htk:2 htnk:2 flakt:1 ttnk:1,67,22320,22,25400,18155,r2yrpg:24 r2ymr:22 r2ytechrr:9 r2technical:4 htk:3 r2ymlr:3 r2samad:2
rr.dustbowl.normal.turkey-russia.r1,dustbowl,normal,1,turkey,russia,1,2,complete,draw,,tick-cap,60001,40.0,97.2,1496464403,110,76295,42,83900,120905,r2trrifle:29 r2bozkir:23 r2trat:21 r2poyraz:7 r2yildirim:6 r2sahin:5 r2ege:4 lcrf:3 r2greywolf:3 r2kuzgun:3 r2aras:2 dog:1 r2gokkalkan:1 r2marmara:1 r2turna:1,333,108100,29,120905,83900,e2:167 flakt:83 shk:35 htk:13 ttnk:13 htnk:9 apoc:8 dog:2 yuri:2 zep:1
rr.tournament-2a.normal.iran-russia.r1,tournament-2A,normal,1,iran,russia,1,2,complete,win,iran,conquest,49195,32.8,71.6,1632417561,251,86190,30,62550,49070,r2basij:131 r2toophan:73 r2karrar:21 r2fajr:9 dog:4 r2dronecontrol:4 htk:3 r2raad:3 r2azar:1 r2coast:1 r2mohajer:1,53,22050,19,45830,63350,e2:22 shk:11 flakt:10 apoc:3 htnk:3 htk:2 ttnk:2
rr.tournament-2a.normal.china-iran.r1,tournament-2A,normal,1,china,iran,1,2,complete,win,iran,conquest,53777,35.85,77.3,1657709005,73,47260,33,59340,107550,r2cnrifle:23 r2cnportable:16 r2qilin:14 r2cloud:5 r2phl:4 r2redspear:4 r2crane:2 r2mantis:2 r2skyspear:2 r2zbd:1,186,72210,39,108550,60340,r2basij:89 r2toophan:53 r2karrar:13 htk:5 r2fajr:5 r2ghadir:3 r2peykaap:3 r2raad:3 dog:2 r2azar:2 r2dronecontrol:2 r2loiter:2 r2toufan:2 r2coast:1 sapc:1
rr.dustbowl.normal.hezbollah-turkey.r1,dustbowl,normal,1,hezbollah,turkey,1,2,complete,draw,,tick-cap,60001,40.0,114.5,-1941147829,76,25845,23,68815,70950,r2hzrifle:27 r2hzat:26 r2hzrecoilless:9 htk:3 r2hzdrone:3 r2hztechnical:3 r2hzescort:2 r2hzrockets:2 r2hzscout:1,148,101525,31,70950,68815,r2trrifle:45 r2trat:30 r2bozkir:23 r2yildirim:10 r2marmara:7 r2ege:6 r2sancak:5 r2greywolf:4 lcrf:3 r2aras:3 r2kuzgun:3 r2deniz:2 r2poyraz:2 r2sahin:2 dog:1 r2gokkalkan:1 r2turna:1
rr.dustbowl.normal.turkey-saudi.r1,dustbowl,normal,1,turkey,saudi,1,2,complete,draw,,tick-cap,60001,40.0,108.2,-1860341009,131,85945,33,89670,64385,r2trrifle:39 r2trat:30 r2bozkir:27 r2marmara:6 r2ege:5 r2yildirim:5 lcrf:3 r2greywolf:3 dog:2 r2aras:2 r2deniz:2 r2sahin:2 r2sancak:2 r2gokkalkan:1 r2kuzgun:1 r2poyraz:1,65,58110,38,64385,89670,r2sang:18 r2saat:14 r2m1a2s:11 r2f15sa:8 r2caesar:5 r2ah64sa:2 r2bradley:2 r2falcon:2 r2sads:2 dog:1
rr.dustbowl.normal.china-america.r1,dustbowl,normal,1,china,america,1,2,complete,win,america,conquest,13504,9.0,31.2,-1828313796,5,2090,5,2700,17480,r2cnportable:2 r2cnrifle:2 r2mantis:1,21,8600,13,17480,2700,e1:12 fv:3 mtnk:2 dog:1 jumpjet:1 orca:1 shad:1
rr.tournament-2a.normal.turkey-hezbollah.r1,tournament-2A,normal,1,turkey,hezbollah,1,2,complete,win,hezbollah,conquest,16696,11.13,31.4,-1515409353,17,9025,9,7650,30285,r2bozkir:5 r2trrifle:5 r2trat:3 r2sancak:2 dog:1 r2aras:1,42,12345,14,30835,8200,r2hzrifle:17 r2hzat:15 r2hzrecoilless:3 r2hztechnical:3 htk:1 r2hzdrone:1 r2hzescort:1 r2hzrockets:1
rr.tournament-2a.normal.yemen-hezbollah.r1,tournament-2A,normal,1,yemen,hezbollah,1,2,complete,win,yemen,conquest,55494,37.0,85.6,-1202184033,212,86065,40,80720,72040,r2ymr:69 r2yrpg:52 r2technical:22 r2ytechrr:17 r2hodeidah:11 r2sahaab:10 r2ymlr:8 r2mokha:6 r2yzu:6 r2wadighost:5 htk:3 r2yspot:2 sapc:1,110,40265,27,69490,81620,r2hzrifle:39 r2hzat:24 r2hztechnical:17 r2hzrecoilless:10 r2hzdrone:4 r2hzrockets:4 r2hzmissileboat:3 r2hzsurvey:3 htk:2 r2hzskiff:2 r2hzescort:1 sapc:1
rr.dustbowl.normal.russia-turkey.r1,dustbowl,normal,1,russia,turkey,1,2,complete,draw,,tick-cap,60001,40.0,103.5,-796435042,232,89250,33,102550,57500,e2:103 flakt:54 shk:18 htk:11 htnk:11 hyd:10 ttnk:10 apoc:3 sapc:3 sub:3 dog:2 sqd:2 zep:2,99,62700,47,57500,104905,r2trrifle:30 r2trat:25 r2bozkir:16 r2yildirim:8 r2kuzgun:5 r2sahin:4 r2gokkalkan:3 r2greywolf:3 r2deniz:2 dog:1 r2aras:1 r2sancak:1
rr.tournament-2a.normal.china-america.r1,tournament-2A,normal,1,china,america,1,2,complete,win,america,conquest,56775,37.85,82.0,-777239606,89,56610,36,67900,116350,r2cnrifle:28 r2cnportable:20 r2qilin:17 r2phl:5 r2cloud:3 r2haiying:3 r2skyspear:3 r2luyang:2 r2redspear:2 r2haiwang:1 r2jiaolong:1 r2kunlun:1 r2lynx:1 r2mantis:1 r2zbd:1,97,71700,38,116350,67900,e1:24 orca:16 fv:13 jumpjet:13 mtnk:7 mgtk:6 cleg:4 shad:4 sref:3 tany:3 aegis:2 carrier:1 dog:1
rr.dustbowl.normal.israel-russia.r1,dustbowl,normal,1,israel,russia,1,2,complete,draw,,tick-cap,60001,40.0,103.4,-342058285,115,85610,28,62750,82630,r2ilrifle:43 r2ilat:27 r2merkava:17 r2ilhowitzer:7 r2ilrecon:5 r2ilshield:5 r2namer:4 r2ilgunship:3 r2ilfalcon:2 dog:1 r2ilobserver:1,233,81050,31,82130,62250,e2:114 flakt:54 shk:26 htk:9 htnk:9 ttnk:9 apoc:7 dog:2 yuri:2 zep:1
rr.dustbowl.normal.hezbollah-china.r1,dustbowl,normal,1,hezbollah,china,1,2,complete,win,hezbollah,conquest,27681,18.45,51.6,45950774,88,26950,24,50400,14950,r2hzrifle:35 r2hzat:26 r2hztechnical:12 r2hzrecoilless:6 r2hzdrone:3 r2hzrockets:3 htk:2 r2hzspotter:1,31,13560,18,14950,50400,r2cnrifle:13 r2cnportable:10 r2qilin:4 r2phl:2 r2lynx:1 r2mantis:1
rr.dustbowl.normal.turkey-america.r1,dustbowl,normal,1,turkey,america,1,2,complete,draw,,tick-cap,60001,40.0,97.9,240119659,134,86005,26,65150,80510,r2trrifle:41 r2trat:32 r2bozkir:27 r2greywolf:9 r2gokkalkan:8 r2yildirim:8 r2kuzgun:3 r2sahin:2 r2sancak:2 dog:1 r2aras:1,117,85100,29,80510,65150,e1:31 fv:20 orca:16 jumpjet:12 mtnk:8 shad:7 tany:5 aegis:4 carrier:4 dest:3 cleg:2 dlph:2 lcrf:1 mgtk:1 sref:1
rr.dustbowl.normal.america-israel.r1,dustbowl,normal,1,america,israel,1,2,complete,win,america,conquest,26617,17.74,47.3,562760848,34,19500,19,46200,12250,e1:14 mtnk:6 fv:5 aegis:2 jumpjet:2 cleg:1 dest:1 orca:1 shad:1 sref:1,30,13860,15,12250,46200,r2ilrifle:13 r2ilat:10 dog:3 r2merkava:3 r2namer:1
rr.tournament-2a.normal.turkey-yemen.r1,tournament-2A,normal,1,turkey,yemen,1,2,complete,win,yemen,conquest,15476,10.32,30.9,690710301,13,5025,7,4330,25485,r2trrifle:5 r2trat:4 r2bozkir:2 dog:1 r2aras:1,33,10240,10,25485,4330,r2ymr:14 r2yrpg:10 r2ytechrr:3 r2technical:2 r2ymlr:2 htk:1 r2yzu:1
rr.dustbowl.normal.china-saudi.r1,dustbowl,normal,1,china,saudi,1,2,complete,win,saudi,conquest,38052,25.37,64.0,1002480754,36,19620,21,20570,59010,r2cnportable:11 r2cnrifle:11 r2qilin:8 r2phl:3 r2lynx:1 r2mantis:1 r2skyspear:1,66,46170,27,59010,20570,r2sang:26 r2m1a2s:12 r2saat:9 r2sads:4 r2bradley:2 r2caesar:2 r2f15sa:2 r2sadiq:2 dog:1 lcrf:1 r2ah64sa:1 r2falcon:1 r2jubail:1 r2riyadh:1 r2sajtac:1
rr.dustbowl.normal.china-iran.r1,dustbowl,normal,1,china,iran,1,2,complete,win,iran,conquest,39086,26.06,70.7,1034423303,37,22900,26,26110,71890,r2cnportable:10 r2cnrifle:10 r2qilin:9 r2phl:3 r2cloud:1 r2mantis:1 r2redspear:1 r2skyspear:1 r2zbd:1,170,55650,31,72980,27200,r2basij:95 r2toophan:46 r2karrar:7 r2peykaap:5 r2ghadir:4 dog:3 r2fajr:2 r2raad:2 sapc:2 htk:1 r2azar:1 r2coast:1 r2toufan:1
rr.tournament-2a.normal.america-yemen.r1,tournament-2A,normal,1,america,yemen,1,2,complete,win,america,conquest,30596,20.4,48.2,1220194955,46,28900,22,28250,15100,e1:18 mtnk:6 fv:5 orca:4 cleg:3 mgtk:3 jumpjet:2 sref:2 dog:1 shad:1 tany:1,25,7795,8,15100,28250,r2yrpg:10 r2ymr:7 r2technical:3 r2ytechrr:3 htk:2
rr.dustbowl.normal.russia-hezbollah.r1,dustbowl,normal,1,russia,hezbollah,1,2,complete,draw,,tick-cap,60001,40.0,109.4,1641338529,333,115000,31,94640,87900,e2:161 flakt:93 hyd:21 shk:19 ttnk:9 htk:7 apoc:6 htnk:5 sub:4 sapc:3 sqd:2 zep:2 ivan:1,256,89710,41,88170,94910,r2hzrifle:96 r2hzat:73 r2hztechnical:34 r2hzrecoilless:17 r2hzdrone:12 r2hzscout:8 r2hzescort:6 r2hzrockets:5 htk:4 dog:1
rr.dustbowl.normal.iran-russia.r1,dustbowl,normal,1,iran,russia,1,2,complete,draw,,tick-cap,60001,40.0,96.8,1702651172,231,68740,45,76850,107220,r2basij:146 r2toophan:48 r2karrar:8 r2fajr:6 htk:5 r2peykaap:5 r2coast:2 r2ghadir:2 r2loiter:2 r2mohajer:2 r2raad:2 dog:1 r2azar:1 sapc:1,220,91200,33,106130,76350,e2:83 flakt:46 shk:38 htk:14 htnk:13 hyd:7 apoc:6 ttnk:5 sapc:4 sub:2 sqd:1 zep:1
rr.tournament-2a.normal.saudi-america.r1,tournament-2A,normal,1,saudi,america,1,2,complete,win,saudi,conquest,45109,30.07,66.2,1741278728,84,63420,28,81800,35090,r2sang:26 r2saat:17 r2m1a2s:16 r2sads:5 r2sadiq:4 r2riyadh:3 r2bradley:2 r2caesar:2 r2f15sa:2 r2falcon:2 r2jubail:2 dog:1 lcrf:1 r2ah64sa:1,65,39000,22,34040,80750,e1:23 fv:10 mtnk:7 orca:7 jumpjet:6 aegis:3 dest:3 lcrf:3 shad:2 dog:1
rr.tournament-2a.normal.hezbollah-america.r1,tournament-2A,normal,1,hezbollah,america,1,2,complete,win,hezbollah,conquest,21411,14.27,39.8,-1888363205,55,17035,17,28700,11675,r2hzrifle:21 r2hzat:17 r2hztechnical:7 r2hzrecoilless:4 r2hzdrone:3 htk:1 r2hzescort:1 r2hzrockets:1,13,4500,11,11675,28700,e1:9 mtnk:3 fv:1
rr.dustbowl.normal.yemen-russia.r1,dustbowl,normal,1,yemen,russia,1,2,complete,win,russia,conquest,55235,36.82,84.6,-1620990099,127,49075,32,65450,108580,r2yrpg:37 r2ymr:35 r2technical:20 r2ytechrr:12 htk:5 r2ymlr:5 r2sahaab:4 r2wadighost:3 r2hodeidah:2 r2mokha:2 r2yzu:1 sapc:1,212,79650,33,104830,66400,e2:98 flakt:44 shk:31 htnk:11 htk:10 ttnk:8 apoc:7 yuri:2 zep:1
rr.tournament-2a.normal.russia-israel.r1,tournament-2A,normal,1,russia,israel,1,2,complete,win,russia,conquest,8969,5.98,20.6,-1558026129,16,6200,8,17050,4700,e2:6 shk:6 htnk:2 flakt:1 htk:1,3,940,5,4700,17050,r2ilrifle:2 r2ilat:1
rr.tournament-2a.normal.america-saudi.r1,tournament-2A,normal,1,america,saudi,1,2,complete,win,america,conquest,20060,13.37,37.0,-1490212054,41,18400,19,37130,9300,e1:20 fv:6 mtnk:6 jumpjet:5 orca:2 dog:1 shad:1,17,9370,13,9300,37130,r2sang:6 r2saat:5 r2m1a2s:2 dog:1 r2bradley:1 r2caesar:1 r2sads:1
rr.dustbowl.normal.israel-america.r1,dustbowl,normal,1,israel,america,1,2,complete,win,america,conquest,38828,25.89,58.6,-1348668465,27,19980,18,28000,51390,r2ilrifle:9 r2ilat:7 r2merkava:4 r2ilhowitzer:2 dog:1 r2ilfalcon:1 r2ilgunship:1 r2ilshield:1 r2namer:1,85,58800,31,51390,28000,e1:27 mtnk:10 fv:9 jumpjet:9 shad:5 cleg:4 sref:4 aegis:3 carrier:3 orca:3 dest:2 mgtk:2 dlph:1 dog:1 lcrf:1 tany:1
rr.tournament-2a.normal.china-turkey.r1,tournament-2A,normal,1,china,turkey,1,2,complete,win,china,conquest,31105,20.74,52.6,-1118871527,55,29670,25,29390,15750,r2cnrifle:21 r2cnportable:12 r2qilin:7 r2lynx:3 r2phl:3 r2mantis:2 r2skyspear:2 r2zbd:2 dog:1 r2cloud:1 r2redspear:1,16,6980,9,15750,29390,r2trrifle:6 r2aras:3 r2bozkir:3 r2trat:3 dog:1
rr.tournament-2a.normal.israel-turkey.r1,tournament-2A,normal,1,israel,turkey,1,2,complete,win,turkey,conquest,31675,21.12,47.9,-777010305,19,13050,13,18805,43210,r2ilat:6 r2ilrifle:5 r2merkava:3 r2namer:2 dog:1 r2ilhowitzer:1 r2ilshield:1,48,29665,28,43210,18805,r2trrifle:13 r2trat:12 r2bozkir:8 r2aras:2 r2ege:2 r2kuzgun:2 r2poyraz:2 r2sahin:2 dog:1 lcrf:1 r2deniz:1 r2greywolf:1 r2yildirim:1
rr.dustbowl.normal.saudi-hezbollah.r1,dustbowl,normal,1,saudi,hezbollah,1,2,complete,win,saudi,conquest,41558,27.71,74.4,-765353714,88,61790,29,56960,31480,r2sang:32 r2saat:16 r2m1a2s:15 r2caesar:4 r2sadiq:4 r2sads:4 r2riyadh:3 r2bradley:2 r2f15sa:2 dog:1 lcrf:1 r2ah64sa:1 r2falcon:1 r2jubail:1 r2sajtac:1,59,18205,23,31480,56960,r2hzrifle:23 r2hzat:22 r2hzrecoilless:4 r2hzrockets:3 r2hztechnical:3 r2hzescort:2 htk:1 r2hzdrone:1
rr.dustbowl.normal.america-china.r1,dustbowl,normal,1,america,china,1,2,complete,draw,,tick-cap,60001,40.0,121.7,-593491845,139,98000,45,93250,102650,e1:30 jumpjet:28 fv:25 mtnk:12 shad:10 orca:8 sref:6 carrier:4 cleg:4 mgtk:3 aegis:2 dest:2 tany:2 dlph:1 dog:1 lcrf:1,154,100530,39,102650,93250,r2cnrifle:49 r2cnportable:30 r2qilin:27 r2mantis:9 r2phl:9 r2redspear:6 r2haiying:4 r2lynx:4 r2cloud:3 r2luyang:3 r2skyspear:3 r2haiwang:2 r2jiaolong:2 r2kunlun:2 dog:1
rr.tournament-2a.normal.israel-yemen.r1,tournament-2A,normal,1,israel,yemen,1,2,complete,win,yemen,conquest,9840,6.56,24.6,-293406292,5,2590,5,3705,18700,r2ilrifle:2 dog:1 r2ilat:1 r2merkava:1,18,5625,9,18700,3705,r2yrpg:8 r2ymr:5 r2ytechrr:3 htk:1 r2technical:1
rr.dustbowl.normal.america-iran.r1,dustbowl,normal,1,america,iran,1,2,complete,win,america,conquest,39838,26.56,69.0,-47821285,98,62100,25,37340,20100,e1:38 mtnk:14 fv:11 cleg:9 jumpjet:6 mgtk:6 sref:6 orca:3 shad:3 dog:1 tany:1,33,11420,13,20100,37340,r2basij:18 r2toophan:8 r2karrar:4 htk:1 r2fajr:1 r2raad:1
rr.tournament-2a.normal.saudi-russia.r1,tournament-2A,normal,1,saudi,russia,1,2,complete,win,saudi,conquest,17472,11.65,31.7,-20611125,22,13700,13,20300,4960,r2sang:10 r2saat:4 r2m1a2s:3 dog:1 r2ah64sa:1 r2bradley:1 r2caesar:1 r2f15sa:1,12,4100,8,4960,20300,e2:5 shk:4 dog:1 htk:1 htnk:1
rr.tournament-2a.normal.turkey-china.r1,tournament-2A,normal,1,turkey,china,1,2,complete,win,china,conquest,25735,17.16,54.0,300425686,14,5180,8,15060,26640,r2trrifle:6 r2trat:4 r2bozkir:2 dog:1 r2aras:1,48,21830,20,25240,13660,r2cnrifle:19 r2cnportable:10 r2qilin:10 r2lynx:2 r2mantis:2 dog:1 r2cloud:1 r2haiying:1 r2phl:1 r2zbd:1
rr.tournament-2a.normal.turkey-iran.r1,tournament-2A,normal,1,turkey,iran,1,2,complete,win,iran,conquest,22513,15.01,42.2,627870252,18,8480,10,10750,33040,r2trrifle:6 r2trat:5 r2bozkir:2 r2sancak:2 dog:1 r2aras:1 r2yildirim:1,53,18930,18,33040,10750,r2basij:27 r2toophan:14 r2karrar:6 htk:2 r2fajr:2 r2loiter:1 r2raad:1
rr.dustbowl.normal.america-turkey.r1,dustbowl,normal,1,america,turkey,1,2,complete,win,america,conquest,13241,8.83,29.1,646463400,27,11200,15,18020,4000,e1:15 mtnk:4 fv:3 jumpjet:2 dog:1 orca:1 shad:1,5,1760,6,4000,18020,r2trrifle:2 dog:1 r2sancak:1 r2trat:1
rr.dustbowl.normal.russia-yemen.r1,dustbowl,normal,1,russia,yemen,1,2,complete,draw,,tick-cap,60001,40.0,88.5,843204640,214,77550,34,89990,72700,e2:104 flakt:46 shk:15 htk:12 htnk:11 ttnk:11 hyd:5 apoc:3 ivan:2 sapc:2 sqd:1 sub:1 zep:1,224,80980,44,72700,89990,r2ymr:78 r2yrpg:69 r2technical:29 r2ytechrr:20 r2wadighost:7 r2ymlr:7 r2yzu:5 htk:3 r2hodeidah:3 r2sahaab:2 r2mokha:1
rr.tournament-2a.normal.russia-china.r1,tournament-2A,normal,1,russia,china,1,2,complete,win,russia,conquest,46668,31.11,70.5,938644878,164,55750,37,107000,45250,e2:80 flakt:39 shk:19 ttnk:5 htk:4 htnk:4 hyd:4 apoc:3 ivan:2 sapc:1 sqd:1 sub:1 zep:1,87,44910,35,44850,106600,r2cnrifle:33 r2cnportable:21 r2qilin:16 r2cloud:7 r2phl:5 r2zbd:3 r2mantis:1 r2skyspear:1
rr.tournament-2a.normal.saudi-iran.r1,tournament-2A,normal,1,saudi,iran,1,2,complete,win,iran,conquest,31704,21.14,49.3,1048321825,29,18420,18,29840,54280,r2sang:11 r2m1a2s:6 r2saat:6 dog:2 r2ah64sa:1 r2bradley:1 r2caesar:1 r2f15sa:1,117,37240,27,51080,26640,r2basij:66 r2toophan:33 r2karrar:7 htk:3 r2fajr:3 r2dronecontrol:2 r2azar:1 r2mohajer:1 r2raad:1
rr.dustbowl.normal.saudi-america.r2,dustbowl,normal,2,saudi,america,1,2,complete,draw,,tick-cap,60001,40.0,98.0,1544736482,80,62010,44,72050,88230,r2sang:23 r2saat:18 r2m1a2s:13 r2sads:8 r2caesar:6 r2ah64sa:3 r2falcon:3 r2bradley:2 r2f15sa:2 dog:1 r2sadiq:1,123,93800,32,88230,72050,e1:32 orca:18 jumpjet:16 shad:11 fv:10 mtnk:8 sref:6 aegis:4 cleg:4 carrier:3 dest:3 tany:3 mgtk:2 dlph:1 dog:1 lcrf:1
rr.tournament-2a.normal.yemen-russia.r2,tournament-2A,normal,2,yemen,russia,1,2,complete,win,yemen,conquest,22716,15.14,44.4,1646206107,63,19955,19,25200,14450,r2ymr:23 r2yrpg:18 r2technical:8 r2ytechrr:7 htk:2 r2ymlr:2 r2sahaab:1 r2samad:1 r2yzu:1,13,6300,10,14650,25400,shk:8 dog:2 htk:2 htnk:1
rr.dustbowl.normal.israel-hezbollah.r2,dustbowl,normal,2,israel,hezbollah,1,2,complete,win,israel,conquest,50869,33.91,81.1,1731747854,109,72910,29,65475,45920,r2ilrifle:48 r2ilat:23 r2merkava:16 r2ilhowitzer:7 r2ilshield:4 dog:2 r2ilfalcon:2 r2ilgunship:2 r2ilrecon:2 r2namer:2 r2ilobserver:1,65,23220,25,44870,64425,r2hzrifle:22 r2hzat:19 r2hzrecoilless:10 r2hztechnical:6 r2hzrockets:3 htk:2 r2hzdrone:1 r2hzescort:1 r2hzscout:1
rr.tournament-2a.normal.israel-yemen.r2,tournament-2A,normal,2,israel,yemen,1,2,complete,win,yemen,conquest,30031,20.02,56.0,2093401988,26,13490,16,21080,48450,r2ilrifle:12 r2ilat:8 r2merkava:3 dog:1 r2ilhowitzer:1 r2namer:1,107,33485,25,48450,21080,r2ymr:41 r2yrpg:29 r2technical:13 r2ytechrr:11 htk:4 r2ymlr:4 dog:2 r2samad:2 r2yzu:1
rr.tournament-2a.normal.israel-russia.r2,tournament-2A,normal,2,israel,russia,1,2,complete,win,israel,conquest,16231,10.82,33.8,-1767431651,22,13310,15,19900,5930,r2ilrifle:8 r2ilat:6 r2merkava:3 dog:1 r2ilhowitzer:1 r2ilpatrol:1 r2ilshield:1 r2namer:1,8,3200,8,5930,19900,shk:4 e2:3 htnk:1
rr.tournament-2a.normal.china-israel.r2,tournament-2A,normal,2,china,israel,1,2,complete,draw,,tick-cap,60001,40.0,89.2,-1753778343,58,30280,14,41000,51150,r2cnrifle:19 r2cnportable:14 r2qilin:11 r2cloud:4 r2phl:4 r2lynx:2 dog:1 r2cnnetwork:1 r2mantis:1 r2zbd:1,122,92640,30,51150,41000,r2ilrifle:37 r2ilat:26 r2merkava:17 r2ilpatrol:9 r2ilhowitzer:8 r2ilfrigate:4 r2ilobserver:4 r2ilshield:3 r2namer:3 dog:2 lcrf:2 r2ilfalcon:2 r2ilgunship:2 r2iltender:2 r2ilrecon:1
rr.dustbowl.normal.israel-russia.r2,dustbowl,normal,2,israel,russia,1,2,complete,win,russia,conquest,40781,27.19,78.9,-1635848720,43,31340,26,32250,79700,r2ilat:13 r2ilrifle:12 r2merkava:6 r2ilhowitzer:4 dog:2 r2ilshield:2 r2namer:2 r2ilfalcon:1 r2ilgunship:1,185,66700,29,79700,32250,e2:75 flakt:47 shk:30 htk:8 ttnk:8 htnk:7 dog:4 apoc:2 zep:2 hyd:1 sqd:1
rr.tournament-2a.normal.israel-america.r2,tournament-2A,normal,2,israel,america,1,2,complete,win,israel,conquest,17411,11.61,31.8,-1428560300,20,11330,14,15300,7710,r2ilrifle:9 r2ilat:5 r2merkava:3 dog:1 r2ilhowitzer:1 r2namer:1,3,600,6,7710,15300,e1:3
rr.dustbowl.normal.yemen-turkey.r2,dustbowl,normal,2,yemen,turkey,1,2,complete,win,yemen,conquest,50088,33.39,87.7,-1108428681,226,83885,32,111605,59895,r2ymr:81 r2yrpg:66 r2technical:22 r2ytechrr:17 r2hodeidah:7 r2ymlr:7 r2yzu:7 r2wadighost:6 r2sahaab:4 dog:2 htk:2 r2mokha:2 sapc:2 r2samad:1,83,45945,39,57205,113805,r2trrifle:29 r2trat:21 r2bozkir:15 r2yildirim:8 dog:2 r2aras:2 r2kuzgun:2 r2sahin:2 r2greywolf:1 r2sancak:1
rr.tournament-2a.normal.russia-yemen.r2,tournament-2A,normal,2,russia,yemen,1,2,complete,win,russia,conquest,48550,32.37,83.9,-857816356,72,33000,25,68280,27600,e2:19 shk:18 flakt:14 htk:9 htnk:6 ttnk:5 zep:1,65,24825,21,28100,70080,r2yrpg:24 r2ymr:15 r2ytechrr:9 r2technical:8 r2ymlr:4 htk:2 r2yzu:2 r2wadighost:1
rr.dustbowl.normal.saudi-hezbollah.r2,dustbowl,normal,2,saudi,hezbollah,1,2,complete,win,hezbollah,conquest,44458,29.64,73.4,-849038292,47,34800,31,43375,93460,r2sang:15 r2saat:11 r2m1a2s:8 r2caesar:4 r2sads:3 r2f15sa:2 dog:1 r2ah64sa:1 r2bradley:1 r2falcon:1,206,67590,33,93730,43645,r2hzrifle:84 r2hzat:63 r2hzrecoilless:16 r2hztechnical:13 r2hzdrone:7 r2hzrockets:6 r2hzescort:5 htk:4 r2hzscout:4 dog:2 r2hzspotter:2
rr.dustbowl.normal.russia-china.r2,dustbowl,normal,2,russia,china,1,2,complete,win,russia,conquest,38367,25.58,64.8,-226583421,76,34950,24,54050,15600,shk:22 e2:20 flakt:15 htk:6 htnk:5 ttnk:5 apoc:1 dog:1 zep:1,30,18460,19,15600,54050,r2cnportable:9 r2cnrifle:8 r2qilin:4 r2cloud:2 r2crane:1 r2lynx:1 r2mantis:1 r2phl:1 r2redspear:1 r2skyspear:1 r2zbd:1
rr.tournament-2a.normal.turkey-russia.r2,tournament-2A,normal,2,turkey,russia,1,2,complete,win,russia,conquest,31228,20.82,53.1,-111806401,34,16315,19,17300,53325,r2trrifle:13 r2trat:9 r2bozkir:6 r2sancak:2 r2yildirim:2 dog:1 r2kuzgun:1,76,30800,21,53325,17300,e2:29 flakt:14 shk:13 htnk:6 ttnk:6 htk:5 dog:1 hyd:1 sub:1
rr.dustbowl.normal.hezbollah-israel.r2,dustbowl,normal,2,hezbollah,israel,1,2,complete,win,hezbollah,conquest,38148,25.43,62.2,-20448834,145,51720,32,68780,30875,r2hzrifle:52 r2hzat:48 r2hztechnical:12 r2hzrecoilless:11 r2hzdrone:6 r2hzrockets:6 r2hzscout:4 htk:2 r2hzescort:2 r2hzspotter:2,35,25070,21,30875,68780,r2ilrifle:11 r2ilat:8 r2merkava:7 r2ilhowitzer:4 r2ilobserver:2 dog:1 r2ilshield:1 r2namer:1
rr.tournament-2a.normal.russia-israel.r2,tournament-2A,normal,2,russia,israel,1,2,complete,win,russia,conquest,34058,22.71,53.6,420607478,36,15500,16,36730,11500,e2:13 shk:8 flakt:5 htnk:4 htk:3 ttnk:3,15,9670,10,11500,36730,r2ilrifle:6 r2ilat:3 r2merkava:3 dog:1 r2ilhowitzer:1 r2namer:1
rr.tournament-2a.normal.russia-saudi.r2,tournament-2A,normal,2,russia,saudi,1,2,complete,win,russia,conquest,28559,19.04,47.1,425389790,43,19900,18,33240,16400,e2:14 shk:12 flakt:6 htnk:4 htk:3 ttnk:3 zep:1,14,8480,10,16400,33240,r2saat:4 r2sang:4 r2m1a2s:3 dog:1 r2bradley:1 r2caesar:1
rr.dustbowl.normal.hezbollah-yemen.r2,dustbowl,normal,2,hezbollah,yemen,1,2,complete,win,yemen,conquest,47183,31.46,77.3,607232214,65,20145,20,52475,57500,r2hzrifle:27 r2hzat:18 r2hztechnical:9 r2hzrecoilless:6 r2hzrockets:4 r2hzescort:1,186,70470,38,56500,51975,r2ymr:72 r2yrpg:44 r2technical:20 r2ytechrr:15 r2hodeidah:7 r2ymlr:7 r2wadighost:5 htk:4 r2yzu:4 r2sahaab:3 r2mokha:2 r2yspot:2 sapc:1
rr.tournament-2a.normal.iran-yemen.r2,tournament-2A,normal,2,iran,yemen,1,2,complete,win,yemen,conquest,45479,30.32,69.8,895341732,85,27630,25,48390,70000,r2basij:52 r2toophan:16 r2karrar:10 r2loiter:2 r2raad:2 r2coast:1 r2fajr:1 r2toufan:1,168,64175,38,69200,50310,r2ymr:55 r2yrpg:48 r2technical:21 r2ytechrr:14 r2wadighost:6 r2ymlr:6 r2samad:3 r2yzu:3 dog:2 htk:2 r2hodeidah:2 r2sahaab:2 r2yspot:2 r2mokha:1 sapc:1
rr.tournament-2a.normal.america-saudi.r2,tournament-2A,normal,2,america,saudi,1,2,complete,win,america,conquest,17596,11.73,33.1,958131038,34,14000,16,30140,11400,e1:20 mtnk:6 fv:3 jumpjet:3 orca:1 shad:1,11,6880,9,11400,30140,r2sang:4 r2m1a2s:3 r2bradley:2 r2saat:2
rr.tournament-2a.normal.china-iran.r2,tournament-2A,normal,2,china,iran,1,2,complete,win,china,conquest,31687,21.12,49.1,1286430884,90,44920,26,37360,25630,r2cnrifle:36 r2cnportable:19 r2qilin:17 r2phl:4 r2lynx:3 r2zbd:3 r2mantis:2 r2skyspear:2 dog:1 r2cloud:1 r2cnnetwork:1 r2redspear:1,46,15840,11,25630,37360,r2basij:21 r2toophan:14 r2karrar:5 dog:3 htk:1 r2fajr:1 r2raad:1
rr.dustbowl.normal.turkey-israel.r2,dustbowl,normal,2,turkey,israel,1,2,complete,win,israel,conquest,36374,24.25,63.1,1381508244,34,17865,22,21640,60375,r2trrifle:13 r2trat:7 r2bozkir:5 r2aras:2 r2kuzgun:2 r2yildirim:2 dog:1 r2greywolf:1 r2sancak:1,62,44490,28,61425,22690,r2ilrifle:27 r2ilat:10 r2merkava:10 r2ilhowitzer:4 r2ilshield:3 r2ilfalcon:2 r2namer:2 dog:1 r2ilgunship:1 r2ilobserver:1 r2ilrecon:1
rr.tournament-2a.normal.iran-hezbollah.r2,tournament-2A,normal,2,iran,hezbollah,1,2,complete,win,iran,conquest,40281,26.85,63.0,1597467330,114,44570,32,40535,33160,r2basij:53 r2toophan:29 r2karrar:12 htk:6 r2fajr:4 dog:2 r2ghadir:2 r2peykaap:2 r2coast:1 r2mohajer:1 r2raad:1 sapc:1,43,13330,14,33010,41335,r2hzrifle:18 r2hzat:10 r2hztechnical:7 r2hzrecoilless:4 r2hzrockets:2 htk:1 r2hzescort:1
rr.dustbowl.normal.saudi-iran.r2,dustbowl,normal,2,saudi,iran,1,2,complete,win,iran,conquest,47705,31.8,74.5,1780422963,36,27840,25,38400,75500,r2sang:12 r2saat:8 r2m1a2s:6 r2f15sa:3 r2ah64sa:2 r2caesar:2 dog:1 r2bradley:1 r2sads:1,159,67150,33,75500,38400,r2basij:70 r2toophan:40 r2karrar:14 r2peykaap:7 r2ghadir:6 r2fajr:5 htk:4 r2loiter:3 sapc:3 dog:2 r2mohajer:2 r2toufan:2 r2coast:1
rr.tournament-2a.normal.israel-china.r2,tournament-2A,normal,2,israel,china,1,2,complete,win,china,conquest,27693,18.46,49.7,2009805325,19,11860,14,28560,41870,r2ilrifle:8 r2ilat:5 r2merkava:2 dog:1 r2ilfalcon:1 r2ilhowitzer:1 r2namer:1,71,37790,28,41870,28560,r2cnrifle:27 r2cnportable:16 r2qilin:12 r2mantis:3 r2phl:3 r2cloud:2 r2cnnetwork:2 r2skyspear:2 r2crane:1 r2lynx:1 r2redspear:1 r2zbd:1
rr.dustbowl.normal.russia-turkey.r2,dustbowl,normal,2,russia,turkey,1,2,complete,win,russia,conquest,24261,16.17,44.0,-2066319570,48,22000,17,33435,9600,shk:13 e2:11 flakt:10 htk:6 htnk:4 ttnk:4,17,9325,12,9600,33435,r2trrifle:5 r2bozkir:4 r2trat:3 r2sancak:2 dog:1 r2aras:1 r2yildirim:1
rr.dustbowl.normal.china-yemen.r2,dustbowl,normal,2,china,yemen,1,2,complete,win,yemen,conquest,24961,16.64,47.1,-1781653653,18,8380,13,9840,37120,r2cnrifle:9 r2cnportable:3 r2mantis:2 r2qilin:2 r2phl:1 r2zbd:1,72,25565,20,37420,10140,r2ymr:24 r2yrpg:20 r2technical:9 r2ytechrr:6 r2hodeidah:2 r2sahaab:2 r2samad:2 r2ymlr:2 htk:1 r2mokha:1 r2yspot:1 r2yzu:1 sapc:1
rr.dustbowl.normal.iran-yemen.r2,dustbowl,normal,2,iran,yemen,1,2,complete,draw,,tick-cap,60001,40.0,93.7,-1768273024,114,49000,42,63935,66690,r2basij:45 r2toophan:44 r2fajr:8 r2karrar:6 r2mohajer:4 r2raad:4 dog:2 r2toufan:1,154,63725,31,62910,61555,r2ymr:45 r2yrpg:43 r2technical:19 r2ytechrr:12 r2hodeidah:7 r2ymlr:6 htk:5 r2wadighost:5 r2sahaab:3 r2yzu:3 dog:2 r2mokha:2 sapc:2
rr.tournament-2a.normal.turkey-iran.r2,tournament-2A,normal,2,turkey,iran,1,2,complete,win,iran,conquest,9208,6.14,21.8,-1626775948,2,555,5,1390,13565,r2trat:1 r2trrifle:1,21,5620,8,13565,1390,r2basij:13 r2toophan:5 r2karrar:2 htk:1
rr.dustbowl.normal.iran-america.r2,dustbowl,normal,2,iran,america,1,2,complete,win,america,conquest,42243,28.16,66.9,-1407529341,78,29830,19,21550,67200,r2basij:37 r2toophan:26 r2karrar:6 r2fajr:4 r2raad:2 htk:1 r2coast:1 r2loiter:1,87,51000,28,65500,21100,e1:40 mtnk:14 fv:8 cleg:4 sref:4 aegis:2 carrier:2 dest:2 jumpjet:2 orca:2 shad:2 dlph:1 dog:1 lcrf:1 mgtk:1 tany:1
rr.tournament-2a.normal.yemen-iran.r2,tournament-2A,normal,2,yemen,iran,1,2,complete,win,yemen,conquest,34702,23.13,52.5,-1314019953,112,37935,29,49130,26955,r2ymr:41 r2yrpg:29 r2technical:15 r2ytechrr:13 r2ymlr:5 r2yzu:3 htk:2 r2samad:2 dog:1 r2wadighost:1,54,20640,17,27135,50560,r2basij:26 r2toophan:17 r2karrar:6 r2fajr:2 htk:1 r2raad:1 r2toufan:1
rr.dustbowl.normal.turkey-china.r2,dustbowl,normal,2,turkey,china,1,2,complete,draw,,tick-cap,60001,40.0,107.6,-833326781,123,91215,34,89100,63495,r2trrifle:33 r2trat:27 r2bozkir:22 r2ege:6 r2marmara:6 r2turna:6 r2yildirim:6 r2greywolf:4 lcrf:3 r2aras:2 r2gokkalkan:2 r2sahin:2 dog:1 r2deniz:1 r2kuzgun:1 r2poyraz:1,67,48260,47,63495,89100,r2cnrifle:18 r2cnportable:16 r2qilin:9 r2cloud:7 r2phl:5 r2redspear:4 r2skyspear:4 r2mantis:2 r2zbd:2
rr.tournament-2a.normal.turkey-china.r2,tournament-2A,normal,2,turkey,china,1,2,complete,win,turkey,conquest,49866,33.24,70.7,-785795819,75,47730,30,70350,29765,r2trrifle:26 r2trat:14 r2bozkir:12 r2aras:4 r2ege:3 r2marmara:3 r2greywolf:2 r2sancak:2 r2yildirim:2 dog:1 lcrf:1 r2deniz:1 r2gokkalkan:1 r2kuzgun:1 r2sahin:1 r2turna:1,69,31360,19,28765,69350,r2cnrifle:28 r2cnportable:20 r2qilin:9 dog:3 r2phl:2 r2skyspear:2 r2cloud:1 r2lynx:1 r2mantis:1 r2redspear:1 r2zbd:1
rr.dustbowl.normal.yemen-iran.r2,dustbowl,normal,2,yemen,iran,1,2,complete,draw,,tick-cap,60001,40.0,113.7,-739004734,193,77245,46,101870,90930,r2yrpg:60 r2ymr:57 r2technical:27 r2ytechrr:18 r2wadighost:9 r2ymlr:8 r2yzu:6 r2sahaab:4 r2hodeidah:2 r2mokha:1 sapc:1,282,105300,45,90930,101870,r2basij:145 r2toophan:71 r2karrar:21 r2coast:8 r2peykaap:7 r2dronecontrol:6 r2fajr:5 r2ghadir:5 htk:4 r2loiter:3 dog:2 sapc:2 r2azar:1 r2mohajer:1 r2toufan:1
rr.tournament-2a.normal.israel-saudi.r2,tournament-2A,normal,2,israel,saudi,1,2,complete,win,saudi,conquest,14446,9.63,32.1,-78138448,2,700,4,5620,14810,dog:1 r2ilat:1,16,10120,11,14810,5620,r2sang:6 r2m1a2s:3 r2saat:3 dog:1 r2ah64sa:1 r2bradley:1 r2caesar:1
rr.dustbowl.normal.hezbollah-saudi.r2,dustbowl,normal,2,hezbollah,saudi,1,2,complete,win,hezbollah,conquest,36953,24.64,80.3,245158690,140,47280,31,65080,27085,r2hzrifle:58 r2hzat:35 r2hztechnical:14 r2hzrecoilless:12 r2hzdrone:6 r2hzrockets:6 r2hzescort:3 htk:2 r2hzscout:2 r2hzspotter:2,35,18920,22,27085,65080,r2sang:16 r2saat:8 r2m1a2s:6 r2caesar:3 dog:1 r2bradley:1
rr.tournament-2a.normal.hezbollah-china.r2,tournament-2A,normal,2,hezbollah,china,1,2,complete,win,hezbollah,conquest,28569,19.05,44.9,248827279,87,26970,24,49510,16870,r2hzrifle:32 r2hzat:25 r2hztechnical:14 r2hzrecoilless:7 r2hzdrone:3 htk:2 r2hzrockets:2 dog:1 r2hzescort:1,29,13270,19,18270,50910,r2cnrifle:11 r2cnportable:9 r2qilin:6 r2phl:2 r2lynx:1
rr.tournament-2a.normal.america-iran.r2,tournament-2A,normal,2,america,iran,1,2,complete,win,iran,conquest,17217,11.48,33.5,405734007,4,800,5,6480,15700,e1:4,39,14210,14,15700,6480,r2basij:19 r2toophan:11 r2karrar:4 htk:2 r2fajr:2 r2dronecontrol:1
rr.tournament-2a.normal.iran-israel.r2,tournament-2A,normal,2,iran,israel,1,2,complete,draw,,tick-cap,60001,40.0,90.1,699675156,161,52430,34,83710,68740,r2basij:97 r2toophan:36 r2karrar:9 r2coast:4 r2dronecontrol:3 r2fajr:3 dog:2 htk:2 r2toufan:2 r2azar:1 r2mohajer:1 r2raad:1,73,52950,32,69790,84760,r2ilrifle:30 r2ilat:14 r2merkava:14 r2ilhowitzer:5 r2ilshield:4 r2ilfalcon:2 r2namer:2 dog:1 r2ilrecon:1
rr.dustbowl.normal.russia-hezbollah.r2,dustbowl,normal,2,russia,hezbollah,1,2,complete,win,russia,conquest,52183,34.79,92.3,736875290,185,78300,32,81505,47150,e2:75 flakt:34 shk:30 htk:9 htnk:9 ttnk:9 apoc:6 hyd:6 dog:2 sqd:2 sapc:1 sub:1 zep:1,109,31750,23,44750,82805,r2hzrifle:50 r2hzat:30 r2hztechnical:13 r2hzrecoilless:8 r2hzrockets:5 r2hzdrone:2 htk:1
rr.dustbowl.normal.america-iran.r2,dustbowl,normal,2,america,iran,1,2,complete,win,america,conquest,17177,11.45,38.0,1050509488,48,20400,18,23900,8900,e1:26 mtnk:10 fv:5 jumpjet:3 shad:2 dog:1 orca:1,14,4630,8,8900,23900,r2basij:7 r2toophan:4 r2karrar:2 htk:1
rr.dustbowl.normal.china-america.r2,dustbowl,normal,2,china,america,1,2,complete,draw,,tick-cap,60001,40.0,115.7,1426002145,119,80320,34,55000,62590,r2cnrifle:36 r2cnportable:23 r2qilin:20 r2mantis:6 r2phl:6 r2redspear:5 r2cloud:4 r2haiying:3 r2luyang:3 r2lynx:3 r2haiwang:2 r2jiaolong:2 r2kunlun:2 r2skyspear:2 dog:1 r2crane:1,64,41600,33,62590,55000,e1:20 fv:11 orca:9 mtnk:7 jumpjet:5 tany:4 shad:3 sref:3 cleg:1 dog:1
rr.tournament-2a.normal.turkey-saudi.r2,tournament-2A,normal,2,turkey,saudi,1,2,complete,win,saudi,conquest,11041,7.36,24.5,1598107880,5,1810,5,3480,17070,r2trrifle:2 dog:1 r2bozkir:1 r2trat:1,18,9640,11,17070,3480,r2sang:7 r2saat:5 r2m1a2s:3 dog:1 r2bradley:1 r2caesar:1
rr.tournament-2a.normal.yemen-saudi.r2,tournament-2A,normal,2,yemen,saudi,1,2,complete,win,yemen,conquest,32864,21.91,53.0,1658423821,76,25355,24,50090,22430,r2yrpg:28 r2ymr:23 r2ytechrr:9 r2technical:8 r2ymlr:4 htk:3 r2yzu:1,25,16230,15,22430,50090,r2sang:9 r2saat:6 r2m1a2s:5 r2caesar:2 dog:1 r2bradley:1 r2f15sa:1
rr.tournament-2a.normal.saudi-iran.r2,tournament-2A,normal,2,saudi,iran,1,2,complete,win,saudi,conquest,56017,37.34,79.9,1843789215,114,86150,30,77680,56150,r2sang:35 r2saat:21 r2m1a2s:20 r2sadiq:7 r2sads:6 r2riyadh:5 r2bradley:4 r2caesar:3 r2falcon:3 dog:2 lcrf:2 r2ah64sa:2 r2f15sa:2 r2jubail:2,88,40200,23,53770,77770,r2basij:35 r2toophan:22 r2karrar:10 r2peykaap:7 r2fajr:5 htk:4 r2raad:2 r2ghadir:1 r2mohajer:1 sapc:1
rr.dustbowl.normal.america-china.r2,dustbowl,normal,2,america,china,1,2,complete,win,china,conquest,47506,31.67,100.3,-2105010411,53,34700,22,42580,81800,e1:15 jumpjet:12 fv:7 orca:7 mtnk:5 shad:3 cleg:2 sref:2,119,80840,29,83450,44230,r2cnrifle:37 r2cnportable:21 r2qilin:16 r2mantis:7 r2phl:6 r2haiying:4 r2jiaolong:4 r2lynx:4 r2redspear:4 r2luyang:3 r2skyspear:3 dog:2 r2cloud:2 r2haiwang:2 r2kunlun:2 r2crane:1 r2zbd:1
rr.tournament-2a.normal.hezbollah-yemen.r2,tournament-2A,normal,2,hezbollah,yemen,1,2,complete,win,yemen,conquest,24348,16.23,44.6,-1709488887,19,4895,6,12645,23050,r2hzat:9 r2hzrifle:7 dog:1 htk:1 r2hzrecoilless:1,51,15535,18,23550,13145,r2ymr:21 r2yrpg:14 r2technical:6 r2ytechrr:4 htk:3 r2ymlr:2 r2yzu:1
rr.dustbowl.normal.saudi-russia.r2,dustbowl,normal,2,saudi,russia,1,2,complete,win,russia,conquest,43297,28.86,93.1,-1645734429,62,38860,31,31500,93220,r2sang:23 r2saat:15 r2m1a2s:12 r2sads:4 r2caesar:3 dog:2 r2ah64sa:1 r2bradley:1 r2f15sa:1,184,55850,27,93220,31500,e2:91 flakt:43 shk:28 htk:5 htnk:5 dog:4 ttnk:4 apoc:3 zep:1
rr.tournament-2a.normal.america-hezbollah.r2,tournament-2A,normal,2,america,hezbollah,1,2,complete,win,america,conquest,14761,9.84,31.0,-1260214285,25,10900,13,19010,4300,e1:13 mtnk:5 fv:2 jumpjet:2 dog:1 orca:1 shad:1,10,2955,7,4300,19010,r2hzat:5 r2hzrifle:3 htk:1 r2hzrecoilless:1
rr.tournament-2a.normal.america-china.r2,tournament-2A,normal,2,america,china,1,2,complete,win,america,conquest,20625,13.75,37.3,-1100147414,61,24300,18,36940,14900,e1:34 mtnk:11 fv:9 jumpjet:3 dog:2 orca:1 shad:1,23,8270,14,15070,37110,r2cnrifle:11 r2cnportable:8 r2qilin:2 r2mantis:1 r2zbd:1
rr.tournament-2a.normal.russia-iran.r2,tournament-2A,normal,2,russia,iran,1,2,complete,win,russia,conquest,42517,28.34,64.6,-949840579,87,37800,31,56150,29000,e2:34 shk:19 flakt:14 htnk:5 apoc:4 htk:4 ttnk:4 dog:2 zep:1,64,24580,20,28200,57250,r2basij:32 r2toophan:16 r2karrar:9 r2fajr:3 htk:2 r2mohajer:1 r2raad:1
rr.tournament-2a.normal.china-turkey.r2,tournament-2A,normal,2,china,turkey,1,2,complete,win,turkey,conquest,36901,24.6,54.8,-720405398,28,16040,17,33545,52680,r2cnportable:10 r2cnrifle:7 r2lynx:3 r2qilin:3 r2cloud:1 r2phl:1 r2redspear:1 r2skyspear:1 r2zbd:1,115,69795,28,52680,33545,r2trrifle:39 r2trat:23 r2bozkir:14 r2ege:7 r2poyraz:5 r2yildirim:5 r2aras:4 lcrf:3 r2marmara:3 dog:2 r2gokkalkan:2 r2kuzgun:2 r2sahin:2 r2sancak:2 r2greywolf:1 r2turna:1
rr.tournament-2a.normal.china-hezbollah.r2,tournament-2A,normal,2,china,hezbollah,1,2,complete,win,hezbollah,conquest,31446,20.96,48.7,-712221173,34,16360,19,19855,57550,r2cnrifle:13 r2cnportable:8 r2qilin:7 r2cloud:2 r2phl:2 dog:1 r2zbd:1,86,26875,23,57950,20255,r2hzrifle:35 r2hzat:22 r2hztechnical:14 r2hzrecoilless:5 r2hzdrone:4 htk:3 r2hzrockets:2 r2hzmissileboat:1
rr.dustbowl.normal.turkey-saudi.r2,dustbowl,normal,2,turkey,saudi,1,2,complete,win,turkey,conquest,15777,10.52,39.8,-306259422,35,14830,15,17160,9505,r2trrifle:16 r2trat:8 r2bozkir:6 r2sancak:2 dog:1 r2aras:1 r2yildirim:1,3,1200,5,9505,17160,r2saat:2 dog:1
rr.dustbowl.normal.hezbollah-america.r2,dustbowl,normal,2,hezbollah,america,1,2,complete,win,america,conquest,50175,33.45,101.5,-230240377,94,31755,27,39900,68610,r2hzrifle:33 r2hzat:27 r2hztechnical:14 r2hzrecoilless:9 r2hzrockets:4 htk:3 r2hzescort:2 r2hzdrone:1 r2hzscout:1,127,75200,27,68410,39900,e1:53 mtnk:16 fv:15 jumpjet:10 cleg:8 sref:7 mgtk:6 shad:5 orca:4 tany:2 dog:1
rr.tournament-2a.normal.saudi-hezbollah.r2,tournament-2A,normal,2,saudi,hezbollah,1,2,complete,win,hezbollah,conquest,16516,11.01,32.7,-174836218,2,700,4,6300,13160,dog:1 r2saat:1,26,7585,9,13160,6300,r2hzrifle:11 r2hzat:8 r2hztechnical:3 r2hzrecoilless:2 htk:1 r2hzrockets:1
rr.tournament-2a.normal.yemen-china.r2,tournament-2A,normal,2,yemen,china,1,2,complete,win,yemen,conquest,10204,6.8,22.7,93887481,28,8320,10,14330,4045,r2ymr:12 r2yrpg:9 r2technical:2 r2ytechrr:2 r2yzu:2 r2ymlr:1,3,740,5,4045,14330,r2cnrifle:2 r2cnportable:1
rr.dustbowl.normal.china-russia.r2,dustbowl,normal,2,china,russia,1,2,complete,win,russia,conquest,55825,37.22,124.5,152332491,100,64220,44,45750,139210,r2cnrifle:31 r2cnportable:23 r2qilin:18 r2phl:8 r2skyspear:5 r2cloud:4 r2redspear:4 r2mantis:3 dog:1 r2cnnetwork:1 r2lynx:1 r2zbd:1,173,69000,29,139210,45750,e2:61 flakt:50 shk:27 htk:11 ttnk:10 htnk:5 apoc:4 ivan:2 zep:2 dog:1
rr.tournament-2a.normal.america-israel.r2,tournament-2A,normal,2,america,israel,1,2,complete,win,america,conquest,14110,9.41,27.9,321328073,49,19000,17,31460,6700,e1:30 mtnk:10 fv:5 dog:1 jumpjet:1 orca:1 shad:1,15,7400,12,6700,31460,r2ilat:6 r2ilrifle:5 dog:2 r2merkava:2
rr.dustbowl.normal.iran-saudi.r2,dustbowl,normal,2,iran,saudi,1,2,complete,draw,,tick-cap,60001,40.0,121.1,601437067,157,62500,40,65650,75560,r2basij:75 r2toophan:54 r2fajr:10 r2karrar:4 htk:3 r2azar:3 r2raad:3 dog:1 r2ghadir:1 r2mohajer:1 r2peykaap:1 r2toufan:1,68,59550,38,77560,68150,r2saat:19 r2m1a2s:12 r2sang:10 r2caesar:5 r2sadiq:5 r2sads:4 r2f15sa:3 r2ah64sa:2 r2falcon:2 r2riyadh:2 dog:1 lcrf:1 r2bradley:1 r2jubail:1
rr.tournament-2a.normal.yemen-israel.r2,tournament-2A,normal,2,yemen,israel,1,2,complete,win,yemen,conquest,47006,31.34,70.0,787272914,232,82605,35,77030,37600,r2ymr:93 r2yrpg:72 r2technical:14 r2hodeidah:13 r2ytechrr:9 r2mokha:5 r2sahaab:4 r2wadighost:4 r2ymlr:4 r2yspot:4 htk:3 dog:2 r2yzu:2 sapc:2 r2samad:1,49,35720,23,37600,77030,r2ilrifle:16 r2ilat:12 r2merkava:6 r2ilhowitzer:4 dog:2 r2ilobserver:2 r2ilpatrol:2 amcv:1 r2ilfalcon:1 r2ilfrigate:1 r2iltender:1 r2namer:1
rr.tournament-2a.normal.hezbollah-iran.r2,tournament-2A,normal,2,hezbollah,iran,1,2,complete,draw,,tick-cap,60001,40.0,85.3,1397249695,163,64545,34,61040,70215,r2hzrifle:57 r2hzat:52 r2hztechnical:11 r2hzrecoilless:8 r2hzscout:8 r2hzmissileboat:4 r2hzrockets:4 r2hzdrone:3 r2hzescort:3 r2hzskiff:3 r2hzsurvey:3 dog:2 r2hzspotter:2 sapc:2 htk:1,128,47890,36,70215,61040,r2basij:61 r2toophan:44 r2karrar:10 r2fajr:4 dog:2 r2coast:2 htk:1 r2azar:1 r2loiter:1 r2raad:1 r2toufan:1
rr.tournament-2a.normal.china-saudi.r2,tournament-2A,normal,2,china,saudi,1,2,complete,win,china,conquest,35844,23.9,55.5,1487922844,89,48700,31,54960,31200,r2cnrifle:30 r2cnportable:22 r2qilin:18 r2phl:4 r2cloud:3 r2mantis:3 r2lynx:2 r2redspear:2 r2skyspear:2 dog:1 r2cnnetwork:1 r2crane:1,22,16050,19,29550,53310,r2saat:5 r2sang:5 r2m1a2s:4 dog:2 r2ah64sa:1 r2bradley:1 r2caesar:1 r2f15sa:1 r2sads:1 r2sajtac:1
rr.tournament-2a.normal.yemen-turkey.r2,tournament-2A,normal,2,yemen,turkey,1,2,complete,win,yemen,conquest,28393,18.93,44.1,1811001234,101,31415,23,39400,17540,r2ymr:39 r2yrpg:30 r2technical:13 r2ytechrr:8 r2ymlr:4 htk:3 r2samad:2 r2yspot:2,21,9190,13,17540,39400,r2trrifle:8 r2trat:6 r2bozkir:5 dog:1 r2sancak:1
rr.dustbowl.normal.china-iran.r2,dustbowl,normal,2,china,iran,1,2,complete,draw,,tick-cap,60001,40.0,129.0,2044339946,148,96810,29,88030,68560,r2cnrifle:43 r2cnportable:31 r2qilin:26 r2lynx:6 r2redspear:6 r2haiying:5 r2phl:5 r2cloud:4 r2jiaolong:4 r2luyang:4 r2zbd:3 r2crane:2 r2haiwang:2 r2kunlun:2 r2mantis:2 r2skyspear:2 dog:1,130,52790,41,69800,93490,r2basij:56 r2toophan:49 r2fajr:6 r2karrar:5 r2raad:5 htk:4 r2toufan:2 dog:1 r2azar:1 r2coast:1
rr.dustbowl.normal.turkey-hezbollah.r2,dustbowl,normal,2,turkey,hezbollah,1,2,complete,win,hezbollah,conquest,46520,31.01,117.6,-2043967190,101,56625,38,67495,121885,r2trrifle:35 r2trat:28 r2bozkir:16 r2yildirim:6 r2greywolf:3 r2sancak:3 r2deniz:2 r2sahin:2 dog:1 r2aras:1 r2gokkalkan:1 r2kuzgun:1 r2trdroneop:1 r2turna:1,284,89520,36,121335,66945,r2hzrifle:122 r2hzat:77 r2hztechnical:33 r2hzrecoilless:16 r2hzdrone:8 r2hzescort:7 r2hzrockets:7 htk:6 r2hzscout:5 dog:3
rr.dustbowl.normal.china-saudi.r2,dustbowl,normal,2,china,saudi,1,2,complete,win,saudi,conquest,17367,11.58,41.6,-2038805560,6,2440,6,6840,21430,r2cnportable:2 r2cnrifle:2 r2lynx:1 r2qilin:1,21,12010,14,21430,6840,r2sang:8 r2saat:5 r2m1a2s:4 dog:1 r2bradley:1 r2caesar:1 r2sads:1
rr.tournament-2a.normal.israel-turkey.r2,tournament-2A,normal,2,israel,turkey,1,2,complete,win,israel,conquest,13854,9.24,28.7,-1622937001,18,9810,13,22620,4490,r2ilrifle:8 r2ilat:4 r2merkava:2 dog:1 r2ilhowitzer:1 r2ilpatrol:1 r2namer:1,8,3760,6,4490,22620,r2bozkir:2 r2trat:2 r2trrifle:2 dog:1 r2aras:1
rr.dustbowl.normal.israel-china.r2,dustbowl,normal,2,israel,china,1,2,complete,draw,,tick-cap,60001,40.0,126.9,-1334380712,136,97230,30,101140,87770,r2ilrifle:54 r2ilat:32 r2merkava:19 r2ilshield:8 r2ilhowitzer:7 r2ilgunship:6 r2ilrecon:4 r2ilfalcon:2 r2ilobserver:2 dog:1 r2namer:1,105,70050,46,84380,97750,r2cnrifle:30 r2cnportable:28 r2qilin:14 r2phl:10 r2cloud:5 r2redspear:5 r2crane:3 r2mantis:3 r2skyspear:3 r2lynx:2 r2zbd:2
rr.tournament-2a.normal.iran-saudi.r2,tournament-2A,normal,2,iran,saudi,1,2,complete,draw,,tick-cap,60001,40.0,83.8,-960819084,96,39080,26,79820,67050,r2basij:42 r2toophan:30 r2karrar:11 htk:4 r2fajr:4 dog:1 r2azar:1 r2coast:1 r2loiter:1 r2raad:1,128,49820,19,67270,80040,r2sang:71 r2saat:44 r2m1a2s:5 dog:2 r2bradley:2 r2caesar:2 r2sads:2
rr.tournament-2a.normal.hezbollah-russia.r2,tournament-2A,normal,2,hezbollah,russia,1,2,complete,draw,,tick-cap,60001,40.0,84.4,-867097890,150,64850,35,58700,67905,r2hzrifle:50 r2hzat:37 r2hztechnical:10 r2hzrecoilless:9 r2hzdrone:8 r2hzscout:7 r2hzmissileboat:5 r2hzrockets:5 r2hzescort:4 r2hzskiff:4 r2hzsurvey:4 htk:3 dog:2 sapc:2,124,56000,33,66805,58200,e2:41 flakt:23 shk:23 htnk:12 ttnk:10 htk:6 hyd:3 dog:2 ivan:1 sqd:1 sub:1 zep:1
rr.tournament-2a.normal.israel-hezbollah.r2,tournament-2A,normal,2,israel,hezbollah,1,2,complete,win,hezbollah,conquest,42208,28.14,62.8,-119183306,27,18870,17,28805,53030,r2ilat:7 r2ilrifle:6 r2merkava:4 dog:2 r2ilhowitzer:2 r2ilpatrol:2 r2namer:2 lcrf:1 r2ilshield:1,202,68935,34,53030,28805,r2hzrifle:81 r2hzat:57 r2hztechnical:22 r2hzrecoilless:13 r2hzdrone:6 r2hzrockets:5 r2hzscout:4 r2hzmissileboat:3 dog:2 htk:2 r2hzescort:2 r2hzspotter:2 sapc:2 r2hzsurvey:1
rr.dustbowl.normal.israel-turkey.r2,dustbowl,normal,2,israel,turkey,1,2,complete,win,israel,conquest,11906,7.94,31.7,-65567299,20,11800,13,16675,3920,r2ilrifle:10 r2ilat:4 r2merkava:2 dog:1 r2ilfalcon:1 r2ilhowitzer:1 r2namer:1,4,865,6,3920,16675,r2trrifle:3 r2trat:1
rr.tournament-2a.normal.saudi-america.r2,tournament-2A,normal,2,saudi,america,1,2,complete,win,america,conquest,30992,20.66,48.9,-23825281,23,13890,15,35500,46350,r2saat:8 r2sang:7 r2m1a2s:3 dog:1 r2ah64sa:1 r2bradley:1 r2caesar:1 r2sads:1,78,30300,10,46350,35500,e1:47 mtnk:15 fv:10 shad:4 dog:2
rr.dustbowl.normal.saudi-yemen.r2,dustbowl,normal,2,saudi,yemen,1,2,complete,draw,,tick-cap,60001,40.0,136.0,253294034,73,58950,41,66490,95010,r2sang:20 r2saat:19 r2m1a2s:14 r2caesar:5 r2f15sa:4 r2ah64sa:3 r2falcon:3 r2sads:2 dog:1 r2bradley:1 r2sadiq:1,191,71545,41,95010,66490,r2ymr:67 r2yrpg:58 r2technical:17 r2ytechrr:10 r2ymlr:7 r2sahaab:6 r2wadighost:6 r2hodeidah:5 htk:4 r2yzu:4 r2mokha:3 dog:2 sapc:2
rr.tournament-2a.normal.iran-russia.r2,tournament-2A,normal,2,iran,russia,1,2,complete,win,russia,conquest,25939,17.29,42.6,467004378,16,6840,7,13700,23560,r2basij:6 r2toophan:5 r2karrar:3 htk:1 r2raad:1,43,21400,18,21560,11700,shk:16 e2:7 flakt:7 htk:5 htnk:5 ttnk:3
rr.dustbowl.normal.iran-russia.r2,dustbowl,normal,2,iran,russia,1,2,complete,win,iran,conquest,24573,16.38,60.9,505898378,73,26770,20,22900,14710,r2basij:38 r2toophan:19 r2karrar:7 r2fajr:4 htk:2 dog:1 r2raad:1 r2toufan:1,15,4100,9,14710,22900,e2:8 shk:6 flakt:1
rr.tournament-2a.normal.saudi-israel.r2,tournament-2A,normal,2,saudi,israel,1,2,complete,draw,,tick-cap,60001,40.0,86.2,896269453,35,28260,26,28720,16550,r2saat:9 r2sang:8 r2m1a2s:7 r2bradley:3 r2caesar:2 r2f15sa:2 dog:1 r2ah64sa:1 r2falcon:1 r2sads:1,9,5810,8,16550,28720,r2ilrifle:3 r2ilat:2 r2merkava:2 dog:1 r2namer:1
rr.dustbowl.normal.yemen-hezbollah.r2,dustbowl,normal,2,yemen,hezbollah,1,2,complete,draw,,tick-cap,60001,40.0,106.7,1117297200,186,77125,50,98915,82930,r2ymr:55 r2yrpg:54 r2technical:23 r2ytechrr:17 r2wadighost:9 r2ymlr:8 htk:6 r2hodeidah:4 r2yzu:3 dog:2 r2mokha:2 r2sahaab:2 sapc:1,292,106810,33,82930,100895,r2hzrifle:136 r2hzat:64 r2hzrecoilless:25 r2hzdrone:16 r2hzrockets:13 r2hzscout:13 r2hztechnical:11 htk:7 r2hzescort:3 dog:2 r2hzspotter:2
rr.tournament-2a.normal.iran-china.r2,tournament-2A,normal,2,iran,china,1,2,complete,win,iran,conquest,37232,24.82,57.1,1613810624,149,55230,31,54110,34310,r2basij:77 r2toophan:39 r2karrar:10 r2coast:4 dog:3 htk:2 r2dronecontrol:2 r2fajr:2 r2ghadir:2 r2peykaap:2 r2raad:2 r2azar:1 r2mohajer:1 r2toufan:1 sapc:1,46,30170,12,34310,54110,r2cnportable:14 r2cnrifle:11 r2qilin:5 r2haiying:3 r2luyang:2 r2cloud:1 r2cnnetwork:1 r2haiwang:1 r2jiaolong:1 r2kunlun:1 r2lynx:1 r2mantis:1 r2phl:1 r2redspear:1 r2skyspear:1 r2zbd:1
rr.tournament-2a.normal.yemen-america.r2,tournament-2A,normal,2,yemen,america,1,2,complete,win,america,conquest,27370,18.25,43.4,1759412861,46,14395,13,26100,39600,r2ymr:17 r2yrpg:14 r2ytechrr:6 r2technical:4 htk:3 r2ymlr:1 r2yzu:1,75,45600,25,39600,26100,e1:30 mtnk:11 fv:7 cleg:5 jumpjet:5 shad:4 tany:4 mgtk:3 sref:3 orca:2 dog:1
rr.tournament-2a.normal.turkey-hezbollah.r2,tournament-2A,normal,2,turkey,hezbollah,1,2,complete,win,hezbollah,conquest,22504,15.0,36.5,-2109900762,26,11900,10,11905,34360,r2trrifle:10 r2bozkir:6 r2trat:6 r2sancak:2 dog:1 r2aras:1,50,15565,18,34360,11905,r2hzrifle:19 r2hzat:16 r2hztechnical:6 r2hzrecoilless:4 r2hzrockets:2 htk:1 r2hzdrone:1 r2hzescort:1
rr.dustbowl.normal.saudi-israel.r2,dustbowl,normal,2,saudi,israel,1,2,complete,win,saudi,conquest,47109,31.41,67.9,-2106207620,45,32950,26,40010,22570,r2sang:15 r2m1a2s:10 r2saat:10 r2caesar:2 r2f15sa:2 r2sads:2 dog:1 r2ah64sa:1 r2bradley:1 r2falcon:1,16,12250,13,22570,40010,r2ilrifle:5 r2merkava:4 r2ilat:2 r2ilhowitzer:2 dog:1 r2ilobserver:1 r2namer:1
rr.tournament-2a.normal.china-yemen.r2,tournament-2A,normal,2,china,yemen,1,2,complete,win,yemen,conquest,44060,29.37,63.5,-2100114779,47,23310,25,29065,70200,r2cnrifle:18 r2cnportable:13 r2qilin:8 r2phl:4 r2cloud:2 r2lynx:1 r2zbd:1,97,36700,28,70200,29065,r2ymr:30 r2yrpg:28 r2technical:15 r2ytechrr:9 r2hodeidah:3 r2yzu:3 htk:2 r2wadighost:2 r2ymlr:2 r2mokha:1 r2sahaab:1 sapc:1
rr.dustbowl.normal.turkey-yemen.r2,dustbowl,normal,2,turkey,yemen,1,2,complete,win,yemen,conquest,32824,21.88,53.8,-1743963167,31,17850,20,21550,55160,r2trrifle:10 r2trat:8 r2bozkir:6 r2yildirim:2 dog:1 r2aras:1 r2greywolf:1 r2sahin:1 r2sancak:1,98,32640,26,55160,21550,r2ymr:34 r2yrpg:26 r2technical:16 r2ytechrr:9 htk:4 r2ymlr:3 r2yzu:2 r2hodeidah:1 r2mokha:1 r2sahaab:1 r2samad:1
rr.dustbowl.normal.hezbollah-iran.r2,dustbowl,normal,2,hezbollah,iran,1,2,complete,win,iran,conquest,50236,33.49,73.8,-1463835539,76,25610,21,56845,69665,r2hzrifle:36 r2hzat:15 r2hzrecoilless:8 r2hzdrone:4 r2hzrockets:4 r2hztechnical:4 htk:2 r2hzescort:2 r2hzscout:1,193,77790,41,69430,59110,r2basij:91 r2toophan:59 r2karrar:12 r2fajr:7 r2peykaap:4 htk:3 r2coast:3 r2ghadir:3 r2azar:2 r2dronecontrol:2 r2raad:2 sapc:2 dog:1 r2mohajer:1 r2toufan:1
rr.tournament-2a.normal.russia-china.r2,tournament-2A,normal,2,russia,china,1,2,complete,win,china,conquest,28152,18.77,42.9,-1426866142,18,9000,12,23770,32700,shk:10 htk:4 e2:2 htnk:2,77,48220,26,32700,23770,r2cnrifle:26 r2cnportable:15 r2qilin:7 r2cloud:5 r2lynx:4 r2haiying:3 r2luyang:3 r2phl:3 r2jiaolong:2 r2kunlun:2 r2skyspear:2 r2zbd:2 dog:1 r2haiwang:1 r2redspear:1
rr.dustbowl.normal.israel-saudi.r2,dustbowl,normal,2,israel,saudi,1,2,complete,win,saudi,conquest,17793,11.86,32.6,-1206752971,8,3410,5,7810,19720,r2ilat:3 r2ilrifle:3 dog:1 r2namer:1,24,13830,15,19720,7810,r2sang:9 r2saat:6 r2m1a2s:5 dog:1 r2bradley:1 r2caesar:1 r2sads:1
rr.dustbowl.normal.turkey-america.r2,dustbowl,normal,2,turkey,america,1,2,complete,draw,,tick-cap,60001,40.0,97.4,-996680191,144,97295,41,76300,83135,r2trrifle:39 r2trat:29 r2bozkir:25 r2poyraz:10 r2yildirim:9 r2ege:7 r2gokkalkan:5 r2greywolf:4 r2marmara:4 lcrf:3 r2aras:2 r2kuzgun:2 r2sahin:2 r2sancak:2 dog:1,103,78100,41,83135,76300,jumpjet:20 e1:18 orca:15 mtnk:13 fv:11 shad:8 tany:5 cleg:3 mgtk:3 sref:3 aegis:1 carrier:1 dest:1 dlph:1
rr.dustbowl.normal.yemen-saudi.r2,dustbowl,normal,2,yemen,saudi,1,2,complete,win,yemen,conquest,10400,6.93,26.6,-878974678,31,7610,14,17380,3880,r2ymr:16 r2yrpg:12 r2technical:1 r2ymlr:1 r2ytechrr:1,4,2320,5,3880,17380,r2saat:2 r2m1a2s:1 r2sang:1
rr.dustbowl.normal.israel-yemen.r2,dustbowl,normal,2,israel,yemen,1,2,complete,draw,,tick-cap,60001,40.0,107.3,-725615527,103,79010,30,81420,79850,r2ilrifle:38 r2ilat:24 r2merkava:17 r2ilhowitzer:9 r2ilgunship:4 r2ilrecon:4 r2ilfalcon:2 r2ilshield:2 dog:1 r2ilobserver:1 r2namer:1,175,67350,46,79850,81420,r2yrpg:59 r2ymr:50 r2technical:20 r2ytechrr:19 htk:6 r2ymlr:6 r2wadighost:5 r2yzu:4 r2hodeidah:3 r2mokha:2 r2sahaab:1
rr.tournament-2a.normal.saudi-yemen.r2,tournament-2A,normal,2,saudi,yemen,1,2,complete,win,yemen,conquest,26198,17.47,42.1,-611687197,16,9980,14,20480,38340,r2saat:5 r2sang:4 r2bradley:2 r2caesar:2 r2m1a2s:2 dog:1,76,23235,21,37840,19980,r2ymr:31 r2yrpg:20 r2technical:10 r2ytechrr:9 r2yzu:3 r2ymlr:2 htk:1
rr.dustbowl.normal.america-turkey.r2,dustbowl,normal,2,america,turkey,1,2,complete,draw,,tick-cap,60001,40.0,149.1,-185778566,127,79300,53,72360,95400,e1:41 fv:30 jumpjet:18 orca:16 mgtk:5 mtnk:5 cleg:4 shad:4 sref:2 aegis:1 tany:1,146,97965,29,95400,72360,r2trrifle:43 r2trat:27 r2bozkir:21 r2gokkalkan:10 r2ege:8 r2poyraz:7 r2yildirim:6 r2greywolf:5 r2aras:4 r2marmara:4 lcrf:3 r2kuzgun:2 r2sahin:2 r2sancak:2 dog:1 r2deniz:1
rr.tournament-2a.normal.america-yemen.r2,tournament-2A,normal,2,america,yemen,1,2,complete,win,yemen,conquest,33711,22.47,57.1,-22136831,43,19200,16,28285,53400,e1:24 fv:6 mtnk:6 shad:3 jumpjet:2 orca:2,106,35845,24,53400,28285,r2ymr:37 r2yrpg:31 r2technical:15 r2ytechrr:8 r2yzu:5 r2ymlr:4 htk:3 r2samad:2 r2wadighost:1
rr.dustbowl.normal.china-turkey.r2,dustbowl,normal,2,china,turkey,1,2,complete,win,turkey,conquest,24186,16.12,56.0,350670586,14,6140,11,12725,31430,r2cnrifle:7 r2cnportable:3 r2qilin:2 r2phl:1 r2zbd:1,45,24580,18,31430,12725,r2trrifle:16 r2trat:11 r2bozkir:8 r2sancak:2 r2yildirim:2 dog:1 r2aras:1 r2deniz:1 r2greywolf:1 r2kuzgun:1 r2sahin:1
rr.dustbowl.normal.turkey-iran.r2,dustbowl,normal,2,turkey,iran,1,2,complete,win,turkey,conquest,38893,25.93,90.7,554760466,100,55480,34,64120,40810,r2trrifle:36 r2trat:21 r2bozkir:18 r2poyraz:4 r2aras:3 r2ege:3 r2sancak:3 r2yildirim:3 dog:2 lcrf:2 r2greywolf:2 r2sahin:2 r2turna:1,78,27850,19,38610,64120,r2basij:40 r2toophan:23 r2karrar:8 r2fajr:2 r2loiter:2 r2raad:2 r2coast:1
rr.dustbowl.normal.america-yemen.r2,dustbowl,normal,2,america,yemen,1,2,complete,win,america,conquest,19195,12.8,48.1,910690478,59,23200,16,21380,9400,e1:34 mtnk:12 fv:7 dog:2 jumpjet:2 orca:1 shad:1,12,2775,7,9400,21380,r2yrpg:7 r2ymr:5
rr.tournament-2a.normal.russia-hezbollah.r2,tournament-2A,normal,2,russia,hezbollah,1,2,complete,win,hezbollah,conquest,26246,17.5,46.9,1301969513,15,4900,10,17280,24500,e2:7 shk:5 flakt:1 htk:1 htnk:1,74,22450,22,24800,17580,r2hzrifle:30 r2hzat:19 r2hztechnical:12 r2hzrecoilless:6 r2hzdrone:3 htk:2 r2hzescort:1 r2hzrockets:1
rr.dustbowl.normal.russia-israel.r2,dustbowl,normal,2,russia,israel,1,2,complete,win,russia,conquest,52163,34.78,123.1,1391492366,168,68800,31,66300,34900,e2:59 flakt:47 shk:20 ttnk:11 htk:10 htnk:7 hyd:5 apoc:2 dog:2 sqd:2 sapc:1 sub:1 zep:1,38,24240,24,34900,66300,r2ilat:12 r2ilrifle:12 r2merkava:5 r2ilhowitzer:3 dog:2 r2ilshield:2 r2namer:2
rr.tournament-2a.normal.turkey-yemen.r2,tournament-2A,normal,2,turkey,yemen,1,2,complete,win,yemen,conquest,12162,8.11,27.3,1462628821,4,1405,5,3310,14555,dog:1 r2aras:1 r2trat:1 r2trrifle:1,24,6550,7,14555,3310,r2ymr:10 r2yrpg:8 r2technical:3 r2ytechrr:2 htk:1
rr.dustbowl.normal.saudi-china.r2,dustbowl,normal,2,saudi,china,1,2,complete,draw,,tick-cap,60001,40.0,121.8,1735306777,54,41620,32,66060,87480,r2saat:18 r2sang:11 r2m1a2s:9 r2caesar:5 r2ah64sa:3 r2sads:3 dog:1 r2bradley:1 r2f15sa:1 r2falcon:1 r2sadiq:1,142,93070,32,87480,66060,r2cnrifle:46 r2qilin:27 r2cnportable:23 r2phl:8 r2lynx:5 r2redspear:5 r2haiying:4 r2mantis:4 r2cloud:3 r2jiaolong:3 r2luyang:3 r2cnnetwork:2 r2haiwang:2 r2kunlun:2 r2skyspear:2 r2zbd:2 r2crane:1
rr.dustbowl.normal.yemen-israel.r2,dustbowl,normal,2,yemen,israel,1,2,complete,win,yemen,conquest,50621,33.75,107.3,1772002608,205,76010,34,91260,49525,r2ymr:66 r2yrpg:65 r2technical:24 r2ytechrr:14 r2yzu:8 r2wadighost:6 r2ymlr:5 r2hodeidah:4 r2sahaab:4 dog:2 htk:2 r2mokha:2 r2samad:2 sapc:1,49,34050,30,49125,90860,r2ilat:15 r2ilrifle:15 r2ilhowitzer:6 r2merkava:5 dog:2 r2ilshield:2 r2namer:2 r2ilfalcon:1 r2ilgunship:1
rr.dustbowl.normal.hezbollah-russia.r2,dustbowl,normal,2,hezbollah,russia,1,2,complete,draw,,tick-cap,60001,40.0,136.5,-1672473517,352,122890,33,82600,105985,r2hzrifle:144 r2hzat:94 r2hztechnical:40 r2hzrecoilless:24 r2hzscout:13 r2hzdrone:11 r2hzrockets:10 htk:6 r2hzescort:4 r2hzspotter:4 dog:2,123,48500,34,104070,87300,e2:52 flakt:25 shk:17 htnk:10 ttnk:9 htk:8 apoc:2
rr.dustbowl.normal.yemen-russia.r2,dustbowl,normal,2,yemen,russia,1,2,complete,win,yemen,conquest,26409,17.61,58.6,-1448737611,63,20155,18,23200,16920,r2ymr:23 r2yrpg:18 r2technical:9 r2ytechrr:7 r2yzu:4 r2ymlr:2,14,5100,9,16920,23200,e2:7 shk:3 flakt:1 htk:1 htnk:1 ttnk:1
rr.tournament-2a.normal.hezbollah-turkey.r2,tournament-2A,normal,2,hezbollah,turkey,1,2,complete,win,hezbollah,conquest,10084,6.72,24.7,-1342085415,25,7185,9,11660,2775,r2hzrifle:11 r2hzat:8 r2hzrecoilless:2 r2hztechnical:2 htk:1 r2hzrockets:1,2,600,4,2775,11660,dog:1 r2trat:1
rr.dustbowl.normal.iran-hezbollah.r2,dustbowl,normal,2,iran,hezbollah,1,2,complete,win,hezbollah,conquest,43405,28.94,97.2,-1093686414,77,29280,24,31890,69500,r2basij:37 r2toophan:22 r2karrar:9 r2loiter:4 r2fajr:3 r2coast:1 r2raad:1,147,48455,33,69000,31890,r2hzrifle:58 r2hzat:39 r2hztechnical:17 r2hzrecoilless:12 r2hzdrone:5 r2hzrockets:5 htk:3 r2hzescort:3 dog:2 r2hzscout:2 r2hzspotter:1
rr.tournament-2a.normal.yemen-hezbollah.r2,tournament-2A,normal,2,yemen,hezbollah,1,2,complete,win,yemen,conquest,34370,22.91,58.3,-860803548,82,32080,26,40330,27975,r2yrpg:31 r2ymr:18 r2technical:12 r2ytechrr:9 r2ymlr:4 r2yzu:3 r2samad:2 r2wadighost:2 htk:1,40,12875,16,27975,40330,r2hzrifle:15 r2hzat:14 r2hzrecoilless:5 r2hzdrone:2 r2hzescort:2 r2hzrockets:1 r2hztechnical:1
rr.dustbowl.normal.israel-iran.r2,dustbowl,normal,2,israel,iran,1,2,complete,win,iran,conquest,57082,38.05,97.6,-303243342,45,39520,27,56240,92230,r2ilrifle:11 r2ilat:10 r2merkava:9 r2namer:3 r2ilfalcon:2 r2ilhowitzer:2 r2ilobserver:2 r2ilrecon:2 r2ilshield:2 dog:1 r2ilgunship:1,231,78930,29,92230,56240,r2basij:122 r2toophan:65 r2karrar:14 r2dronecontrol:6 r2fajr:6 dog:4 htk:4 r2coast:3 r2raad:2 r2toufan:2 r2azar:1 r2loiter:1 r2mohajer:1
rr.dustbowl.normal.china-hezbollah.r2,dustbowl,normal,2,china,hezbollah,1,2,complete,win,hezbollah,conquest,32486,21.66,55.4,-276547063,26,12320,15,13735,43110,r2cnrifle:11 r2cnportable:7 r2qilin:4 r2phl:2 r2cloud:1 r2zbd:1,65,19645,20,43110,13735,r2hzrifle:27 r2hzat:17 r2hztechnical:9 r2hzrecoilless:6 r2hzdrone:2 r2hzescort:2 htk:1 r2hzrockets:1
rr.tournament-2a.normal.russia-turkey.r2,tournament-2A,normal,2,russia,turkey,1,2,complete,win,russia,conquest,43777,29.18,78.5,-117260866,73,25050,25,69455,18900,e2:32 shk:18 flakt:16 htk:2 ttnk:2 apoc:1 htnk:1 zep:1,49,29245,20,19900,70455,r2trrifle:19 r2trat:9 r2bozkir:8 r2kuzgun:3 r2yildirim:3 r2greywolf:2 r2sahin:2 dog:1 r2aras:1 r2sancak:1
rr.dustbowl.normal.hezbollah-turkey.r2,dustbowl,normal,2,hezbollah,turkey,1,2,complete,win,hezbollah,conquest,33180,22.12,67.6,282695326,127,40890,26,60705,27555,r2hzrifle:54 r2hzat:33 r2hztechnical:13 r2hzrecoilless:11 r2hzrockets:7 r2hzescort:4 r2hzdrone:2 dog:1 htk:1 r2hzscout:1,46,20795,21,27555,60705,r2trrifle:19 r2trat:12 r2bozkir:5 r2sancak:3 r2yildirim:3 dog:2 r2kuzgun:2
rr.dustbowl.normal.yemen-america.r2,dustbowl,normal,2,yemen,america,1,2,complete,win,america,conquest,54493,36.33,103.6,668075213,109,39860,26,51000,82115,r2ymr:36 r2yrpg:34 r2technical:13 r2ytechrr:10 r2ymlr:5 htk:4 r2wadighost:4 dog:2 r2yzu:1,117,78700,31,81215,50400,e1:38 jumpjet:14 mtnk:13 orca:11 fv:10 cleg:8 mgtk:8 shad:7 sref:5 dog:2 tany:1
rr.dustbowl.normal.yemen-china.r2,dustbowl,normal,2,yemen,china,1,2,complete,win,yemen,conquest,16968,11.31,42.6,675035867,64,19510,18,27600,10110,r2ymr:26 r2yrpg:18 r2technical:7 r2ytechrr:6 r2yzu:3 r2ymlr:2 dog:1 r2samad:1,10,4160,9,9510,27000,r2cnportable:3 r2cnrifle:3 r2qilin:2 dog:1 r2zbd:1
rr.tournament-2a.normal.hezbollah-israel.r2,tournament-2A,normal,2,hezbollah,israel,1,2,complete,win,israel,conquest,45096,30.06,69.6,954991719,26,7620,9,20480,28725,r2hzrifle:12 r2hzat:6 r2hztechnical:4 r2hzrecoilless:2 r2hzescort:1 r2hzrockets:1,44,28310,27,31725,23480,r2ilrifle:18 r2ilat:10 r2merkava:6 r2ilhowitzer:3 r2ilshield:3 dog:1 r2ilfrigate:1 r2ilpatrol:1 r2namer:1
rr.dustbowl.normal.america-hezbollah.r2,dustbowl,normal,2,america,hezbollah,1,2,complete,win,america,conquest,25695,17.13,57.6,1097678123,97,40800,25,42840,28500,e1:55 mtnk:20 fv:9 jumpjet:4 shad:4 dog:2 orca:2 aegis:1,55,16005,13,28500,44340,r2hzrifle:23 r2hzat:16 r2hztechnical:6 r2hzrecoilless:4 r2hzescort:2 dog:1 htk:1 r2hzdrone:1 r2hzrockets:1
rr.tournament-2a.normal.israel-iran.r2,tournament-2A,normal,2,israel,iran,1,2,complete,win,israel,conquest,37376,24.92,56.5,1656210473,64,39610,6,48630,34280,r2ilrifle:28 r2ilat:15 r2merkava:14 r2namer:5 dog:2,49,18310,16,34280,48630,r2basij:24 r2toophan:14 r2karrar:5 htk:2 r2fajr:2 r2raad:2
rr.dustbowl.normal.america-saudi.r2,dustbowl,normal,2,america,saudi,1,2,complete,draw,,tick-cap,60001,40.0,111.4,1674359263,147,93500,37,104540,102200,e1:53 fv:21 jumpjet:13 orca:13 mtnk:12 shad:10 cleg:5 tany:4 aegis:3 mgtk:3 sref:3 carrier:2 dog:2 dest:1 dlph:1 lcrf:1,151,102370,34,102200,104540,r2sang:51 r2saat:43 r2m1a2s:24 r2sads:12 r2caesar:8 r2falcon:5 r2ah64sa:3 r2f15sa:2 dog:1 r2bradley:1 r2sajtac:1
rr.tournament-2a.normal.saudi-russia.r2,tournament-2A,normal,2,saudi,russia,1,2,complete,win,saudi,conquest,15793,10.53,31.3,1702094081,16,9470,11,12600,3700,r2sang:6 r2m1a2s:3 r2saat:3 dog:1 r2bradley:1 r2caesar:1 r2sads:1,4,1200,4,3700,12600,e2:2 shk:2
rr.dustbowl.normal.russia-saudi.r2,dustbowl,normal,2,russia,saudi,1,2,complete,win,saudi,conquest,29052,19.37,52.8,2015534170,14,5600,10,15770,25100,e2:5 shk:5 htnk:2 flakt:1 htk:1,31,18670,18,25100,15770,r2sang:11 r2saat:8 r2m1a2s:6 r2caesar:2 r2sads:2 dog:1 r2bradley:1
rr.tournament-2a.normal.hezbollah-saudi.r2,tournament-2A,normal,2,hezbollah,saudi,1,2,complete,win,hezbollah,conquest,35510,23.67,56.8,-2070341702,89,29515,23,55090,18655,r2hzrifle:39 r2hzat:24 r2hzrecoilless:7 r2hztechnical:6 r2hzdrone:5 htk:2 r2hzescort:2 r2hzrockets:2 r2hzscout:2,33,21130,21,18655,55090,r2sang:14 r2saat:7 r2m1a2s:6 r2caesar:2 r2f15sa:2 dog:1 r2bradley:1
rr.tournament-2a.normal.turkey-israel.r2,tournament-2A,normal,2,turkey,israel,1,2,complete,win,turkey,conquest,51603,34.4,75.0,-1750524926,115,79610,32,66770,51095,r2trrifle:32 r2bozkir:24 r2trat:23 r2ege:6 r2yildirim:5 r2greywolf:4 r2marmara:4 r2sancak:4 lcrf:3 r2poyraz:3 r2kuzgun:2 r2sahin:2 dog:1 r2aras:1 r2deniz:1,33,22510,23,51095,66770,r2ilrifle:13 r2ilat:6 r2merkava:5 r2ilhowitzer:4 r2ilpatrol:2 dog:1 r2ilfrigate:1 r2namer:1
rr.tournament-2a.normal.america-turkey.r2,tournament-2A,normal,2,america,turkey,1,2,complete,win,america,conquest,44767,29.84,64.7,-1506797351,127,78700,25,96000,25000,e1:48 mtnk:20 fv:15 cleg:11 jumpjet:10 sref:8 mgtk:6 orca:3 shad:3 dog:2 tany:1,76,37090,34,25000,96000,r2trrifle:28 r2trat:20 r2bozkir:13 r2yildirim:4 dog:3 r2aras:3 r2gokkalkan:2 r2kuzgun:2 r2sahin:1
rr.tournament-2a.normal.turkey-america.r2,tournament-2A,normal,2,turkey,america,1,2,complete,win,america,conquest,45652,30.43,65.2,-1501667011,72,27130,20,28200,65440,r2trrifle:36 r2trat:22 r2bozkir:7 r2yildirim:3 r2sancak:2 dog:1 r2gokkalkan:1,102,65600,27,65440,28200,e1:40 mtnk:17 fv:7 jumpjet:6 carrier:4 cleg:4 shad:4 aegis:3 mgtk:3 orca:3 sref:3 dest:2 dlph:2 tany:2 dog:1 lcrf:1
rr.tournament-2a.normal.iran-turkey.r2,tournament-2A,normal,2,iran,turkey,1,2,complete,win,iran,conquest,25283,16.86,49.0,-1000284694,50,19130,18,30285,8600,r2basij:22 r2toophan:15 r2karrar:5 htk:2 r2fajr:2 r2loiter:2 r2dronecontrol:1 r2raad:1,13,5775,11,8600,30285,r2trrifle:5 r2bozkir:3 r2aras:2 r2trat:2 dog:1
rr.tournament-2a.normal.iran-america.r2,tournament-2A,normal,2,iran,america,1,2,complete,win,america,conquest,29380,19.59,51.2,-855498634,39,14880,14,23200,39600,r2basij:17 r2toophan:12 r2karrar:5 r2raad:3 dog:1 htk:1,74,42400,27,39600,23200,e1:32 mtnk:13 fv:8 jumpjet:6 cleg:3 shad:3 mgtk:2 orca:2 sref:2 aegis:1 carrier:1 dest:1
rr.dustbowl.normal.russia-iran.r2,dustbowl,normal,2,russia,iran,1,2,complete,win,russia,conquest,31490,20.99,57.3,-847785638,103,39050,25,48680,25100,e2:44 flakt:20 shk:18 htnk:8 htk:5 ttnk:5 apoc:1 dog:1 zep:1,43,18360,16,24700,48680,r2basij:19 r2toophan:14 r2karrar:5 r2fajr:2 r2raad:2 r2coast:1
rr.dustbowl.normal.iran-turkey.r2,dustbowl,normal,2,iran,turkey,1,2,complete,draw,,tick-cap,60001,40.0,104.0,-503357785,185,75320,42,82075,78350,r2basij:88 r2toophan:47 r2karrar:13 r2peykaap:10 r2ghadir:6 r2fajr:5 r2toufan:3 sapc:3 dog:2 htk:2 r2coast:2 r2raad:2 r2loiter:1 r2mohajer:1,110,70520,42,78350,82075,r2trrifle:34 r2trat:25 r2bozkir:22 r2yildirim:8 r2greywolf:4 r2kuzgun:4 lcrf:3 r2ege:2 r2poyraz:2 r2sahin:2 dog:1 r2marmara:1 r2sancak:1 r2turna:1
rr.dustbowl.normal.israel-america.r2,dustbowl,normal,2,israel,america,1,2,complete,draw,,tick-cap,60001,40.0,102.1,-343341853,146,103420,35,68200,104870,r2ilrifle:56 r2ilat:36 r2merkava:20 r2ilshield:12 r2ilhowitzer:9 r2ilgunship:4 r2ilrecon:4 dog:2 r2ilfalcon:2 r2namer:1,73,53600,47,105070,68400,e1:15 jumpjet:13 fv:11 mtnk:9 orca:8 cleg:5 shad:4 sref:4 mgtk:2 tany:2
rr.dustbowl.normal.china-israel.r2,dustbowl,normal,2,china,israel,1,2,complete,draw,,tick-cap,60001,40.0,99.5,-273604866,155,102750,31,117420,74940,r2cnrifle:45 r2cnportable:32 r2qilin:25 r2cloud:6 r2phl:6 r2haiying:5 r2luyang:5 r2mantis:5 r2redspear:5 r2jiaolong:4 r2lynx:4 r2zbd:4 r2haiwang:3 r2kunlun:2 r2skyspear:2 dog:1 r2cnnetwork:1,93,69710,32,74940,117420,r2ilrifle:33 r2ilat:23 r2merkava:13 r2ilhowitzer:8 r2ilshield:5 r2ilrecon:4 dog:2 r2ilfalcon:2 r2ilgunship:2 r2namer:1
rr.tournament-2a.normal.saudi-china.r2,tournament-2A,normal,2,saudi,china,1,2,complete,win,saudi,conquest,29064,19.38,47.7,533605710,55,34370,24,48970,19540,r2sang:21 r2saat:13 r2m1a2s:8 r2sadiq:2 r2sads:2 dog:1 lcrf:1 r2ah64sa:1 r2bradley:1 r2caesar:1 r2f15sa:1 r2jubail:1 r2riyadh:1 r2sajtac:1,37,15930,15,18490,47920,r2cnrifle:14 r2cnportable:11 r2qilin:7 dog:1 r2cloud:1 r2lynx:1 r2mantis:1 r2phl:1
rr.dustbowl.normal.saudi-turkey.r2,dustbowl,normal,2,saudi,turkey,1,2,complete,win,turkey,conquest,43298,28.87,78.0,680078683,33,27470,19,34630,66030,r2saat:11 r2sang:6 r2m1a2s:5 r2ah64sa:3 r2caesar:2 r2f15sa:2 r2sads:2 dog:1 r2bradley:1,104,63070,27,66030,34630,r2trrifle:34 r2trat:24 r2bozkir:16 r2yildirim:4 r2ege:3 r2marmara:3 r2sancak:3 dog:2 lcrf:2 r2aras:2 r2deniz:2 r2greywolf:2 r2kuzgun:2 r2poyraz:2 r2sahin:2 r2gokkalkan:1
rr.tournament-2a.normal.china-russia.r2,tournament-2A,normal,2,china,russia,1,2,complete,win,china,conquest,27306,18.2,43.2,725764575,57,29470,23,24800,17490,r2cnrifle:21 r2cnportable:13 r2qilin:7 r2lynx:4 r2cloud:3 r2mantis:2 r2phl:2 r2zbd:2 dog:1 r2redspear:1 r2skyspear:1,13,6300,10,17490,24800,shk:6 e2:2 htk:2 htnk:2 flakt:1
rr.dustbowl.normal.america-israel.r2,dustbowl,normal,2,america,israel,1,2,complete,win,america,conquest,48414,32.28,103.3,1010795041,114,77700,28,72180,33500,e1:44 fv:10 mtnk:10 mgtk:9 sref:8 cleg:6 jumpjet:5 aegis:4 carrier:4 tany:4 dest:2 dlph:2 orca:2 shad:2 dog:1 lcrf:1,36,25720,23,33300,71980,r2ilrifle:11 r2ilat:8 r2merkava:7 r2ilhowitzer:4 dog:2 r2namer:2 r2ilobserver:1 r2ilshield:1
rr.tournament-2a.normal.saudi-turkey.r2,tournament-2A,normal,2,saudi,turkey,1,2,complete,win,saudi,conquest,42618,28.41,63.8,1156970662,93,70230,28,64355,30650,r2sang:24 r2saat:21 r2m1a2s:13 r2sadiq:8 r2bradley:4 r2caesar:4 r2sads:4 r2riyadh:3 dog:2 lcrf:2 r2ah64sa:2 r2f15sa:2 r2falcon:2 r2jubail:2,46,19795,20,29600,63305,r2trrifle:19 r2trat:13 r2bozkir:7 r2aras:2 r2sancak:2 dog:1 r2gokkalkan:1 r2yildirim:1
rr.dustbowl.normal.hezbollah-china.r2,dustbowl,normal,2,hezbollah,china,1,2,complete,win,hezbollah,conquest,14390,9.59,43.9,1457606658,45,13265,13,31190,7220,r2hzrifle:19 r2hzat:12 r2hztechnical:5 r2hzrecoilless:4 dog:1 htk:1 r2hzdrone:1 r2hzescort:1 r2hzrockets:1,11,4300,10,7220,31190,r2cnrifle:5 r2cnportable:3 r2qilin:2 r2zbd:1
rr.tournament-2a.normal.hezbollah-america.r2,tournament-2A,normal,2,hezbollah,america,1,2,complete,win,america,conquest,25585,17.06,50.7,1795218408,37,10095,11,11100,32900,r2hzrifle:17 r2hzat:9 r2hztechnical:6 r2hzrecoilless:4 htk:1,38,17100,18,32900,11100,e1:19 mtnk:9 fv:6 jumpjet:2 orca:1 shad:1
rr.dustbowl.normal.turkey-russia.r2,dustbowl,normal,2,turkey,russia,1,2,complete,draw,,tick-cap,60001,40.0,113.3,1900272961,135,90605,44,81550,76695,r2trrifle:41 r2trat:29 r2bozkir:25 r2ege:7 r2yildirim:7 r2marmara:5 r2greywolf:4 r2poyraz:4 lcrf:3 r2sancak:3 r2aras:2 r2sahin:2 r2turna:2 dog:1,279,91800,30,76695,81550,e2:142 flakt:74 shk:21 htk:11 htnk:10 ttnk:10 apoc:8 yuri:2 zep:1
rr.dustbowl.normal.iran-china.r2,dustbowl,normal,2,iran,china,1,2,complete,win,iran,conquest,38719,25.81,70.5,2044517327,130,50790,31,66430,33640,r2basij:66 r2toophan:34 r2karrar:10 r2fajr:4 r2raad:4 r2mohajer:3 r2peykaap:3 r2ghadir:2 dog:1 r2azar:1 r2coast:1 sapc:1,36,19840,26,33640,66430,r2cnrifle:12 r2cnportable:11 r2phl:3 r2qilin:3 r2cloud:2 r2lynx:2 r2mantis:2 r2skyspear:1
rr.dustbowl.normal.russia-yemen.r2,dustbowl,normal,2,russia,yemen,1,2,complete,win,russia,conquest,23025,15.35,42.3,-1988696278,67,26300,19,25905,12600,e2:27 shk:13 flakt:10 htnk:6 htk:5 ttnk:5 dog:1,24,6850,8,12500,25805,r2ymr:10 r2yrpg:7 r2technical:3 r2ytechrr:2 htk:1 r2yzu:1
rr.dustbowl.normal.iran-israel.r2,dustbowl,normal,2,iran,israel,1,2,complete,win,israel,conquest,48747,32.5,82.8,-1562371357,95,38120,30,57170,87840,r2basij:43 r2toophan:28 r2karrar:10 r2fajr:5 htk:2 r2peykaap:2 r2raad:2 dog:1 r2ghadir:1 sapc:1,131,85910,30,87190,59960,r2ilrifle:53 r2ilat:31 r2merkava:17 r2ilhowitzer:8 r2ilshield:7 dog:4 r2namer:3 r2ilfalcon:2 r2ilgunship:2 r2ilobserver:2 r2ilrecon:2
rr.tournament-2a.normal.china-america.r2,tournament-2A,normal,2,china,america,1,2,complete,win,america,conquest,23816,15.88,48.3,-1544153731,17,8500,10,10600,31940,r2cnportable:7 r2cnrifle:5 r2qilin:2 r2cloud:1 r2mantis:1 r2phl:1,32,16900,16,31940,10600,e1:13 fv:5 jumpjet:4 mtnk:4 shad:2 cleg:1 dog:1 orca:1 sref:1
