match,map,bot,replicate,faction_0,faction_1,spawn_0,spawn_1,status,result,winner,end_reason,end_tick,game_minutes,wall_seconds,engine_seed,units_0,unit_value_0,structures_0,destroyed_0,lost_0,production_0,units_1,unit_value_1,structures_1,destroyed_1,lost_1,production_1
rr.tournament-2a.normal.yemen-hezbollah.r0,tournament-2A,normal,0,yemen,hezbollah,1,2,complete,win,yemen,conquest,36150,24.1,58.8,1681569542,113,32525,34,48050,38625,r2yrpg:49 r2ymr:47 r2ytechrr:4 r2technical:3 r2yspot:3 dog:2 r2wadighost:2 r2mokha:1 r2sahaab:1 r2ymlr:1,56,17250,15,39225,49150,r2hzrifle:21 r2hzat:18 r2hztechnical:9 r2hzrecoilless:4 r2hzrockets:2 htk:1 r2hzescort:1
rr.dustbowl.normal.saudi-hezbollah.r0,dustbowl,normal,0,saudi,hezbollah,1,2,complete,win,hezbollah,conquest,26296,17.53,46.0,1686240413,17,11450,13,14550,38510,r2sang:5 r2m1a2s:3 r2saat:3 dog:2 r2bradley:2 r2caesar:1 r2f15sa:1,70,20350,17,38510,14550,r2hzrifle:32 r2hzat:19 r2hztechnical:8 r2hzrecoilless:5 htk:2 r2hzdrone:2 r2hzescort:1 r2hzrockets:1
rr.dustbowl.normal.china-america.r0,dustbowl,normal,0,china,america,1,2,complete,draw,,tick-cap,60001,40.0,90.2,1691620930,130,89900,29,84200,62290,r2cnrifle:45 r2cnportable:20 r2qilin:15 r2phl:9 r2haiying:6 r2cloud:5 r2redspear:5 r2jiaolong:4 r2luyang:4 r2lynx:4 r2mantis:4 r2crane:2 r2haiwang:2 r2kunlun:2 r2skyspear:2 r2zbd:1,107,73800,41,62290,84200,e1:33 orca:16 fv:12 jumpjet:12 mtnk:10 sref:7 mgtk:5 cleg:4 shad:4 tany:3 dog:1
rr.tournament-2a.normal.yemen-russia.r0,tournament-2A,normal,0,yemen,russia,1,2,complete,win,russia,conquest,20036,13.36,45.8,-2142791602,4,900,5,4000,13700,r2ymr:2 r2yrpg:2,15,7200,9,13700,4000,shk:6 e2:4 htnk:2 flakt:1 htk:1 ttnk:1
rr.dustbowl.normal.israel-america.r0,dustbowl,normal,0,israel,america,1,2,complete,draw,,tick-cap,60001,40.0,120.7,-2022664383,119,94550,32,72400,63090,r2ilrifle:35 r2ilat:25 r2merkava:16 r2ilpatrol:9 r2ilhowitzer:6 r2ilgunship:5 r2ilshield:5 lcrf:4 r2ilfrigate:4 r2ilrecon:4 r2ilfalcon:2 r2iltender:2 dog:1 r2namer:1,93,61600,33,63090,72400,e1:33 fv:12 orca:12 mtnk:8 jumpjet:6 shad:6 sref:5 cleg:4 mgtk:4 tany:2 dog:1
rr.dustbowl.normal.turkey-iran.r0,dustbowl,normal,0,turkey,iran,1,2,complete,draw,,tick-cap,60001,40.0,134.9,-1698355790,129,69465,55,80970,97055,r2trrifle:63 r2bozkir:20 r2trat:19 r2yildirim:10 r2greywolf:4 r2sahin:4 r2gokkalkan:3 r2kuzgun:2 r2sancak:2 dog:1 r2deniz:1,232,84760,39,97055,80970,r2basij:129 r2toophan:51 r2karrar:16 r2peykaap:7 r2fajr:6 htk:5 sapc:4 r2azar:3 r2ghadir:3 r2raad:3 r2coast:2 dog:1 r2loiter:1 r2toufan:1
rr.dustbowl.normal.yemen-america.r0,dustbowl,normal,0,yemen,america,1,2,complete,draw,,tick-cap,60001,40.0,144.1,-1688792473,252,98400,30,72800,100400,r2yrpg:87 r2ymr:77 r2ytechrr:29 r2technical:14 r2ymlr:13 r2wadighost:9 htk:8 r2yzu:8 r2yspot:6 r2samad:1,130,81200,40,100400,72800,e1:48 mtnk:17 fv:12 jumpjet:12 shad:8 mgtk:7 sref:7 tany:7 orca:6 cleg:5 dog:1
rr.dustbowl.normal.america-saudi.r0,dustbowl,normal,0,america,saudi,1,2,complete,win,america,conquest,39499,26.33,84.1,-818452223,100,68100,34,56450,27700,e1:36 fv:11 mtnk:10 cleg:6 jumpjet:6 mgtk:5 sref:5 aegis:4 orca:4 carrier:3 dest:2 dlph:2 shad:2 tany:2 dog:1 lcrf:1,30,22490,18,27500,56250,r2saat:7 r2sang:7 r2m1a2s:5 dog:3 r2bradley:2 r2caesar:2 r2f15sa:2 r2ah64sa:1 r2sads:1
rr.dustbowl.normal.israel-iran.r0,dustbowl,normal,0,israel,iran,1,2,complete,draw,,tick-cap,60001,40.0,93.7,-351095609,94,80590,40,81540,86090,r2ilrifle:32 r2ilat:17 r2merkava:16 r2ilfalcon:7 r2ilhowitzer:7 r2ilgunship:4 r2ilrecon:4 r2ilpatrol:2 r2ilshield:2 dog:1 r2ilfrigate:1 r2namer:1,220,77550,43,87640,83090,r2basij:120 r2toophan:52 r2karrar:11 r2peykaap:10 r2fajr:6 r2ghadir:6 htk:3 r2loiter:3 r2coast:2 r2raad:2 sapc:2 dog:1 r2mohajer:1 r2toufan:1
rr.tournament-2a.normal.yemen-turkey.r0,tournament-2A,normal,0,yemen,turkey,1,2,complete,win,yemen,conquest,17472,11.65,38.8,-245593304,37,11100,15,27535,7450,r2ymr:16 r2yrpg:9 r2technical:5 r2ytechrr:2 r2yzu:2 htk:1 r2sahaab:1 r2ymlr:1,13,5025,9,7450,27535,r2trrifle:5 r2trat:3 dog:2 r2bozkir:2 r2sancak:1
rr.dustbowl.normal.saudi-russia.r0,dustbowl,normal,0,saudi,russia,1,2,complete,win,saudi,conquest,16601,11.07,33.4,24381257,17,8810,12,14000,5210,r2sang:8 r2saat:3 r2m1a2s:2 dog:1 r2bradley:1 r2caesar:1 r2sads:1,4,800,6,5210,14000,e2:3 shk:1
rr.tournament-2a.normal.turkey-america.r0,tournament-2A,normal,0,turkey,america,1,2,complete,draw,,tick-cap,60001,40.0,85.4,146377799,88,48625,35,52750,64435,r2trrifle:35 r2trat:17 r2bozkir:12 r2poyraz:6 r2yildirim:5 r2gokkalkan:4 r2greywolf:3 r2sahin:2 dog:1 r2aras:1 r2ege:1 r2sancak:1,67,41100,27,64435,52750,e1:24 mtnk:10 fv:9 jumpjet:7 orca:6 cleg:2 shad:2 aegis:1 carrier:1 dest:1 dog:1 lcrf:1 mgtk:1 sref:1
rr.tournament-2a.normal.america-china.r0,tournament-2A,normal,0,america,china,1,2,complete,draw,,tick-cap,60001,40.0,88.1,360990501,41,24700,22,38070,70950,e1:17 mtnk:5 aegis:4 dest:3 fv:3 jumpjet:3 orca:3 lcrf:2 shad:1,174,86930,27,71900,39020,r2cnrifle:74 r2qilin:31 r2cnportable:29 r2cloud:8 r2phl:7 r2mantis:6 r2lynx:5 dog:3 r2zbd:3 r2cnnetwork:2 r2crane:2 r2redspear:2 r2skyspear:2
rr.tournament-2a.normal.saudi-hezbollah.r0,tournament-2A,normal,0,saudi,hezbollah,1,2,complete,win,hezbollah,conquest,26184,17.46,41.8,589309900,10,6320,10,12550,29880,r2saat:4 r2bradley:2 r2m1a2s:2 dog:1 r2sang:1,59,18700,19,29880,12550,r2hzrifle:24 r2hzat:15 r2hztechnical:9 r2hzdrone:4 r2hzrecoilless:4 htk:1 r2hzescort:1 r2hzrockets:1
rr.dustbowl.normal.saudi-america.r0,dustbowl,normal,0,saudi,america,1,2,complete,win,saudi,conquest,42599,28.4,72.8,1000859614,59,39260,27,36400,18560,r2sang:23 r2m1a2s:11 r2saat:11 r2bradley:3 r2caesar:2 r2f15sa:2 r2sads:2 dog:1 r2ah64sa:1 r2falcon:1 r2sadiq:1 r2sajtac:1,17,7100,14,18560,36400,e1:9 mtnk:5 fv:3
rr.dustbowl.normal.china-russia.r0,dustbowl,normal,0,china,russia,1,2,complete,win,russia,conquest,46583,31.06,86.0,1008125417,69,36250,31,36900,91240,r2cnrifle:30 r2cnportable:14 r2qilin:11 r2phl:6 r2cloud:4 r2skyspear:2 r2lynx:1 r2zbd:1,149,59150,30,91240,36900,e2:59 flakt:31 shk:26 htnk:11 ttnk:9 htk:7 dog:2 zep:2 apoc:1 ivan:1
rr.tournament-2a.normal.hezbollah-saudi.r0,tournament-2A,normal,0,hezbollah,saudi,1,2,complete,win,hezbollah,conquest,23633,15.76,43.5,1242820365,85,26075,20,44640,19850,r2hzrifle:35 r2hzat:25 r2hztechnical:11 r2hzrecoilless:6 r2hzrockets:3 r2hzescort:2 htk:1 r2hzdrone:1 r2hzspotter:1,24,12680,18,19350,44140,r2sang:9 r2saat:8 r2m1a2s:4 dog:1 r2bradley:1 r2caesar:1
rr.tournament-2a.normal.china-hezbollah.r0,tournament-2A,normal,0,china,hezbollah,1,2,complete,win,hezbollah,conquest,15198,10.13,28.4,1675596193,2,570,4,3800,13360,r2cnportable:1 r2cnrifle:1,29,9450,12,13360,3800,r2hzrifle:11 r2hzat:10 r2hzrecoilless:4 r2hzdrone:1 r2hzescort:1 r2hzrockets:1 r2hztechnical:1
rr.tournament-2a.normal.turkey-iran.r0,tournament-2A,normal,0,turkey,iran,1,2,complete,win,iran,conquest,28943,19.3,45.0,1725489823,29,11630,12,20030,41790,r2trrifle:16 r2bozkir:4 r2trat:4 r2sancak:3 dog:1 r2yildirim:1,65,20970,18,41790,20030,r2basij:38 r2toophan:13 r2karrar:7 htk:2 r2fajr:2 dog:1 r2mohajer:1 r2raad:1
rr.tournament-2a.normal.china-iran.r0,tournament-2A,normal,0,china,iran,1,2,complete,win,iran,conquest,14794,9.86,27.4,1867954120,2,570,5,6210,14260,r2cnportable:1 r2cnrifle:1,43,13080,13,14260,6210,r2basij:27 r2toophan:8 r2karrar:4 r2fajr:2 htk:1 r2dronecontrol:1
rr.dustbowl.normal.turkey-yemen.r0,dustbowl,normal,0,turkey,yemen,1,2,complete,win,yemen,conquest,57432,38.29,87.6,1959502719,74,36605,36,56300,100615,r2trrifle:31 r2trat:19 r2bozkir:13 r2yildirim:6 dog:1 r2aras:1 r2greywolf:1 r2sahin:1 r2sancak:1,178,78800,36,100615,56300,r2ymr:51 r2yrpg:49 r2technical:25 r2ytechrr:14 r2hodeidah:12 r2wadighost:7 r2yzu:6 r2ymlr:5 r2sahaab:3 sapc:3 r2mokha:2 htk:1
rr.dustbowl.normal.yemen-turkey.r0,dustbowl,normal,0,yemen,turkey,1,2,complete,draw,,tick-cap,60001,40.0,91.4,2142760694,105,36600,33,58425,73150,r2yrpg:34 r2ymr:33 r2technical:17 r2ytechrr:10 r2ymlr:6 htk:3 r2wadighost:1 r2yzu:1,136,86780,31,72650,59535,r2trrifle:46 r2bozkir:25 r2trat:23 r2ege:7 r2poyraz:5 r2sancak:5 r2yildirim:5 lcrf:4 r2marmara:4 r2greywolf:3 r2kuzgun:3 r2aras:2 r2sahin:2 dog:1 r2deniz:1
rr.tournament-2a.normal.iran-israel.r0,tournament-2A,normal,0,iran,israel,1,2,complete,win,iran,conquest,25128,16.75,50.6,-2118968900,78,26120,20,29640,16240,r2basij:43 r2toophan:15 r2karrar:10 htk:3 dog:2 r2fajr:2 r2loiter:2 r2coast:1,12,7380,9,16240,29640,r2ilrifle:4 r2ilat:3 r2merkava:2 dog:1 r2ilhowitzer:1 r2namer:1
rr.dustbowl.normal.saudi-turkey.r0,dustbowl,normal,0,saudi,turkey,1,2,complete,win,turkey,conquest,46300,30.87,73.8,-1607916186,43,29380,23,34060,70740,r2sang:14 r2saat:11 r2m1a2s:9 r2bradley:3 r2caesar:3 r2f15sa:2 dog:1,114,65440,32,70740,34060,r2trrifle:48 r2trat:19 r2bozkir:14 r2yildirim:5 r2sancak:4 r2ege:3 r2kuzgun:3 r2marmara:3 dog:2 lcrf:2 r2aras:2 r2gokkalkan:2 r2greywolf:2 r2sahin:2 r2deniz:1 r2poyraz:1 r2turna:1
rr.tournament-2a.normal.hezbollah-israel.r0,tournament-2A,normal,0,hezbollah,israel,1,2,complete,win,hezbollah,conquest,32349,21.57,52.0,-1453343217,120,43350,32,64150,27350,r2hzrifle:47 r2hzat:30 r2hztechnical:14 r2hzrecoilless:8 r2hzrockets:6 r2hzdrone:5 r2hzescort:2 r2hzscout:2 dog:1 htk:1 r2hzmissileboat:1 r2hzskiff:1 r2hzsurvey:1 sapc:1,33,19390,23,27350,64150,r2ilrifle:12 r2ilat:11 r2merkava:6 r2ilhowitzer:2 dog:1 r2namer:1
rr.tournament-2a.normal.israel-turkey.r0,tournament-2A,normal,0,israel,turkey,1,2,complete,win,turkey,conquest,50409,33.61,75.8,-1234943339,36,21190,17,36400,57050,r2ilrifle:17 r2ilat:8 r2merkava:6 r2ilhowitzer:2 dog:1 r2ilfalcon:1 r2namer:1,90,57985,35,58200,37550,r2trrifle:27 r2bozkir:16 r2trat:15 r2ege:4 r2yildirim:4 r2poyraz:3 r2sancak:3 r2trdroneop:3 dog:2 lcrf:2 r2aras:2 r2greywolf:2 r2kuzgun:2 r2marmara:2 r2sahin:2 r2deniz:1
rr.tournament-2a.normal.israel-iran.r0,tournament-2A,normal,0,israel,iran,1,2,complete,win,iran,conquest,35088,23.39,55.2,-933988877,31,19680,19,27000,61540,r2ilrifle:14 r2merkava:7 r2ilat:4 r2ilhowitzer:2 r2ilshield:2 dog:1 r2namer:1,160,48210,33,61540,27000,r2basij:94 r2toophan:38 r2karrar:9 r2raad:4 dog:3 r2fajr:3 r2dronecontrol:2 r2loiter:2 r2peykaap:2 r2ghadir:1 r2mohajer:1 sapc:1
rr.tournament-2a.normal.america-iran.r0,tournament-2A,normal,0,america,iran,1,2,complete,win,america,conquest,19464,12.98,34.2,-869862379,53,21100,18,31660,12700,e1:33 mtnk:9 fv:4 jumpjet:2 shad:2 aegis:1 dog:1 orca:1,31,10890,10,12700,31660,r2basij:16 r2toophan:8 r2karrar:3 htk:2 r2fajr:1 r2raad:1
rr.dustbowl.normal.china-saudi.r0,dustbowl,normal,0,china,saudi,1,2,complete,draw,,tick-cap,60001,40.0,88.0,-524344244,153,99700,31,81740,65580,r2cnrifle:55 r2qilin:24 r2cnportable:20 r2phl:8 r2haiying:7 r2jiaolong:6 r2cloud:5 r2luyang:5 r2lynx:5 r2redspear:4 r2mantis:3 r2cnnetwork:2 r2haiwang:2 r2kunlun:2 r2skyspear:2 r2zbd:2 r2crane:1,111,47160,23,65580,81740,r2sang:58 r2saat:37 r2m1a2s:8 r2caesar:3 dog:2 r2sads:2 r2bradley:1
rr.tournament-2a.normal.hezbollah-iran.r0,tournament-2A,normal,0,hezbollah,iran,1,2,complete,win,hezbollah,conquest,11120,7.41,25.8,-475181118,29,8950,12,11060,4800,r2hzrifle:12 r2hzat:8 r2hztechnical:4 r2hzrecoilless:3 r2hzescort:1 r2hzrockets:1,2,540,4,4800,11060,r2basij:1 r2toophan:1
rr.tournament-2a.normal.turkey-russia.r0,tournament-2A,normal,0,turkey,russia,1,2,complete,win,turkey,conquest,20260,13.51,35.5,-377475832,46,18165,18,20800,10005,r2trrifle:23 r2trat:9 r2bozkir:6 dog:2 r2aras:2 r2sancak:2 r2kuzgun:1 r2yildirim:1,9,3400,10,10005,20800,e2:3 shk:3 dog:1 htk:1 htnk:1
rr.tournament-2a.normal.iran-hezbollah.r0,tournament-2A,normal,0,iran,hezbollah,1,2,complete,draw,,tick-cap,60001,40.0,83.0,-216683621,374,111110,31,58850,41850,r2basij:229 r2toophan:92 r2karrar:22 r2fajr:10 dog:4 r2coast:4 r2dronecontrol:4 r2raad:4 htk:3 r2toufan:2,69,21350,21,41850,58850,r2hzrifle:26 r2hzat:19 r2hztechnical:9 r2hzrecoilless:7 r2hzskiff:3 htk:2 r2hzescort:1 r2hzrockets:1 sapc:1
rr.tournament-2a.normal.iran-america.r0,tournament-2A,normal,0,iran,america,1,2,complete,draw,,tick-cap,60001,40.0,83.1,-25560177,287,85680,32,106200,76020,r2basij:177 r2toophan:64 r2karrar:18 htk:6 r2fajr:6 dog:4 r2coast:4 r2raad:3 r2loiter:2 r2azar:1 r2dronecontrol:1 r2toufan:1,80,46800,30,74520,104700,e1:32 mtnk:11 fv:10 jumpjet:6 orca:6 sref:5 cleg:3 dog:2 mgtk:2 tany:2 shad:1
rr.dustbowl.normal.israel-yemen.r0,dustbowl,normal,0,israel,yemen,1,2,complete,draw,,tick-cap,60001,40.0,89.6,353878894,117,101890,29,66850,70740,r2ilrifle:32 r2ilat:23 r2merkava:17 r2ilpatrol:8 r2ilfalcon:6 r2ilgunship:5 r2ilhowitzer:5 r2ilrecon:5 lcrf:4 r2ilfrigate:4 r2ilshield:3 r2iltender:2 r2namer:2 dog:1,96,34700,32,70920,70450,r2ymr:34 r2yrpg:26 r2technical:10 r2ytechrr:10 htk:5 r2ymlr:5 r2yzu:3 r2wadighost:2 dog:1
rr.tournament-2a.normal.america-israel.r0,tournament-2A,normal,0,america,israel,1,2,complete,win,israel,conquest,25696,17.13,45.5,611308926,43,15000,8,13650,38600,e1:29 mtnk:8 fv:6,35,22440,20,38600,13650,r2ilrifle:17 r2merkava:6 r2ilat:5 r2ilhowitzer:2 dog:1 r2ilfalcon:1 r2ilgunship:1 r2ilshield:1 r2namer:1
rr.dustbowl.normal.hezbollah-iran.r0,dustbowl,normal,0,hezbollah,iran,1,2,complete,draw,,tick-cap,60001,40.0,92.2,808722333,251,101600,43,84800,88950,r2hzrifle:97 r2hzat:65 r2hztechnical:19 r2hzdrone:10 r2hzrecoilless:10 r2hzmissileboat:9 r2hzscout:9 r2hzrockets:8 sapc:6 htk:4 r2hzskiff:4 r2hzspotter:4 r2hzsurvey:4 r2hzescort:2,116,40440,33,89220,86110,r2basij:66 r2toophan:26 r2karrar:13 htk:4 r2fajr:4 r2azar:1 r2coast:1 r2raad:1
rr.dustbowl.normal.hezbollah-yemen.r0,dustbowl,normal,0,hezbollah,yemen,1,2,complete,draw,,tick-cap,60001,40.0,88.9,1071777959,212,73400,50,96700,90500,r2hzrifle:84 r2hzat:57 r2hztechnical:26 r2hzrecoilless:15 r2hzdrone:9 r2hzrockets:7 r2hzscout:4 htk:3 r2hzescort:2 r2hzspotter:2 r2hzskiff:1 r2hzsurvey:1 sapc:1,200,75100,52,90500,96700,r2ymr:72 r2yrpg:72 r2technical:16 r2ytechrr:12 r2wadighost:10 r2ymlr:5 r2sahaab:4 r2mokha:3 r2hodeidah:2 r2yzu:2 htk:1 sapc:1
rr.tournament-2a.normal.turkey-israel.r0,tournament-2A,normal,0,turkey,israel,1,2,complete,win,turkey,conquest,24413,16.28,44.3,1256449695,75,34980,26,34290,18530,r2trrifle:36 r2bozkir:14 r2trat:13 r2yildirim:3 dog:2 r2aras:2 r2sahin:2 r2sancak:2 r2kuzgun:1,20,13980,8,18530,34290,r2ilat:7 r2ilrifle:4 r2merkava:4 r2namer:3 dog:1 r2ilhowitzer:1
rr.tournament-2a.normal.russia-hezbollah.r0,tournament-2A,normal,0,russia,hezbollah,1,2,complete,win,russia,conquest,15655,10.44,30.0,1698659144,11,3700,8,12650,3200,e2:5 shk:3 flakt:1 htk:1 htnk:1,3,750,4,3200,12650,r2hzat:2 r2hzrifle:1
rr.tournament-2a.normal.america-saudi.r0,tournament-2A,normal,0,america,saudi,1,2,complete,win,saudi,conquest,58514,39.01,82.4,1730812225,45,31200,29,61060,83300,e1:14 jumpjet:6 mtnk:5 orca:5 fv:4 mgtk:4 cleg:3 sref:2 shad:1 tany:1,87,67010,38,83300,61060,r2sang:23 r2saat:18 r2m1a2s:13 r2sadiq:7 r2caesar:4 r2riyadh:4 dog:3 lcrf:3 r2ah64sa:2 r2bradley:2 r2f15sa:2 r2falcon:2 r2jubail:2 r2sads:2
rr.tournament-2a.normal.hezbollah-yemen.r0,tournament-2A,normal,0,hezbollah,yemen,1,2,complete,win,hezbollah,conquest,48267,32.18,67.2,1958776667,167,70275,38,55700,56925,r2hzrifle:51 r2hzat:46 r2hzrecoilless:16 r2hzdrone:9 r2hzmissileboat:8 r2hztechnical:8 r2hzrockets:7 r2hzskiff:6 r2hzescort:5 sapc:4 r2hzsurvey:3 r2hzscout:2 htk:1 r2hzspotter:1,99,23500,17,52975,53300,r2ymr:46 r2yrpg:45 dog:3 r2technical:2 r2ytechrr:2 r2yzu:1
rr.dustbowl.normal.china-iran.r0,dustbowl,normal,0,china,iran,1,2,complete,draw,,tick-cap,60001,40.0,103.3,1996598988,147,94220,29,74850,66290,r2cnrifle:51 r2cnportable:26 r2qilin:25 r2phl:8 r2haiying:7 r2jiaolong:5 r2luyang:5 r2cloud:4 r2redspear:3 r2zbd:3 r2crane:2 r2haiwang:2 r2kunlun:2 r2lynx:2 r2skyspear:2,180,56570,41,66290,74850,r2basij:113 r2toophan:36 r2karrar:15 r2fajr:5 htk:4 r2coast:4 r2loiter:1 r2raad:1 r2toufan:1
rr.tournament-2a.normal.israel-america.r0,tournament-2A,normal,0,israel,america,1,2,complete,win,america,conquest,23252,15.5,39.2,-1737905310,21,10280,12,12500,38740,r2ilrifle:9 r2ilat:7 dog:1 r2ilhowitzer:1 r2ilshield:1 r2merkava:1 r2namer:1,69,30100,23,38740,12500,e1:37 mtnk:13 fv:9 jumpjet:4 orca:2 shad:2 aegis:1 dog:1
rr.tournament-2a.normal.saudi-yemen.r0,tournament-2A,normal,0,saudi,yemen,1,2,complete,win,yemen,conquest,11443,7.63,26.5,-1663051012,4,2020,5,4500,17780,dog:1 r2m1a2s:1 r2saat:1 r2sang:1,29,8850,14,17780,4500,r2ymr:11 r2yrpg:9 r2technical:5 r2ytechrr:2 htk:1 r2ymlr:1
rr.tournament-2a.normal.yemen-iran.r0,tournament-2A,normal,0,yemen,iran,1,2,complete,win,yemen,conquest,27113,18.08,47.3,-1396593093,115,35900,6,43110,29950,r2ymr:39 r2yrpg:32 r2technical:23 r2ytechrr:15 r2yzu:3 htk:2 dog:1,43,18390,12,29950,43110,r2basij:21 r2karrar:8 r2toophan:7 htk:2 r2fajr:2 r2raad:2 r2mohajer:1
rr.dustbowl.normal.america-iran.r0,dustbowl,normal,0,america,iran,1,2,complete,win,america,conquest,25166,16.78,44.0,-1347636701,49,31600,22,40370,12200,e1:19 mtnk:7 fv:5 jumpjet:4 cleg:3 mgtk:2 orca:2 shad:2 sref:2 aegis:1 carrier:1 tany:1,33,11500,16,12200,40370,r2basij:15 r2toophan:14 r2raad:3 r2karrar:1
rr.dustbowl.normal.america-yemen.r0,dustbowl,normal,0,america,yemen,1,2,complete,win,america,conquest,45163,30.11,69.9,-1264013338,112,68300,29,47850,35100,e1:47 mtnk:16 fv:12 jumpjet:7 shad:6 carrier:4 cleg:4 aegis:3 dest:2 dlph:2 mgtk:2 orca:2 sref:2 tany:2 lcrf:1,54,16850,18,35100,47850,r2ymr:20 r2yrpg:17 r2technical:8 r2ytechrr:5 htk:2 r2ymlr:2
rr.dustbowl.normal.israel-turkey.r0,dustbowl,normal,0,israel,turkey,1,2,complete,draw,,tick-cap,60001,40.0,96.2,-920070632,59,47330,41,65645,74530,r2ilat:18 r2ilrifle:14 r2merkava:9 r2ilshield:6 r2ilhowitzer:5 r2ilfalcon:3 dog:1 r2ilgunship:1 r2ilrecon:1 r2namer:1,151,95110,32,76530,67645,r2trrifle:52 r2trat:28 r2bozkir:27 r2ege:7 r2yildirim:6 r2poyraz:5 lcrf:4 r2greywolf:4 r2marmara:4 r2sancak:4 r2deniz:3 r2aras:2 r2sahin:2 dog:1 r2gokkalkan:1 r2turna:1
rr.tournament-2a.normal.hezbollah-russia.r0,tournament-2A,normal,0,hezbollah,russia,1,2,complete,win,russia,conquest,48289,32.19,73.1,-904684797,89,27800,27,54900,74400,r2hzrifle:38 r2hzat:21 r2hztechnical:15 r2hzrecoilless:8 r2hzrockets:4 r2hzescort:3,194,82700,33,74100,54600,e2:73 flakt:41 shk:31 htk:11 ttnk:11 hyd:8 htnk:5 apoc:4 sqd:3 dog:2 sapc:2 zep:2 sub:1
rr.dustbowl.normal.saudi-iran.r0,dustbowl,normal,0,saudi,iran,1,2,complete,draw,,tick-cap,60001,40.0,104.5,-564967438,81,70490,35,64750,69630,r2sang:22 r2m1a2s:16 r2saat:13 r2caesar:7 r2f15sa:5 r2sadiq:4 r2ah64sa:3 r2sads:3 r2falcon:2 r2riyadh:2 dog:1 lcrf:1 r2bradley:1 r2jubail:1,195,59570,34,69630,64750,r2basij:118 r2toophan:47 r2karrar:11 r2fajr:5 htk:4 r2raad:4 dog:2 r2coast:2 r2azar:1 r2loiter:1
rr.dustbowl.normal.hezbollah-china.r0,dustbowl,normal,0,hezbollah,china,1,2,complete,win,china,conquest,34388,22.93,67.5,-173223763,42,14600,15,25370,41150,r2hzat:15 r2hzrifle:14 r2hzrecoilless:6 r2hzdrone:2 r2hzrockets:2 htk:1 r2hzescort:1 r2hztechnical:1,89,46900,26,41150,25370,r2cnrifle:35 r2cnportable:15 r2qilin:14 r2lynx:7 r2cloud:4 r2phl:4 r2mantis:2 r2skyspear:2 dog:1 r2cnnetwork:1 r2crane:1 r2haiying:1 r2redspear:1 r2zbd:1
rr.dustbowl.normal.yemen-hezbollah.r0,dustbowl,normal,0,yemen,hezbollah,1,2,complete,win,yemen,conquest,57956,38.64,117.8,427775717,246,93250,35,83150,73150,r2ymr:89 r2yrpg:69 r2technical:25 r2ytechrr:18 r2hodeidah:9 r2ymlr:9 htk:8 r2wadighost:6 r2sahaab:3 r2yzu:3 dog:2 r2mokha:2 sapc:2 r2samad:1,102,33900,34,74150,85600,r2hzrifle:38 r2hzat:27 r2hztechnical:18 r2hzrecoilless:11 r2hzrockets:4 r2hzdrone:1 r2hzescort:1 r2hzscout:1 r2hzskiff:1
rr.dustbowl.normal.israel-russia.r0,dustbowl,normal,0,israel,russia,1,2,complete,draw,,tick-cap,60001,40.0,121.7,432474698,66,51060,42,45600,121470,r2ilrifle:23 r2ilat:15 r2merkava:11 r2ilhowitzer:5 r2ilfalcon:4 r2ilshield:3 r2ilgunship:2 dog:1 r2ilrecon:1 r2namer:1,205,80800,29,121570,45700,e2:92 flakt:47 shk:22 htk:10 ttnk:9 apoc:6 htnk:6 hyd:5 sqd:2 yuri:2 zep:2 sapc:1 sub:1
rr.dustbowl.normal.russia-iran.r0,dustbowl,normal,0,russia,iran,1,2,complete,win,russia,conquest,41718,27.81,91.6,436531064,155,57800,29,74260,35850,e2:67 flakt:36 shk:21 htnk:9 htk:7 ttnk:7 apoc:2 dog:2 zep:2 hyd:1 sub:1,81,26080,25,35440,73850,r2basij:47 r2toophan:21 r2karrar:6 r2raad:3 r2fajr:2 dog:1 r2coast:1
rr.tournament-2a.normal.hezbollah-china.r0,tournament-2A,normal,0,hezbollah,china,1,2,complete,win,hezbollah,conquest,24743,16.5,39.1,753415369,71,21825,19,39320,15150,r2hzrifle:31 r2hzat:18 r2hztechnical:9 r2hzrecoilless:5 r2hzdrone:2 r2hzescort:2 r2hzrockets:2 htk:1 r2hzspotter:1,25,13930,11,15150,39320,r2cnrifle:9 r2qilin:6 r2cnportable:5 r2phl:3 r2zbd:2
rr.dustbowl.normal.america-hezbollah.r0,dustbowl,normal,0,america,hezbollah,1,2,complete,draw,,tick-cap,60001,40.0,90.2,776519101,137,97900,32,65150,55350,e1:44 jumpjet:15 fv:12 shad:12 mtnk:10 orca:9 cleg:6 mgtk:6 aegis:5 carrier:5 sref:5 dest:3 dlph:2 dog:1 lcrf:1 tany:1,91,31800,35,55650,65450,r2hzrifle:30 r2hzat:29 r2hztechnical:11 r2hzrecoilless:9 r2hzrockets:4 htk:3 r2hzescort:3 r2hzdrone:1 r2hzscout:1
rr.tournament-2a.normal.russia-china.r0,tournament-2A,normal,0,russia,china,1,2,complete,win,china,conquest,45707,30.47,68.2,788037981,20,9100,14,31500,34700,shk:10 e2:4 flakt:2 htk:2 htnk:1 ttnk:1,106,54170,27,34700,31500,r2cnrifle:46 r2cnportable:18 r2qilin:17 r2lynx:5 r2phl:5 r2cloud:4 r2mantis:2 r2redspear:2 r2skyspear:2 r2zbd:2 dog:1 r2cnnetwork:1 r2crane:1
rr.tournament-2a.normal.russia-israel.r0,tournament-2A,normal,0,russia,israel,1,2,complete,win,israel,conquest,19332,12.89,33.3,1147579448,18,7200,10,12220,25700,shk:9 e2:4 flakt:3 htk:1 htnk:1,29,17140,16,26750,13270,r2ilrifle:12 r2ilat:6 r2merkava:4 r2ilhowitzer:2 r2ilshield:2 dog:1 r2ilpatrol:1 r2namer:1
rr.dustbowl.normal.turkey-hezbollah.r0,dustbowl,normal,0,turkey,hezbollah,1,2,complete,win,turkey,conquest,42489,28.33,75.7,1357671331,113,66040,31,54550,37115,r2trrifle:48 r2bozkir:18 r2trat:18 r2yildirim:5 r2ege:4 r2marmara:4 r2aras:3 lcrf:2 r2deniz:2 r2greywolf:2 r2sahin:2 r2sancak:2 dog:1 r2kuzgun:1 r2poyraz:1,68,21000,22,36850,57300,r2hzrifle:28 r2hzat:16 r2hztechnical:13 r2hzrecoilless:6 r2hzdrone:2 r2hzescort:2 r2hzrockets:1
rr.tournament-2a.normal.yemen-america.r0,tournament-2A,normal,0,yemen,america,1,2,complete,win,yemen,conquest,42628,28.42,68.3,1480916882,178,59300,35,49400,14450,r2ymr:71 r2yrpg:54 r2technical:17 r2ytechrr:12 r2hodeidah:4 r2ymlr:4 dog:2 htk:2 r2mokha:2 r2sahaab:2 r2samad:2 r2wadighost:2 r2yspot:2 r2yzu:1 sapc:1,39,18300,18,14050,49000,e1:21 mtnk:7 fv:5 orca:2 aegis:1 dest:1 jumpjet:1 shad:1
rr.dustbowl.normal.saudi-china.r0,dustbowl,normal,0,saudi,china,1,2,complete,draw,,tick-cap,60001,40.0,107.0,1615007092,74,65870,41,59470,82670,r2saat:22 r2sang:16 r2m1a2s:10 r2caesar:7 r2f15sa:6 r2ah64sa:5 r2falcon:3 r2sads:3 dog:1 r2bradley:1,124,79030,37,82670,59470,r2cnrifle:44 r2cnportable:22 r2qilin:17 r2mantis:7 r2cloud:6 r2phl:6 r2haiying:3 r2redspear:3 r2skyspear:3 r2haiwang:2 r2jiaolong:2 r2kunlun:2 r2luyang:2 r2lynx:2 dog:1 r2crane:1 r2zbd:1
rr.dustbowl.normal.hezbollah-saudi.r0,dustbowl,normal,0,hezbollah,saudi,1,2,complete,win,hezbollah,conquest,40767,27.18,74.1,1652296803,141,53450,33,63210,31600,r2hzrifle:52 r2hzat:39 r2hztechnical:12 r2hzrecoilless:7 r2hzdrone:6 r2hzrockets:5 r2hzskiff:4 r2hzmissileboat:3 r2hzscout:3 sapc:3 htk:2 r2hzspotter:2 r2hzsurvey:2 r2hzescort:1,32,24250,21,31600,63210,r2sang:10 r2saat:7 r2m1a2s:6 r2caesar:3 r2f15sa:2 dog:1 r2ah64sa:1 r2bradley:1 r2sads:1
rr.dustbowl.normal.israel-saudi.r0,dustbowl,normal,0,israel,saudi,1,2,complete,win,israel,conquest,52761,35.17,87.5,2118324344,81,64540,33,96150,38290,r2ilrifle:27 r2ilat:13 r2merkava:12 r2ilhowitzer:6 r2ilpatrol:4 r2ilshield:4 r2ilfalcon:3 r2ilfrigate:2 r2ilgunship:2 r2ilrecon:2 r2namer:2 dog:1 lcrf:1 r2ilobserver:1 r2iltender:1,45,42190,29,38290,96150,r2sang:12 r2saat:10 r2f15sa:6 r2m1a2s:6 r2ah64sa:3 r2caesar:3 r2falcon:2 dog:1 r2bradley:1 r2sads:1
rr.dustbowl.normal.iran-america.r0,dustbowl,normal,0,iran,america,1,2,complete,draw,,tick-cap,60001,40.0,135.2,-1899054326,354,111970,35,106700,98970,r2basij:213 r2toophan:83 r2karrar:24 r2coast:8 r2fajr:7 r2raad:5 dog:4 r2dronecontrol:4 htk:3 r2azar:1 r2mohajer:1 r2toufan:1,153,91700,36,98610,110100,e1:55 mtnk:22 jumpjet:20 fv:19 orca:9 shad:6 sref:6 cleg:5 mgtk:5 tany:4 aegis:1 dog:1
rr.dustbowl.normal.yemen-israel.r0,dustbowl,normal,0,yemen,israel,1,2,complete,win,israel,conquest,46251,30.83,98.8,-1608928118,78,27250,25,43470,68450,r2ymr:23 r2yrpg:22 r2technical:13 r2ytechrr:11 htk:3 dog:2 r2ymlr:2 r2wadighost:1 r2yzu:1,101,78100,29,66650,44570,r2ilrifle:35 r2ilat:17 r2merkava:15 r2ilhowitzer:6 r2ilpatrol:5 r2ilfalcon:4 r2ilshield:4 r2ilfrigate:3 r2namer:3 dog:2 lcrf:2 r2ilrecon:2 r2iltender:2 r2ilgunship:1
rr.dustbowl.normal.turkey-saudi.r0,dustbowl,normal,0,turkey,saudi,1,2,complete,win,saudi,conquest,42470,28.31,107.7,-1297385557,44,22040,27,31520,73950,r2trrifle:18 r2bozkir:10 r2trat:8 r2yildirim:3 r2aras:2 dog:1 r2gokkalkan:1 r2kuzgun:1,94,66640,31,73950,31520,r2sang:32 r2saat:21 r2m1a2s:14 r2caesar:5 r2ah64sa:3 r2riyadh:3 r2sadiq:3 r2sads:3 dog:2 lcrf:2 r2bradley:2 r2f15sa:2 r2falcon:1 r2jubail:1
rr.tournament-2a.normal.yemen-china.r0,tournament-2A,normal,0,yemen,china,1,2,complete,win,yemen,conquest,19751,13.17,37.5,-626577493,60,21375,20,29930,7950,r2ymr:21 r2yrpg:18 r2ytechrr:6 r2technical:4 r2ymlr:3 r2yzu:2 htk:1 r2hodeidah:1 r2mokha:1 r2sahaab:1 r2samad:1 r2yspot:1,13,5940,10,7950,29930,r2cnrifle:7 r2qilin:2 r2cnportable:1 r2lynx:1 r2phl:1 r2zbd:1
rr.dustbowl.normal.russia-israel.r0,dustbowl,normal,0,russia,israel,1,2,complete,win,israel,conquest,18391,12.26,52.8,-547370156,3,1500,5,5010,14200,shk:3,19,13690,13,14200,5010,r2ilrifle:7 r2ilat:4 r2merkava:3 dog:1 r2ilfalcon:1 r2ilgunship:1 r2ilhowitzer:1 r2namer:1
rr.tournament-2a.normal.russia-turkey.r0,tournament-2A,normal,0,russia,turkey,1,2,complete,win,russia,conquest,28815,19.21,50.5,-249699760,43,17200,16,23275,7600,e2:15 shk:10 flakt:7 htnk:5 htk:3 ttnk:2 dog:1,9,3865,8,7600,23275,r2trrifle:3 r2trat:2 dog:1 r2aras:1 r2bozkir:1 r2sancak:1
rr.dustbowl.normal.iran-saudi.r0,dustbowl,normal,0,iran,saudi,1,2,complete,win,iran,conquest,44555,29.7,104.1,-223982569,207,71890,31,79110,41840,r2basij:116 r2toophan:47 r2karrar:15 r2fajr:6 r2ghadir:4 r2peykaap:4 dog:2 htk:2 r2coast:2 r2loiter:2 r2mohajer:2 r2raad:2 sapc:2 r2toufan:1,40,25550,26,41840,79110,r2saat:13 r2sang:10 r2m1a2s:6 r2caesar:4 r2sads:3 dog:2 r2bradley:2
rr.dustbowl.normal.iran-russia.r0,dustbowl,normal,0,iran,russia,1,2,complete,win,iran,conquest,26880,17.92,54.8,-18238794,60,22140,18,27200,19100,r2basij:31 r2toophan:14 r2karrar:7 r2fajr:3 htk:2 dog:1 r2dronecontrol:1 r2toufan:1,15,6300,9,19100,27200,e2:6 shk:5 htnk:3 htk:1
rr.dustbowl.normal.hezbollah-russia.r0,dustbowl,normal,0,hezbollah,russia,1,2,complete,win,hezbollah,conquest,22051,14.7,51.6,260335405,70,22200,22,24500,12700,r2hzrifle:29 r2hzat:21 r2hzrecoilless:7 r2hzdrone:4 r2hztechnical:4 htk:3 r2hzrockets:2,17,5500,9,12700,24500,shk:8 e2:6 flakt:3
rr.tournament-2a.normal.saudi-iran.r0,tournament-2A,normal,0,saudi,iran,1,2,complete,win,iran,conquest,28933,19.29,52.7,533491853,19,11920,14,18670,40880,r2sang:6 r2m1a2s:4 r2saat:4 dog:2 r2ah64sa:1 r2bradley:1 r2caesar:1,80,27920,20,40880,18670,r2basij:43 r2toophan:19 r2karrar:9 r2fajr:4 htk:3 dog:1 r2mohajer:1
rr.tournament-2a.normal.israel-saudi.r0,tournament-2A,normal,0,israel,saudi,1,2,complete,win,saudi,conquest,33094,22.06,51.4,778392657,13,8430,10,20160,35340,r2ilrifle:4 r2ilat:3 r2merkava:2 r2namer:2 dog:1 r2ilhowitzer:1,45,27390,25,35340,20160,r2sang:17 r2saat:13 r2m1a2s:5 r2caesar:3 r2bradley:2 r2sads:2 dog:1 r2ah64sa:1 r2f15sa:1
rr.tournament-2a.normal.iran-china.r0,tournament-2A,normal,0,iran,china,1,2,complete,win,china,conquest,37892,25.26,57.8,815565065,74,17160,21,43060,52980,r2basij:49 r2toophan:22 r2dronecontrol:1 r2fajr:1 r2raad:1,136,63860,26,52980,43060,r2cnrifle:63 r2cnportable:26 r2qilin:18 r2cloud:7 r2lynx:5 r2phl:4 r2zbd:4 r2mantis:3 r2crane:2 r2skyspear:2 dog:1 r2redspear:1
rr.tournament-2a.normal.russia-iran.r0,tournament-2A,normal,0,russia,iran,1,2,complete,win,iran,conquest,41828,27.89,64.9,1058598548,52,22700,22,48100,59500,e2:19 shk:15 htnk:8 flakt:5 ttnk:3 htk:2,247,81840,38,59500,48100,r2basij:141 r2toophan:55 r2karrar:14 r2fajr:7 dog:5 r2peykaap:4 htk:3 r2coast:3 r2dronecontrol:3 r2ghadir:3 r2mohajer:3 r2raad:2 sapc:2 r2loiter:1 r2toufan:1
rr.dustbowl.normal.hezbollah-turkey.r0,dustbowl,normal,0,hezbollah,turkey,1,2,complete,win,hezbollah,conquest,37944,25.3,90.8,1293230684,129,43050,27,48880,23200,r2hzrifle:54 r2hzat:35 r2hztechnical:12 r2hzrecoilless:9 r2hzrockets:5 r2hzdrone:3 r2hzescort:3 dog:2 r2hzscout:2 htk:1 r2hzskiff:1 r2hzsurvey:1 sapc:1,30,14220,15,22900,48580,r2trrifle:14 r2bozkir:5 r2trat:4 r2yildirim:3 r2aras:2 dog:1 r2sancak:1
rr.dustbowl.normal.israel-china.r0,dustbowl,normal,0,israel,china,1,2,complete,draw,,tick-cap,60001,40.0,113.1,1393627746,77,73910,34,67010,72380,r2ilrifle:18 r2ilat:16 r2merkava:10 r2ilfalcon:9 r2ilgunship:5 r2ilpatrol:4 r2ilhowitzer:3 dog:2 lcrf:2 r2ilfrigate:2 r2ilrecon:2 r2iltender:2 r2ilshield:1 r2namer:1,88,61020,40,72380,67010,r2cnrifle:31 r2cnportable:14 r2qilin:9 r2cloud:8 r2phl:7 r2redspear:5 r2skyspear:4 r2mantis:3 r2crane:2 r2zbd:2 r2cnnetwork:1 r2haiying:1 r2lynx:1
rr.dustbowl.normal.iran-israel.r0,dustbowl,normal,0,iran,israel,1,2,complete,win,iran,conquest,34848,23.23,74.5,1707823231,109,39350,25,49090,28440,r2basij:60 r2toophan:22 r2karrar:12 r2fajr:5 htk:3 dog:1 r2ghadir:1 r2loiter:1 r2peykaap:1 r2raad:1 r2toufan:1 sapc:1,21,12730,16,28440,49090,r2ilat:7 r2ilrifle:4 r2namer:4 dog:3 r2merkava:2 r2ilshield:1
rr.tournament-2a.normal.russia-yemen.r0,tournament-2A,normal,0,russia,yemen,1,2,complete,win,yemen,conquest,21542,14.36,36.9,-2095016464,13,5100,9,15750,23600,e2:5 shk:4 htnk:2 flakt:1 htk:1,85,28025,23,23600,15750,r2ymr:32 r2yrpg:25 r2technical:9 r2ytechrr:8 r2ymlr:4 htk:2 r2samad:2 r2yzu:2 r2yspot:1
rr.dustbowl.normal.turkey-china.r0,dustbowl,normal,0,turkey,china,1,2,complete,win,china,conquest,38991,25.99,77.6,-1842966573,35,19510,20,33140,55370,r2trrifle:12 r2trat:8 r2bozkir:7 r2yildirim:3 r2gokkalkan:2 dog:1 r2aras:1 r2sahin:1,111,61330,28,55370,33140,r2cnrifle:49 r2qilin:16 r2cnportable:14 r2cloud:6 r2zbd:4 r2lynx:3 r2phl:3 r2skyspear:3 r2cnnetwork:2 r2haiying:2 r2jiaolong:2 r2luyang:2 r2mantis:2 r2haiwang:1 r2kunlun:1 r2redspear:1
rr.dustbowl.normal.russia-yemen.r0,dustbowl,normal,0,russia,yemen,1,2,complete,win,russia,conquest,34287,22.86,68.8,-1770425039,87,37100,26,58550,27200,e2:33 shk:20 flakt:11 htnk:10 ttnk:7 htk:5 ivan:1,78,25950,21,27200,58550,r2ymr:27 r2yrpg:26 r2ytechrr:12 r2technical:5 r2ymlr:4 r2yzu:2 dog:1 htk:1
rr.dustbowl.normal.russia-saudi.r0,dustbowl,normal,0,russia,saudi,1,2,complete,draw,,tick-cap,60001,40.0,108.0,-1725466063,210,79500,28,113650,54850,e2:95 flakt:48 shk:24 htnk:9 ttnk:9 htk:8 hyd:5 apoc:4 sub:3 sapc:2 yuri:2 zep:1,82,62870,42,54850,113870,r2sang:26 r2saat:21 r2m1a2s:13 r2f15sa:6 r2caesar:4 r2ah64sa:3 r2sads:3 dog:2 r2bradley:2 r2falcon:2
rr.dustbowl.normal.yemen-iran.r0,dustbowl,normal,0,yemen,iran,1,2,complete,win,yemen,conquest,50155,33.44,84.6,-1080830414,195,84350,33,61250,50350,r2ymr:59 r2yrpg:49 r2technical:24 r2ytechrr:17 r2hodeidah:16 r2ymlr:6 r2wadighost:5 htk:4 r2sahaab:4 r2mokha:3 r2yzu:3 dog:2 sapc:2 r2samad:1,69,26130,20,47100,60850,r2basij:37 r2toophan:17 r2karrar:8 r2fajr:3 r2coast:1 r2loiter:1 r2raad:1 r2toufan:1
rr.tournament-2a.normal.iran-saudi.r0,tournament-2A,normal,0,iran,saudi,1,2,complete,win,saudi,conquest,24945,16.63,46.3,-1065489292,19,7470,7,11330,26590,r2basij:8 r2toophan:6 r2karrar:3 htk:1 r2raad:1,29,17840,17,26590,11330,r2sang:12 r2saat:7 r2m1a2s:5 dog:1 r2ah64sa:1 r2bradley:1 r2caesar:1 r2f15sa:1
rr.dustbowl.normal.israel-hezbollah.r0,dustbowl,normal,0,israel,hezbollah,1,2,complete,draw,,tick-cap,60001,40.0,105.0,-643067643,79,72080,43,75800,102590,r2ilrifle:24 r2ilat:17 r2merkava:12 r2ilfalcon:8 r2ilgunship:5 r2ilhowitzer:5 r2ilrecon:4 r2namer:2 dog:1 r2ilshield:1,215,90300,36,102590,75800,r2hzrifle:77 r2hzat:59 r2hztechnical:17 r2hzscout:12 r2hzrecoilless:11 r2hzmissileboat:7 r2hzrockets:6 r2hzskiff:6 r2hzdrone:5 sapc:4 htk:3 r2hzescort:3 r2hzsurvey:3 dog:2
rr.dustbowl.normal.saudi-yemen.r0,dustbowl,normal,0,saudi,yemen,1,2,complete,win,yemen,conquest,45789,30.53,79.0,-598530353,50,33230,33,39250,87190,r2sang:19 r2saat:9 r2m1a2s:7 r2caesar:6 r2sads:4 dog:2 r2ah64sa:1 r2bradley:1 r2f15sa:1,177,71000,33,87190,39250,r2ymr:57 r2yrpg:47 r2technical:22 r2ytechrr:14 r2hodeidah:10 r2ymlr:7 htk:3 r2sahaab:3 r2wadighost:3 r2yzu:3 dog:2 r2mokha:2 r2samad:2 sapc:2
rr.tournament-2a.normal.saudi-turkey.r0,tournament-2A,normal,0,saudi,turkey,1,2,complete,win,saudi,conquest,34638,23.09,52.9,-229052705,66,43070,31,59620,37010,r2sang:26 r2saat:16 r2m1a2s:12 r2caesar:4 r2f15sa:2 r2sads:2 dog:1 r2ah64sa:1 r2bradley:1 r2falcon:1,52,30010,14,35660,58270,r2bozkir:18 r2trrifle:12 r2trat:10 r2aras:7 dog:2 r2gokkalkan:1 r2sancak:1 r2yildirim:1
rr.dustbowl.normal.hezbollah-israel.r0,dustbowl,normal,0,hezbollah,israel,1,2,complete,win,israel,conquest,41629,27.75,67.9,189828213,53,15300,13,21190,44350,r2hzrifle:22 r2hzat:16 r2hztechnical:9 r2hzrecoilless:4 htk:1 r2hzrockets:1,60,45120,30,43550,21690,r2ilrifle:21 r2ilat:12 r2merkava:10 r2ilhowitzer:4 r2ilfalcon:2 r2ilshield:2 r2namer:2 dog:1 r2ilfrigate:1 r2ilgunship:1 r2ilobserver:1 r2ilpatrol:1 r2ilrecon:1 r2iltender:1
rr.tournament-2a.normal.china-israel.r0,tournament-2A,normal,0,china,israel,1,2,complete,win,china,conquest,26828,17.89,42.8,297131027,74,40860,26,43280,25780,r2cnrifle:33 r2cnportable:12 r2qilin:8 r2cloud:3 r2haiying:3 r2zbd:3 r2luyang:2 r2phl:2 r2skyspear:2 r2crane:1 r2haiwang:1 r2jiaolong:1 r2kunlun:1 r2lynx:1 r2mantis:1,22,17720,12,25780,43280,r2ilrifle:6 r2merkava:6 r2ilat:5 dog:1 r2ilfalcon:1 r2ilgunship:1 r2ilhowitzer:1 r2namer:1
rr.dustbowl.normal.china-turkey.r0,dustbowl,normal,0,china,turkey,1,2,complete,win,china,conquest,23316,15.54,43.5,408105702,51,23460,20,31995,12570,r2cnrifle:23 r2qilin:11 r2cnportable:8 r2cloud:2 r2lynx:2 r2crane:1 r2haiying:1 r2mantis:1 r2phl:1 r2zbd:1,26,14535,6,12570,31995,r2bozkir:8 r2trrifle:7 r2trat:5 r2aras:2 r2gokkalkan:2 dog:1 r2sancak:1
rr.tournament-2a.normal.hezbollah-turkey.r0,tournament-2A,normal,0,hezbollah,turkey,1,2,complete,win,hezbollah,conquest,12864,8.58,29.1,727057941,31,9950,12,21720,2350,r2hzrifle:14 r2hzat:8 r2hzrecoilless:3 r2hzrockets:2 r2hztechnical:2 htk:1 r2hzdrone:1,7,2860,6,2350,21720,r2trat:2 r2trrifle:2 dog:1 r2aras:1 r2bozkir:1
rr.dustbowl.normal.iran-china.r0,dustbowl,normal,0,iran,china,1,2,complete,win,china,conquest,46077,30.72,75.3,845165662,67,24000,23,35160,66820,r2basij:35 r2toophan:19 r2karrar:7 r2fajr:2 dog:1 htk:1 r2azar:1 r2raad:1,115,56720,32,67440,36280,r2cnrifle:51 r2cnportable:22 r2qilin:19 r2phl:5 r2cloud:3 r2mantis:3 dog:2 r2crane:2 r2lynx:2 r2redspear:2 r2skyspear:2 r2cnnetwork:1 r2zbd:1
rr.dustbowl.normal.iran-turkey.r0,dustbowl,normal,0,iran,turkey,1,2,complete,win,iran,conquest,53946,35.96,93.3,871235233,205,75700,32,81255,42850,r2basij:115 r2toophan:38 r2karrar:16 r2fajr:6 r2ghadir:6 r2peykaap:6 htk:5 r2coast:3 r2raad:3 sapc:3 r2dronecontrol:2 dog:1 r2azar:1,51,29995,32,42850,81255,r2trrifle:19 r2bozkir:12 r2trat:9 r2yildirim:4 dog:1 r2aras:1 r2gokkalkan:1 r2greywolf:1 r2sahin:1 r2sancak:1 r2turna:1
rr.tournament-2a.normal.china-saudi.r0,tournament-2A,normal,0,china,saudi,1,2,complete,win,saudi,conquest,48825,32.55,83.0,1019699629,54,27840,23,34070,73630,r2cnrifle:22 r2cnportable:13 r2qilin:8 r2phl:3 r2lynx:2 r2zbd:2 amcv:1 dog:1 r2cloud:1 r2skyspear:1,70,53030,29,73630,34070,r2sang:24 r2saat:14 r2m1a2s:10 r2caesar:3 r2f15sa:3 r2riyadh:3 r2sadiq:3 r2sads:3 r2ah64sa:2 dog:1 lcrf:1 r2bradley:1 r2falcon:1 r2jubail:1
rr.dustbowl.normal.turkey-america.r0,dustbowl,normal,0,turkey,america,1,2,complete,draw,,tick-cap,60001,40.0,136.9,1600365938,148,103785,32,92700,80085,r2trrifle:47 r2bozkir:26 r2trat:25 r2yildirim:9 r2ege:7 r2greywolf:7 r2marmara:6 r2gokkalkan:5 r2poyraz:5 lcrf:3 r2sancak:3 r2sahin:2 dog:1 r2aras:1 r2turna:1,142,96300,26,80085,92700,e1:45 orca:20 fv:16 mtnk:15 jumpjet:14 mgtk:8 sref:8 tany:6 shad:5 cleg:4 dog:1
rr.dustbowl.normal.russia-hezbollah.r0,dustbowl,normal,0,russia,hezbollah,1,2,complete,win,hezbollah,conquest,21343,14.23,56.0,1803779026,12,3600,9,12400,22000,e2:7 shk:3 htk:1 htnk:1,65,20350,17,22000,12400,r2hzrifle:28 r2hzat:17 r2hzrecoilless:7 r2hztechnical:6 r2hzescort:3 r2hzrockets:2 htk:1 r2hzdrone:1
rr.dustbowl.normal.america-china.r0,dustbowl,normal,0,america,china,1,2,complete,win,america,conquest,16992,11.33,50.9,1849371192,40,14800,15,32790,10300,e1:25 mtnk:8 fv:5 dog:1 shad:1,14,6000,12,10300,32790,r2cnrifle:5 r2cnportable:4 r2qilin:3 r2lynx:1 r2zbd:1
rr.dustbowl.normal.russia-turkey.r0,dustbowl,normal,0,russia,turkey,1,2,complete,win,russia,conquest,39057,26.04,91.1,-1938213199,124,53000,29,69045,30000,e2:40 flakt:36 shk:21 htk:7 ttnk:6 apoc:4 htnk:2 ivan:2 zep:2 dog:1 hyd:1 sapc:1 sub:1,47,29135,25,30000,69045,r2trrifle:17 r2bozkir:9 r2trat:7 r2yildirim:4 r2sahin:3 dog:2 r2kuzgun:2 r2aras:1 r2greywolf:1 r2trdroneop:1
rr.tournament-2a.normal.iran-russia.r0,tournament-2A,normal,0,iran,russia,1,2,complete,win,russia,conquest,49739,33.16,73.4,-1931559956,97,36450,23,51240,75370,r2basij:50 r2toophan:23 r2karrar:8 htk:3 r2fajr:3 r2peykaap:3 r2coast:2 r2raad:2 dog:1 r2ghadir:1 sapc:1,170,69750,32,73630,50750,e2:74 flakt:34 shk:16 hyd:13 htnk:9 htk:8 ttnk:8 apoc:3 ivan:1 sapc:1 sqd:1 sub:1 zep:1
rr.dustbowl.normal.china-hezbollah.r0,dustbowl,normal,0,china,hezbollah,1,2,complete,win,hezbollah,conquest,37347,24.9,83.9,-1326990411,46,23840,22,23700,69780,r2cnrifle:22 r2cnportable:9 r2phl:4 r2cloud:3 r2qilin:3 r2skyspear:2 r2cnnetwork:1 r2lynx:1 r2zbd:1,109,40650,28,69780,23700,r2hzrifle:37 r2hzat:29 r2hztechnical:10 r2hzrecoilless:9 r2hzdrone:7 r2hzrockets:4 htk:3 r2hzescort:2 r2hzskiff:2 r2hzsurvey:2 dog:1 r2hzmissileboat:1 r2hzscout:1 sapc:1
rr.tournament-2a.normal.china-russia.r0,tournament-2A,normal,0,china,russia,1,2,complete,win,china,conquest,23616,15.74,44.7,-1196063922,46,20190,18,18700,6930,r2cnrifle:22 r2cnportable:7 r2qilin:6 r2lynx:4 r2zbd:2 dog:1 r2cloud:1 r2mantis:1 r2phl:1 r2skyspear:1,8,2000,8,6930,18700,e2:5 shk:3
rr.tournament-2a.normal.america-hezbollah.r0,tournament-2A,normal,0,america,hezbollah,1,2,complete,win,hezbollah,conquest,26065,17.38,46.9,-1024457373,15,6900,12,12300,31300,e1:8 fv:3 jumpjet:1 mtnk:1 orca:1 shad:1,68,20400,18,31300,12300,r2hzrifle:29 r2hzat:18 r2hztechnical:10 r2hzrecoilless:5 htk:2 r2hzdrone:2 r2hzescort:1 r2hzrockets:1
rr.dustbowl.normal.china-yemen.r0,dustbowl,normal,0,china,yemen,1,2,complete,win,china,conquest,39071,26.05,82.6,-746498993,68,41090,32,28700,25520,r2cnrifle:27 r2cnportable:11 r2qilin:9 r2cloud:3 r2lynx:3 r2phl:3 r2crane:2 r2skyspear:2 r2haiwang:1 r2haiying:1 r2jiaolong:1 r2kunlun:1 r2luyang:1 r2mantis:1 r2redspear:1 r2zbd:1,25,7400,9,25520,28700,r2ymr:9 r2yrpg:9 r2technical:3 r2ytechrr:3 htk:1
rr.tournament-2a.normal.america-turkey.r0,tournament-2A,normal,0,america,turkey,1,2,complete,win,america,conquest,27313,18.21,45.5,-551885514,78,49700,25,49435,15800,e1:30 mtnk:10 cleg:7 fv:7 jumpjet:7 sref:6 mgtk:4 shad:3 orca:2 dog:1 tany:1,35,15325,19,15800,49435,r2trrifle:15 r2bozkir:6 r2trat:6 dog:3 r2gokkalkan:2 r2aras:1 r2sancak:1 r2yildirim:1
rr.tournament-2a.normal.yemen-saudi.r0,tournament-2A,normal,0,yemen,saudi,1,2,complete,win,saudi,conquest,23705,15.8,42.7,-485185013,22,7250,12,15000,25750,r2yrpg:10 r2ymr:6 r2ytechrr:5 r2yzu:1,40,25200,19,25750,15000,r2sang:15 r2saat:10 r2m1a2s:8 r2bradley:2 dog:1 r2ah64sa:1 r2caesar:1 r2f15sa:1 r2sads:1
rr.tournament-2a.normal.hezbollah-america.r0,tournament-2A,normal,0,hezbollah,america,1,2,complete,win,america,conquest,14951,9.97,31.3,-96473032,7,1900,5,8100,16000,r2hzat:3 r2hzrifle:3 r2hzrecoilless:1,37,15200,14,16000,8100,e1:21 mtnk:8 fv:4 dog:1 jumpjet:1 orca:1 shad:1
rr.dustbowl.normal.china-israel.r0,dustbowl,normal,0,china,israel,1,2,complete,win,china,conquest,46817,31.21,94.0,-57516438,128,74290,30,108320,40100,r2cnrifle:52 r2cnportable:20 r2qilin:20 r2mantis:5 r2phl:5 r2zbd:4 r2cloud:3 r2haiying:3 r2luyang:3 r2haiwang:2 r2jiaolong:2 r2kunlun:2 r2lynx:2 r2redspear:2 r2skyspear:2 dog:1,53,44810,34,40100,108320,r2ilrifle:13 r2ilat:12 r2merkava:9 r2ilhowitzer:5 r2ilfalcon:4 dog:3 r2ilgunship:2 r2ilshield:2 r2ilobserver:1 r2ilrecon:1 r2namer:1
rr.dustbowl.normal.turkey-israel.r0,dustbowl,normal,0,turkey,israel,1,2,complete,draw,,tick-cap,60001,40.0,104.6,82119417,138,91995,32,94080,70385,r2trrifle:49 r2bozkir:25 r2trat:21 r2ege:7 r2yildirim:7 r2greywolf:5 r2marmara:5 r2poyraz:4 lcrf:3 r2aras:2 r2deniz:2 r2kuzgun:2 r2sahin:2 dog:1 r2gokkalkan:1 r2sancak:1 r2turna:1,87,65220,47,70385,94080,r2ilrifle:31 r2ilat:22 r2merkava:13 r2ilhowitzer:8 r2ilfalcon:5 r2ilgunship:4 r2ilshield:2 dog:1 r2namer:1
rr.tournament-2a.normal.saudi-israel.r0,tournament-2A,normal,0,saudi,israel,1,2,complete,win,saudi,conquest,21698,14.47,38.8,217146389,49,28290,23,30600,13050,r2sang:17 r2saat:15 r2m1a2s:10 r2bradley:2 r2caesar:2 dog:1 r2sads:1 r2sajtac:1,10,6940,9,13050,30600,r2ilat:3 r2ilrifle:2 r2merkava:2 dog:1 r2ilhowitzer:1 r2namer:1
rr.dustbowl.normal.yemen-russia.r0,dustbowl,normal,0,yemen,russia,1,2,complete,win,yemen,conquest,37945,25.3,67.7,604076241,187,66150,34,41600,42800,r2ymr:65 r2yrpg:59 r2technical:20 r2ytechrr:16 r2hodeidah:5 r2ymlr:5 r2yzu:4 r2sahaab:3 htk:2 r2mokha:2 r2samad:2 r2wadighost:2 dog:1 sapc:1,35,14100,16,42800,41600,e2:14 shk:9 flakt:4 htnk:4 htk:2 ttnk:2
rr.dustbowl.normal.iran-hezbollah.r0,dustbowl,normal,0,iran,hezbollah,1,2,complete,win,hezbollah,conquest,40925,27.28,65.7,883641960,60,22060,21,44740,59830,r2basij:29 r2toophan:16 r2karrar:7 htk:3 r2fajr:2 r2raad:2 dog:1,244,76600,33,59240,44650,r2hzrifle:123 r2hzat:88 r2hzmissileboat:11 r2hzscout:6 sapc:6 dog:3 r2hzskiff:3 r2hzspotter:2 r2hzsurvey:2
rr.tournament-2a.normal.iran-turkey.r0,tournament-2A,normal,0,iran,turkey,1,2,complete,win,iran,conquest,31386,20.92,51.2,1126760162,82,29600,23,48930,20290,r2basij:45 r2toophan:17 r2karrar:9 r2fajr:4 htk:2 r2dronecontrol:2 r2raad:2 r2mohajer:1,31,12820,17,20290,48930,r2trrifle:14 r2trat:8 r2bozkir:3 r2sancak:2 dog:1 r2aras:1 r2kuzgun:1 r2yildirim:1
rr.tournament-2a.normal.china-turkey.r0,tournament-2A,normal,0,china,turkey,1,2,complete,win,china,conquest,56891,37.93,81.6,1283964837,109,63880,36,87525,59710,r2cnrifle:44 r2cnportable:17 r2qilin:14 r2phl:7 r2lynx:6 r2haiying:3 r2luyang:3 r2cnnetwork:2 r2jiaolong:2 r2mantis:2 r2redspear:2 r2skyspear:2 r2zbd:2 r2cloud:1 r2crane:1 r2haiwang:1,54,35065,25,59710,87525,r2trrifle:13 r2trat:12 r2bozkir:7 r2poyraz:7 r2yildirim:5 r2ege:4 amcv:1 dog:1 lcrf:1 r2aras:1 r2kuzgun:1 r2sancak:1
rr.tournament-2a.normal.iran-yemen.r0,tournament-2A,normal,0,iran,yemen,1,2,complete,win,yemen,conquest,38921,25.95,57.6,1541777539,67,23330,14,25150,49250,r2basij:37 r2toophan:15 r2karrar:9 htk:2 r2fajr:2 r2raad:2,118,38500,30,49850,25750,r2ymr:44 r2yrpg:32 r2technical:16 r2ytechrr:11 dog:3 r2samad:3 r2ymlr:3 r2yzu:3 htk:2 r2wadighost:1
rr.tournament-2a.normal.turkey-saudi.r0,tournament-2A,normal,0,turkey,saudi,1,2,complete,draw,,tick-cap,60001,40.0,87.4,1639027298,69,43270,36,53610,44605,r2trrifle:24 r2trat:13 r2bozkir:10 r2yildirim:7 r2kuzgun:3 dog:2 r2sahin:2 lcrf:1 r2aras:1 r2ege:1 r2gokkalkan:1 r2greywolf:1 r2marmara:1 r2sancak:1 r2turna:1,44,35960,27,44605,53610,r2saat:16 r2sang:8 r2m1a2s:5 r2caesar:4 r2ah64sa:3 r2f15sa:3 r2bradley:2 r2sads:2 dog:1
rr.tournament-2a.normal.yemen-israel.r0,tournament-2A,normal,0,yemen,israel,1,2,complete,win,yemen,conquest,17635,11.76,31.3,2099124955,56,18050,18,29020,7850,r2yrpg:20 r2ymr:19 r2ytechrr:6 r2technical:4 htk:2 r2ymlr:2 dog:1 r2samad:1 r2yzu:1,10,5910,9,7850,29020,r2ilat:3 r2ilrifle:3 r2merkava:2 dog:1 r2namer:1
rr.dustbowl.normal.turkey-russia.r0,dustbowl,normal,0,turkey,russia,1,2,complete,win,turkey,conquest,25090,16.73,46.6,2119766155,40,19030,18,21000,13180,r2trrifle:16 r2trat:9 r2bozkir:8 r2kuzgun:2 r2sancak:2 dog:1 r2aras:1 r2yildirim:1,9,4100,8,13180,21000,shk:4 e2:3 htnk:2
rr.tournament-2a.normal.israel-russia.r0,tournament-2A,normal,0,israel,russia,1,2,complete,win,israel,conquest,13429,8.95,25.0,-1879622491,21,10950,11,13800,4510,r2ilrifle:10 r2ilat:5 r2merkava:3 dog:1 r2ilhowitzer:1 r2namer:1,3,700,5,4510,13800,e2:2 shk:1
rr.tournament-2a.normal.saudi-russia.r0,tournament-2A,normal,0,saudi,russia,1,2,complete,win,saudi,conquest,18399,12.27,31.7,-1782907977,21,11730,15,22400,5240,r2sang:9 r2m1a2s:4 r2saat:4 dog:1 r2bradley:1 r2caesar:1 r2sads:1,11,3900,9,5240,22400,e2:5 shk:4 htk:1 htnk:1
rr.tournament-2a.normal.israel-china.r0,tournament-2A,normal,0,israel,china,1,2,complete,win,china,conquest,33387,22.26,49.1,-1710354998,23,15230,14,29910,47490,r2ilrifle:9 r2ilat:5 r2merkava:4 r2namer:2 dog:1 r2ilfalcon:1 r2ilhowitzer:1,63,32000,26,47490,29910,r2cnrifle:25 r2cnportable:13 r2qilin:11 r2lynx:4 r2cloud:2 r2phl:2 r2zbd:2 r2crane:1 r2mantis:1 r2redspear:1 r2skyspear:1
rr.tournament-2a.normal.china-yemen.r0,tournament-2A,normal,0,china,yemen,1,2,complete,win,yemen,conquest,25162,16.77,40.0,-1631512442,27,10010,11,17800,33200,r2cnrifle:13 r2cnportable:8 r2qilin:3 dog:1 r2lynx:1 r2skyspear:1,66,23700,19,33200,17800,r2ymr:24 r2yrpg:17 r2technical:7 r2ytechrr:4 r2yzu:4 r2sahaab:3 r2ymlr:3 r2hodeidah:2 r2mokha:1 sapc:1
rr.dustbowl.normal.russia-china.r0,dustbowl,normal,0,russia,china,1,2,complete,win,russia,conquest,23173,15.45,40.7,-1464901265,45,22300,18,37400,9600,shk:13 e2:9 flakt:9 htnk:5 htk:4 ttnk:4 hyd:1,18,9360,14,9600,37400,r2cnrifle:8 r2cnportable:3 r2qilin:3 r2phl:2 r2zbd:2
rr.tournament-2a.normal.saudi-america.r0,tournament-2A,normal,0,saudi,america,1,2,complete,win,saudi,conquest,33513,22.34,52.0,-1232274845,45,25230,20,46000,24200,r2sang:19 r2saat:11 r2m1a2s:9 r2caesar:2 r2sads:2 dog:1 r2bradley:1,25,12500,18,24200,46000,e1:12 mtnk:5 fv:3 orca:3 jumpjet:2
rr.tournament-2a.normal.russia-saudi.r0,tournament-2A,normal,0,russia,saudi,1,2,complete,win,saudi,conquest,22853,15.24,37.1,-1218338252,14,5400,12,11690,29000,e2:6 shk:6 htnk:2,46,27130,23,29000,11690,r2sang:19 r2saat:10 r2m1a2s:8 r2bradley:3 dog:2 r2ah64sa:1 r2caesar:1 r2f15sa:1 r2sads:1
rr.dustbowl.normal.america-turkey.r0,dustbowl,normal,0,america,turkey,1,2,complete,win,america,conquest,41360,27.57,65.3,-1058114648,91,59300,27,42715,18700,e1:33 mtnk:13 fv:12 cleg:6 jumpjet:5 sref:4 aegis:3 mgtk:3 carrier:2 dest:2 orca:2 shad:2 dlph:1 dog:1 lcrf:1 tany:1,28,12755,14,18700,42715,r2trrifle:11 r2trat:8 r2aras:2 r2gokkalkan:2 dog:1 r2bozkir:1 r2sahin:1 r2trdroneop:1 r2yildirim:1
rr.dustbowl.normal.yemen-saudi.r0,dustbowl,normal,0,yemen,saudi,1,2,complete,win,yemen,conquest,27565,18.38,49.5,-846131712,95,31100,24,51860,23200,r2ymr:33 r2yrpg:31 r2ytechrr:11 r2technical:10 r2yzu:4 r2ymlr:3 htk:2 r2samad:1,27,17700,17,23200,51860,r2sang:10 r2saat:6 r2m1a2s:5 r2caesar:3 dog:1 r2bradley:1 r2f15sa:1
rr.tournament-2a.normal.turkey-yemen.r0,tournament-2A,normal,0,turkey,yemen,1,2,complete,win,yemen,conquest,24585,16.39,46.2,-705094883,23,9750,10,14450,34660,r2trrifle:10 r2bozkir:4 r2trat:4 r2aras:3 dog:1 r2sancak:1,70,22650,19,34660,14450,r2ymr:25 r2yrpg:23 r2ytechrr:8 r2technical:6 r2ymlr:3 htk:2 dog:1 r2samad:1 r2yzu:1
rr.tournament-2a.normal.china-america.r0,tournament-2A,normal,0,china,america,1,2,complete,win,america,conquest,16754,11.17,33.7,-403075901,13,6170,9,8700,28960,r2cnrifle:6 r2cnportable:2 r2qilin:2 r2lynx:1 r2phl:1 r2zbd:1,28,10600,14,28960,8700,e1:18 mtnk:4 fv:2 dog:1 jumpjet:1 orca:1 shad:1
rr.dustbowl.normal.saudi-israel.r0,dustbowl,normal,0,saudi,israel,1,2,complete,draw,,tick-cap,60001,40.0,94.6,-351015715,54,48710,37,69240,82370,r2sang:13 r2saat:12 r2m1a2s:11 r2caesar:5 r2ah64sa:4 r2f15sa:4 r2falcon:2 dog:1 r2bradley:1 r2sads:1,98,85660,33,82370,69240,r2ilrifle:33 r2merkava:16 r2ilat:15 r2ilfalcon:8 r2ilhowitzer:5 r2ilfrigate:4 r2ilpatrol:4 r2ilgunship:3 lcrf:2 r2ilrecon:2 r2ilshield:2 r2iltender:2 dog:1 r2namer:1
rr.dustbowl.normal.iran-yemen.r0,dustbowl,normal,0,iran,yemen,1,2,complete,win,yemen,conquest,37821,25.21,65.4,-243587380,57,18930,19,37000,53900,r2basij:32 r2toophan:16 r2karrar:5 r2fajr:2 r2raad:2,169,65700,32,53900,37000,r2ymr:57 r2yrpg:48 r2technical:19 r2ytechrr:11 r2hodeidah:8 r2samad:5 htk:4 r2wadighost:4 r2ymlr:4 r2sahaab:3 dog:2 r2mokha:2 r2yzu:1 sapc:1
rr.dustbowl.normal.yemen-china.r0,dustbowl,normal,0,yemen,china,1,2,complete,draw,,tick-cap,60001,40.0,88.5,-63998731,78,28750,27,56930,57600,r2yrpg:23 r2ymr:21 r2technical:14 r2ytechrr:10 r2ymlr:3 htk:2 r2yspot:2 r2yzu:2 r2wadighost:1,120,78970,36,55850,57270,r2cnrifle:36 r2cnportable:25 r2qilin:18 r2phl:7 r2lynx:6 r2haiying:4 r2luyang:4 r2zbd:4 r2cloud:3 r2jiaolong:3 r2redspear:3 r2haiwang:2 r2kunlun:2 r2skyspear:2 r2mantis:1
rr.tournament-2a.normal.saudi-china.r0,tournament-2A,normal,0,saudi,china,1,2,complete,win,saudi,conquest,21502,14.33,35.5,410725493,51,27880,20,39540,13590,r2sang:24 r2saat:11 r2m1a2s:8 dog:2 r2bradley:2 r2ah64sa:1 r2caesar:1 r2f15sa:1 r2sads:1,34,11800,14,13590,39540,r2cnrifle:15 r2cnportable:12 r2qilin:4 dog:1 r2lynx:1 r2zbd:1
rr.tournament-2a.normal.turkey-china.r0,tournament-2A,normal,0,turkey,china,1,2,complete,win,china,conquest,28334,18.89,43.6,595243154,19,7640,11,19130,35600,r2trrifle:8 r2trat:5 r2bozkir:3 dog:1 r2aras:1 r2sancak:1,61,28350,25,35600,19130,r2cnrifle:25 r2cnportable:12 r2qilin:12 r2lynx:3 dog:2 r2phl:2 r2cloud:1 r2crane:1 r2mantis:1 r2skyspear:1 r2zbd:1
rr.tournament-2a.normal.israel-yemen.r0,tournament-2A,normal,0,israel,yemen,1,2,complete,win,yemen,conquest,16363,10.91,28.8,765822565,4,1970,6,6300,19280,dog:1 r2ilat:1 r2ilrifle:1 r2namer:1,43,14200,16,19280,6300,r2yrpg:16 r2ymr:14 r2ytechrr:6 r2technical:3 htk:2 r2ymlr:2
rr.tournament-2a.normal.america-yemen.r0,tournament-2A,normal,0,america,yemen,1,2,complete,win,yemen,conquest,25863,17.24,40.8,821087404,28,12100,16,16350,45200,e1:16 fv:6 jumpjet:2 orca:2 mtnk:1 shad:1,77,24800,24,45200,16350,r2ymr:30 r2yrpg:22 r2technical:9 r2ytechrr:8 r2ymlr:3 htk:2 r2samad:2 r2yzu:1
rr.dustbowl.normal.america-israel.r0,dustbowl,normal,0,america,israel,1,2,complete,win,america,conquest,46472,30.98,73.7,1033240387,121,67100,31,90530,39800,e1:53 fv:17 mtnk:16 jumpjet:7 cleg:5 shad:4 dog:3 sref:3 aegis:2 carrier:2 dest:2 mgtk:2 orca:2 dlph:1 lcrf:1 tany:1,49,37020,33,39800,90530,r2ilrifle:16 r2ilat:11 r2merkava:10 r2ilhowitzer:3 r2ilshield:3 r2ilfalcon:2 r2namer:2 dog:1 r2ilrecon:1
rr.tournament-2a.normal.israel-hezbollah.r0,tournament-2A,normal,0,israel,hezbollah,1,2,complete,win,hezbollah,conquest,32492,21.66,48.9,1052973822,23,16240,15,18300,51700,r2ilrifle:7 r2ilat:6 r2merkava:6 dog:1 r2ilgunship:1 r2ilhowitzer:1 r2namer:1,75,23600,24,51700,18300,r2hzrifle:30 r2hzat:22 r2hztechnical:10 r2hzdrone:4 r2hzrecoilless:4 r2hzescort:2 r2hzrockets:2 htk:1
rr.dustbowl.normal.hezbollah-america.r0,dustbowl,normal,0,hezbollah,america,1,2,complete,draw,,tick-cap,60001,40.0,99.5,1230207893,244,80175,51,57700,110925,r2hzrifle:117 r2hzat:95 r2hzscout:15 r2hzskiff:6 r2hzspotter:3 r2hzsurvey:3 dog:2 sapc:2 r2hzmissileboat:1,116,75700,34,110925,57700,e1:37 mtnk:17 fv:14 jumpjet:14 sref:7 orca:5 shad:5 cleg:4 aegis:3 dest:3 carrier:2 dlph:1 dog:1 lcrf:1 mgtk:1 tany:1
rr.tournament-2a.normal.turkey-hezbollah.r0,tournament-2A,normal,0,turkey,hezbollah,1,2,complete,win,hezbollah,conquest,30843,20.56,53.1,1545633722,46,21440,22,27200,64800,r2trrifle:18 r2trat:10 r2bozkir:9 dog:3 r2yildirim:3 r2sancak:2 r2aras:1,132,46150,31,65350,27750,r2hzrifle:52 r2hzat:32 r2hztechnical:15 r2hzrecoilless:8 r2hzdrone:6 r2hzrockets:4 r2hzmissileboat:3 r2hzskiff:3 r2hzescort:2 r2hzspotter:2 r2hzsurvey:2 sapc:2 htk:1
rr.dustbowl.normal.yemen-israel.r1,dustbowl,normal,1,yemen,israel,1,2,complete,win,israel,conquest,22238,14.83,41.4,1771559192,5,1200,5,5010,15700,r2yrpg:3 r2ymr:2,24,15530,18,15700,5010,r2ilrifle:9 r2ilat:5 r2merkava:5 r2ilhowitzer:2 dog:1 r2ilshield:1 r2namer:1
rr.dustbowl.normal.hezbollah-turkey.r1,dustbowl,normal,1,hezbollah,turkey,1,2,complete,draw,,tick-cap,60001,40.0,114.8,2078080365,222,91550,39,110525,82000,r2hzrifle:73 r2hzat:62 r2hzrecoilless:17 r2hztechnical:17 r2hzdrone:13 r2hzrockets:8 r2hzscout:7 r2hzskiff:6 r2hzescort:5 r2hzmissileboat:5 r2hzsurvey:5 sapc:3 htk:1,140,80370,56,81600,110125,r2trrifle:54 r2bozkir:29 r2trat:27 r2yildirim:9 r2greywolf:6 r2kuzgun:5 r2aras:3 r2sancak:3 dog:2 r2sahin:2
rr.dustbowl.normal.turkey-china.r1,dustbowl,normal,1,turkey,china,1,2,complete,draw,,tick-cap,60001,40.0,109.3,-2106776344,126,70020,54,71350,111705,r2trrifle:54 r2trat:24 r2bozkir:18 r2yildirim:12 r2kuzgun:5 r2greywolf:3 r2aras:2 r2gokkalkan:2 r2sahin:2 r2turna:2 dog:1 r2sancak:1,141,98220,28,111705,71350,r2cnrifle:46 r2cnportable:22 r2qilin:17 r2phl:8 r2cloud:7 r2haiying:6 r2mantis:6 r2jiaolong:4 r2luyang:4 r2lynx:4 r2redspear:4 r2skyspear:4 r2crane:3 r2haiwang:2 r2kunlun:2 r2zbd:2
rr.dustbowl.normal.america-hezbollah.r1,dustbowl,normal,1,america,hezbollah,1,2,complete,win,america,conquest,19578,13.05,40.0,-2067912503,33,15400,18,22300,7800,e1:16 fv:4 jumpjet:4 mtnk:4 orca:2 shad:2 dog:1,15,4100,6,7800,22300,r2hzrifle:7 r2hzat:4 r2hztechnical:2 htk:1 r2hzrecoilless:1
rr.dustbowl.normal.hezbollah-russia.r1,dustbowl,normal,1,hezbollah,russia,1,2,complete,draw,,tick-cap,60001,40.0,100.7,-1665647909,235,99050,36,51050,78250,r2hzrifle:84 r2hzat:57 r2hztechnical:25 r2hzrecoilless:14 r2hzscout:11 r2hzdrone:8 r2hzmissileboat:8 r2hzrockets:8 r2hzskiff:6 htk:4 sapc:4 r2hzescort:3 r2hzsurvey:3,91,37850,33,76800,55550,flakt:33 e2:22 shk:19 htk:7 ttnk:6 htnk:2 apoc:1 zep:1
rr.dustbowl.normal.russia-yemen.r1,dustbowl,normal,1,russia,yemen,1,2,complete,win,russia,conquest,50632,33.75,83.4,-1068520987,224,97850,29,90200,50200,e2:86 flakt:40 shk:33 hyd:15 htnk:14 htk:10 ttnk:7 sub:5 sapc:4 apoc:3 sqd:3 dog:2 zep:2,85,33950,29,49800,92100,r2yrpg:26 r2ymr:22 r2technical:15 r2ytechrr:10 r2ymlr:4 r2wadighost:3 r2yzu:3 htk:2
rr.tournament-2a.normal.america-saudi.r1,tournament-2A,normal,1,america,saudi,1,2,complete,win,america,conquest,52219,34.81,76.2,-1016506047,117,81400,30,83700,40400,e1:40 mtnk:13 fv:10 jumpjet:9 mgtk:8 orca:7 cleg:6 aegis:4 carrier:4 dest:3 shad:3 sref:3 tany:3 dlph:2 dog:1 lcrf:1,51,35590,30,41650,84950,r2saat:14 r2sang:12 r2m1a2s:7 r2caesar:6 r2sadiq:6 r2riyadh:2 r2sads:2 dog:1 r2bradley:1
rr.tournament-2a.normal.russia-yemen.r1,tournament-2A,normal,1,russia,yemen,1,2,complete,win,yemen,conquest,39521,26.35,61.9,-655971333,30,11400,21,62450,45300,shk:9 flakt:7 e2:6 dog:4 htk:2 ttnk:2,235,79950,31,45300,62450,r2ymr:90 r2yrpg:69 r2technical:30 r2ytechrr:19 r2samad:6 r2wadighost:6 htk:5 r2ymlr:5 r2yzu:3 dog:2
rr.tournament-2a.normal.iran-turkey.r1,tournament-2A,normal,1,iran,turkey,1,2,complete,win,turkey,conquest,17888,11.93,31.9,-250443767,21,5580,7,10070,24500,r2basij:12 r2toophan:7 htk:1 r2karrar:1,45,21350,16,24655,10225,r2trrifle:20 r2bozkir:7 r2trat:7 r2aras:2 r2ege:2 r2poyraz:2 dog:1 lcrf:1 r2kuzgun:1 r2sancak:1 r2yildirim:1
rr.tournament-2a.normal.iran-china.r1,tournament-2A,normal,1,iran,china,1,2,complete,win,iran,conquest,35407,23.6,55.2,-231261852,78,27450,23,39930,23240,r2basij:45 r2toophan:16 r2karrar:6 r2raad:3 r2coast:2 r2fajr:2 htk:1 r2dronecontrol:1 r2loiter:1 r2mohajer:1,21,12440,13,23240,39930,r2cnrifle:7 r2cnportable:5 r2qilin:3 r2phl:2 r2cloud:1 r2lynx:1 r2skyspear:1 r2zbd:1
rr.tournament-2a.normal.hezbollah-america.r1,tournament-2A,normal,1,hezbollah,america,1,2,complete,win,america,conquest,40084,26.72,59.3,-37245438,34,10350,14,30600,35650,r2hzrifle:13 r2hzat:11 r2hztechnical:5 r2hzrecoilless:2 htk:1 r2hzescort:1 r2hzrockets:1,89,58000,28,35650,30600,e1:34 mtnk:11 fv:7 orca:7 jumpjet:6 shad:5 sref:4 cleg:3 mgtk:3 aegis:2 carrier:2 dest:1 dlph:1 dog:1 lcrf:1 tany:1
rr.tournament-2a.normal.israel-yemen.r1,tournament-2A,normal,1,israel,yemen,1,2,complete,win,yemen,conquest,29900,19.93,47.3,69130916,29,18020,24,24850,60630,r2ilrifle:11 r2ilat:7 r2merkava:5 r2ilhowitzer:2 r2ilshield:2 dog:1 r2namer:1,101,33250,30,60630,24850,r2ymr:36 r2yrpg:31 r2technical:13 r2ytechrr:9 r2ymlr:4 r2yzu:3 htk:2 dog:1 r2hodeidah:1 r2samad:1
rr.tournament-2a.normal.saudi-china.r1,tournament-2A,normal,1,saudi,china,1,2,complete,win,china,conquest,16123,10.75,30.8,321310400,4,1770,5,9410,17930,dog:1 r2bradley:1 r2saat:1 r2sang:1,43,19220,20,17930,9410,r2cnrifle:21 r2cnportable:8 r2qilin:4 r2zbd:3 r2lynx:2 r2phl:2 dog:1 r2cloud:1 r2skyspear:1
rr.dustbowl.normal.russia-china.r1,dustbowl,normal,1,russia,china,1,2,complete,win,russia,conquest,56693,37.8,102.2,543590806,290,113000,29,142090,63050,e2:132 flakt:50 shk:38 htnk:16 htk:15 hyd:12 ttnk:8 apoc:4 sapc:3 sqd:3 zep:3 dog:2 sub:2 yuri:2,107,61950,52,63050,142090,r2cnrifle:45 r2qilin:20 r2cnportable:16 r2phl:6 r2cloud:5 r2redspear:4 r2mantis:3 r2skyspear:3 r2zbd:3 r2crane:1 r2lynx:1
rr.tournament-2a.normal.israel-iran.r1,tournament-2A,normal,1,israel,iran,1,2,complete,win,iran,conquest,32543,21.7,52.9,557577249,37,21920,22,26540,64180,r2ilat:15 r2ilrifle:11 r2merkava:3 dog:2 r2ilhowitzer:2 r2namer:2 r2ilfalcon:1 r2ilshield:1,122,42600,29,64180,26540,r2basij:70 r2toophan:25 r2karrar:9 dog:3 htk:3 r2coast:2 r2fajr:2 r2raad:2 r2toufan:2 r2azar:1 r2ghadir:1 r2mohajer:1 r2peykaap:1
rr.dustbowl.normal.iran-israel.r1,dustbowl,normal,1,iran,israel,1,2,complete,win,iran,conquest,43168,28.78,69.1,630938933,173,62420,32,72710,39560,r2basij:93 r2toophan:36 r2karrar:18 r2fajr:6 r2peykaap:4 htk:3 r2ghadir:3 r2mohajer:3 dog:2 sapc:2 r2dronecontrol:1 r2loiter:1 r2raad:1,41,19100,29,39560,72710,r2ilrifle:20 r2ilat:14 r2merkava:5 dog:1 r2ilhowitzer:1
rr.tournament-2a.normal.america-turkey.r1,tournament-2A,normal,1,america,turkey,1,2,complete,win,turkey,conquest,33639,22.43,53.9,1086468031,31,16400,17,24165,48600,e1:12 fv:7 jumpjet:4 mtnk:4 orca:3 shad:1,105,53930,28,48600,24165,r2trrifle:46 r2trat:20 r2bozkir:15 r2gokkalkan:5 r2yildirim:4 dog:2 r2ege:2 r2poyraz:2 r2sahin:2 r2sancak:2 lcrf:1 r2aras:1 r2greywolf:1 r2kuzgun:1 r2marmara:1
rr.tournament-2a.normal.america-israel.r1,tournament-2A,normal,1,america,israel,1,2,complete,win,israel,conquest,30034,20.02,47.4,1320681619,18,7800,10,20350,31900,e1:10 mtnk:4 fv:2 jumpjet:1 orca:1,42,31120,25,31900,20350,r2ilrifle:16 r2ilat:9 r2merkava:6 r2ilfalcon:3 r2ilhowitzer:2 dog:1 r2ilfrigate:1 r2ilgunship:1 r2ilpatrol:1 r2ilshield:1 r2namer:1
rr.tournament-2a.normal.yemen-hezbollah.r1,tournament-2A,normal,1,yemen,hezbollah,1,2,complete,win,yemen,conquest,44011,29.34,64.2,1565394815,187,72300,42,46150,58400,r2ymr:62 r2yrpg:60 r2ytechrr:18 r2technical:9 r2ymlr:9 htk:6 r2hodeidah:6 r2wadighost:4 r2sahaab:3 r2yzu:3 dog:2 r2mokha:2 r2samad:2 sapc:1,54,20100,14,59000,46750,r2hzrifle:16 r2hzat:13 r2hzrecoilless:10 r2hztechnical:7 r2hzdrone:3 htk:2 r2hzrockets:2 r2hzescort:1
rr.tournament-2a.normal.china-turkey.r1,tournament-2A,normal,1,china,turkey,1,2,complete,win,turkey,conquest,31441,20.96,48.1,1624343245,25,14930,15,24230,45270,r2cnrifle:9 r2qilin:5 r2cnportable:3 r2haiying:3 r2luyang:2 r2cloud:1 r2phl:1 r2zbd:1,67,38685,28,45270,24230,r2trrifle:27 r2trat:12 r2bozkir:10 r2yildirim:3 r2deniz:2 r2ege:2 r2marmara:2 dog:1 lcrf:1 r2aras:1 r2gokkalkan:1 r2greywolf:1 r2kuzgun:1 r2poyraz:1 r2sahin:1 r2sancak:1
rr.tournament-2a.normal.hezbollah-saudi.r1,tournament-2A,normal,1,hezbollah,saudi,1,2,complete,win,hezbollah,conquest,39130,26.09,58.5,1799200304,91,32450,30,57230,31350,r2hzrifle:35 r2hzat:19 r2hztechnical:12 r2hzrecoilless:8 r2hzrockets:4 r2hzskiff:3 r2hzdrone:2 r2hzescort:2 r2hzsurvey:2 sapc:2 htk:1 r2hzmissileboat:1,56,32070,10,31350,57230,r2sang:21 r2saat:14 r2m1a2s:13 r2bradley:7 dog:1
rr.dustbowl.normal.israel-russia.r1,dustbowl,normal,1,israel,russia,1,2,complete,draw,,tick-cap,60001,40.0,129.1,2108442587,72,52310,41,55550,66600,r2ilrifle:28 r2ilat:15 r2merkava:12 r2ilshield:4 r2ilfalcon:3 r2ilhowitzer:3 r2ilgunship:2 r2ilrecon:2 dog:1 r2ilpatrol:1 r2namer:1,145,54350,38,67800,56750,e2:65 flakt:30 shk:15 htnk:12 htk:9 ttnk:7 hyd:3 apoc:1 dog:1 sqd:1 zep:1
rr.tournament-2a.normal.israel-turkey.r1,tournament-2A,normal,1,israel,turkey,1,2,complete,win,turkey,conquest,21719,14.48,38.5,-2087043694,14,7150,9,16660,29910,r2ilat:5 r2ilrifle:5 r2namer:2 dog:1 r2merkava:1,39,17590,20,29910,16660,r2trrifle:18 r2trat:7 r2bozkir:6 r2aras:2 r2sancak:2 r2yildirim:2 dog:1 r2kuzgun:1
rr.dustbowl.normal.turkey-israel.r1,dustbowl,normal,1,turkey,israel,1,2,complete,win,turkey,conquest,41273,27.52,100.0,-1911329566,106,59805,30,65230,30405,r2trrifle:41 r2trat:16 r2bozkir:14 r2poyraz:6 r2ege:5 r2gokkalkan:4 r2kuzgun:4 lcrf:3 r2sancak:3 dog:2 r2aras:2 r2sahin:2 r2yildirim:2 r2greywolf:1 r2marmara:1,30,21920,22,30405,65230,r2ilrifle:11 r2ilat:6 r2merkava:5 r2ilfalcon:2 r2ilhowitzer:2 r2namer:2 dog:1 r2ilshield:1
rr.dustbowl.normal.hezbollah-america.r1,dustbowl,normal,1,hezbollah,america,1,2,complete,win,hezbollah,conquest,36011,24.01,100.0,-1698789428,128,48500,32,55750,31200,r2hzrifle:44 r2hzat:35 r2hztechnical:14 r2hzrecoilless:8 r2hzdrone:6 htk:5 r2hzmissileboat:3 r2hzrockets:3 r2hzescort:2 r2hzscout:2 r2hzskiff:2 r2hzsurvey:2 sapc:2,36,17400,22,30650,55200,e1:17 fv:7 mtnk:6 jumpjet:2 orca:2 shad:2
rr.tournament-2a.normal.america-yemen.r1,tournament-2A,normal,1,america,yemen,1,2,complete,win,america,conquest,20126,13.42,36.4,-907612458,63,25400,19,32050,12500,e1:37 mtnk:12 fv:5 jumpjet:3 dog:2 orca:2 shad:2,36,9600,11,12500,32050,r2ymr:16 r2yrpg:13 r2technical:3 htk:2 r2ytechrr:2
rr.tournament-2a.normal.yemen-russia.r1,tournament-2A,normal,1,yemen,russia,1,2,complete,win,yemen,conquest,28356,18.9,46.2,-895285291,35,10950,12,21500,9600,r2ymr:12 r2yrpg:12 r2technical:5 r2ytechrr:3 htk:2 r2ymlr:1,14,5600,8,9600,21500,e2:5 shk:4 dog:1 flakt:1 htk:1 htnk:1 ttnk:1
rr.tournament-2a.normal.turkey-saudi.r1,tournament-2A,normal,1,turkey,saudi,1,2,complete,win,saudi,conquest,28943,19.3,46.8,-698826925,27,13205,16,19545,43065,r2trrifle:11 r2bozkir:6 r2trat:5 r2yildirim:2 dog:1 r2aras:1 r2sancak:1,51,28190,25,42910,19390,r2sang:22 r2saat:11 r2m1a2s:9 r2caesar:3 dog:2 r2bradley:2 r2sads:2
rr.dustbowl.normal.hezbollah-israel.r1,dustbowl,normal,1,hezbollah,israel,1,2,complete,win,hezbollah,conquest,54838,36.56,150.8,-546408967,199,74700,43,104690,61950,r2hzrifle:73 r2hzat:52 r2hztechnical:23 r2hzrecoilless:11 r2hzdrone:6 r2hzscout:6 r2hzrockets:5 r2hzskiff:5 r2hzmissileboat:4 dog:3 htk:3 r2hzescort:3 sapc:3 r2hzsurvey:2,68,50330,27,60650,105090,r2ilrifle:24 r2ilat:15 r2merkava:12 r2ilrecon:5 r2ilhowitzer:3 dog:2 r2ilgunship:2 r2ilobserver:2 r2ilfalcon:1 r2ilshield:1 r2namer:1
rr.tournament-2a.normal.saudi-yemen.r1,tournament-2A,normal,1,saudi,yemen,1,2,complete,win,saudi,conquest,33869,22.58,53.4,-431151840,39,26380,23,27450,18280,r2sang:14 r2saat:9 r2m1a2s:8 r2bradley:2 dog:1 r2ah64sa:1 r2caesar:1 r2f15sa:1 r2falcon:1 r2sads:1,22,7250,8,18280,27450,r2yrpg:8 r2ymr:7 r2technical:3 r2ytechrr:2 r2ymlr:1 r2yzu:1
rr.dustbowl.normal.saudi-hezbollah.r1,dustbowl,normal,1,saudi,hezbollah,1,2,complete,win,saudi,conquest,18486,12.32,54.0,-226990325,29,18950,12,18500,9250,r2sang:10 r2saat:8 r2m1a2s:5 dog:1 r2ah64sa:1 r2bradley:1 r2caesar:1 r2f15sa:1 r2sads:1,11,3100,6,9250,18500,r2hzrifle:5 r2hzat:4 r2hzescort:1 r2hzrecoilless:1
rr.tournament-2a.normal.china-hezbollah.r1,tournament-2A,normal,1,china,hezbollah,1,2,complete,win,hezbollah,conquest,18480,12.32,36.5,104538294,12,4620,8,9200,26060,r2cnrifle:6 r2cnportable:3 r2zbd:2 r2qilin:1,47,15550,18,26060,9200,r2hzrifle:18 r2hzat:15 r2hzrecoilless:5 r2hztechnical:3 r2hzdrone:2 r2hzescort:2 r2hzrockets:2
rr.dustbowl.normal.saudi-israel.r1,dustbowl,normal,1,saudi,israel,1,2,complete,win,israel,conquest,40117,26.74,84.2,310215547,31,22170,16,31920,55130,r2sang:11 r2saat:7 r2m1a2s:6 r2caesar:2 r2f15sa:2 dog:1 r2ah64sa:1 r2bradley:1,64,50110,30,55130,31920,r2ilrifle:23 r2ilat:12 r2merkava:11 r2ilhowitzer:4 r2ilfalcon:3 r2ilshield:3 r2ilgunship:2 dog:1 r2ilfrigate:1 r2ilpatrol:1 r2ilrecon:1 r2iltender:1 r2namer:1
rr.dustbowl.normal.iran-china.r1,dustbowl,normal,1,iran,china,1,2,complete,win,iran,conquest,55584,37.06,115.6,469079318,243,91840,35,118870,56610,r2basij:126 r2toophan:54 r2karrar:16 r2fajr:9 r2ghadir:7 r2peykaap:7 r2dronecontrol:6 r2raad:5 r2loiter:4 sapc:3 dog:2 r2toufan:2 htk:1 r2coast:1,78,47080,38,56610,118870,r2cnrifle:29 r2qilin:17 r2cnportable:14 r2phl:6 r2cloud:4 r2skyspear:3 r2redspear:2 r2crane:1 r2lynx:1 r2mantis:1
rr.dustbowl.normal.russia-turkey.r1,dustbowl,normal,1,russia,turkey,1,2,complete,draw,,tick-cap,60001,40.0,96.3,965488574,130,49250,27,94050,45950,e2:55 flakt:30 shk:17 htk:9 ttnk:9 htnk:7 apoc:1 hyd:1 zep:1,73,41090,36,45950,94050,r2trrifle:28 r2bozkir:14 r2trat:14 r2yildirim:5 r2kuzgun:4 dog:2 r2gokkalkan:2 r2sahin:2 r2greywolf:1 r2sancak:1
rr.dustbowl.normal.saudi-iran.r1,dustbowl,normal,1,saudi,iran,1,2,complete,draw,,tick-cap,60001,40.0,96.1,1155824568,109,88820,31,85240,71040,r2sang:31 r2m1a2s:20 r2saat:20 r2sadiq:7 r2sads:6 r2caesar:5 r2riyadh:5 r2falcon:4 r2ah64sa:3 r2f15sa:3 lcrf:2 dog:1 r2bradley:1 r2jubail:1,213,69920,44,71040,85240,r2basij:128 r2toophan:49 r2karrar:12 r2fajr:5 htk:4 r2dronecontrol:4 r2raad:4 r2toufan:3 r2azar:2 r2coast:2
rr.tournament-2a.normal.hezbollah-iran.r1,tournament-2A,normal,1,hezbollah,iran,1,2,complete,win,iran,conquest,20926,13.95,38.3,1628888454,37,11900,9,13490,26350,r2hzat:12 r2hzrifle:12 r2hzrecoilless:6 r2hztechnical:5 r2hzescort:2,77,26340,23,26350,13490,r2basij:41 r2toophan:17 r2karrar:9 htk:4 r2fajr:2 r2dronecontrol:1 r2loiter:1 r2mohajer:1 r2peykaap:1
rr.dustbowl.normal.yemen-russia.r1,dustbowl,normal,1,yemen,russia,1,2,complete,win,russia,conquest,57166,38.11,97.5,1928297013,92,33950,27,46550,83300,r2ymr:31 r2yrpg:26 r2technical:13 r2ytechrr:8 r2ymlr:6 htk:4 r2wadighost:2 r2yzu:2,229,85200,32,77500,46800,e2:91 flakt:61 shk:28 htk:15 ttnk:12 htnk:7 hyd:4 dog:3 apoc:2 sub:2 zep:2 sapc:1 sqd:1
rr.tournament-2a.normal.turkey-america.r1,tournament-2A,normal,1,turkey,america,1,2,complete,win,america,conquest,18404,12.27,35.0,2014968962,20,10135,14,10300,40645,r2trrifle:7 r2bozkir:4 r2trat:4 dog:1 r2aras:1 r2gokkalkan:1 r2sancak:1 r2yildirim:1,61,26200,21,40645,10300,e1:31 mtnk:12 fv:7 jumpjet:6 dog:2 orca:2 shad:1
rr.tournament-2a.normal.saudi-israel.r1,tournament-2A,normal,1,saudi,israel,1,2,complete,win,israel,conquest,16546,11.03,31.7,2118365298,2,700,5,5980,14560,dog:1 r2saat:1,24,15820,13,14560,5980,r2ilrifle:11 r2ilat:4 r2merkava:4 dog:1 r2ilfalcon:1 r2ilgunship:1 r2ilhowitzer:1 r2namer:1
rr.tournament-2a.normal.hezbollah-turkey.r1,tournament-2A,normal,1,hezbollah,turkey,1,2,complete,win,turkey,conquest,20943,13.96,37.3,-1930177469,32,10050,9,20085,29400,r2hzrifle:11 r2hzat:9 r2hztechnical:6 r2hzrecoilless:4 htk:1 r2hzescort:1,75,33635,27,29400,20085,r2trrifle:37 r2trat:15 r2bozkir:10 r2yildirim:3 dog:2 r2kuzgun:2 r2sahin:2 r2sancak:2 r2aras:1 r2deniz:1
rr.dustbowl.normal.russia-saudi.r1,dustbowl,normal,1,russia,saudi,1,2,complete,draw,,tick-cap,60001,40.0,106.5,-1860880898,84,34700,21,68030,50900,e2:30 flakt:21 htnk:10 shk:9 htk:7 ttnk:7,97,86190,29,50900,68030,r2sang:22 r2saat:18 r2m1a2s:14 r2sadiq:8 r2f15sa:6 r2ah64sa:5 r2caesar:5 r2riyadh:4 lcrf:3 r2falcon:3 r2sads:3 dog:2 r2jubail:2 r2bradley:1 r2sajtac:1
rr.dustbowl.normal.saudi-america.r1,dustbowl,normal,1,saudi,america,1,2,complete,draw,,tick-cap,60001,40.0,100.8,-1556095802,99,81850,32,61500,58200,r2sang:25 r2saat:20 r2m1a2s:15 r2sadiq:7 r2caesar:5 r2sads:5 r2ah64sa:4 r2falcon:4 r2riyadh:4 lcrf:3 r2bradley:2 r2f15sa:2 r2jubail:2 dog:1,79,52500,37,58200,61500,e1:25 fv:12 mtnk:12 orca:12 jumpjet:7 sref:4 cleg:3 shad:2 tany:2
rr.dustbowl.normal.saudi-yemen.r1,dustbowl,normal,1,saudi,yemen,1,2,complete,win,yemen,conquest,50572,33.71,91.3,-1390185057,57,43580,29,56950,97940,r2sang:19 r2m1a2s:13 r2saat:12 r2f15sa:4 r2caesar:3 r2bradley:2 dog:1 r2ah64sa:1 r2falcon:1 r2sads:1,203,81250,37,96000,56750,r2ymr:68 r2yrpg:54 r2technical:24 r2ytechrr:18 r2hodeidah:8 r2ymlr:7 r2wadighost:6 r2yzu:5 htk:4 r2sahaab:3 r2mokha:2 r2yspot:2 r2samad:1 sapc:1
rr.tournament-2a.normal.turkey-israel.r1,tournament-2A,normal,1,turkey,israel,1,2,complete,win,israel,conquest,19870,13.25,40.5,-793956471,18,7740,10,6230,31350,r2trrifle:8 r2bozkir:4 r2trat:3 dog:1 r2aras:1 r2sancak:1,20,11560,12,30850,5730,r2ilrifle:8 r2ilat:5 r2merkava:3 dog:1 r2ilhowitzer:1 r2ilshield:1 r2namer:1
rr.tournament-2a.normal.iran-saudi.r1,tournament-2A,normal,1,iran,saudi,1,2,complete,win,iran,conquest,24528,16.35,43.2,-548176624,62,22040,18,34420,16100,r2basij:36 r2toophan:13 r2karrar:6 r2fajr:4 dog:1 r2raad:1 r2toufan:1,22,11660,8,16100,34420,r2sang:8 r2saat:6 r2m1a2s:4 r2bradley:2 dog:1 r2sajtac:1
rr.tournament-2a.normal.america-iran.r1,tournament-2A,normal,1,america,iran,1,2,complete,win,america,conquest,33779,22.52,53.2,-477711053,110,63800,24,47450,27500,e1:45 mtnk:19 jumpjet:12 fv:10 cleg:7 sref:6 mgtk:5 orca:2 shad:2 dog:1 tany:1,51,16580,21,27500,47450,r2basij:27 r2toophan:12 r2karrar:5 htk:3 dog:2 r2fajr:2
rr.dustbowl.normal.hezbollah-china.r1,dustbowl,normal,1,hezbollah,china,1,2,complete,win,hezbollah,conquest,17953,11.97,35.8,-380146211,46,13075,18,30550,6225,r2hzrifle:22 r2hzat:17 r2hzdrone:2 dog:1 r2hzmissileboat:1 r2hzrecoilless:1 r2hzrockets:1 r2hzspotter:1,14,4160,11,6225,30550,r2cnrifle:8 r2cnportable:4 r2lynx:2
rr.dustbowl.normal.turkey-russia.r1,dustbowl,normal,1,turkey,russia,1,2,complete,draw,,tick-cap,60001,40.0,98.2,-113031327,130,82820,46,71450,110570,r2trrifle:44 r2trat:27 r2bozkir:22 r2yildirim:7 r2sahin:6 r2kuzgun:5 r2greywolf:4 r2poyraz:4 lcrf:2 r2ege:2 r2gokkalkan:2 dog:1 r2aras:1 r2marmara:1 r2sancak:1 r2turna:1,220,81900,39,110570,71450,e2:100 flakt:58 shk:17 htnk:11 htk:9 ttnk:9 hyd:5 apoc:4 yuri:2 zep:2 sapc:1 sqd:1 sub:1
rr.dustbowl.normal.hezbollah-saudi.r1,dustbowl,normal,1,hezbollah,saudi,1,2,complete,win,saudi,conquest,51335,34.22,81.0,-27302219,70,23450,23,47910,60600,r2hzrifle:27 r2hzat:17 r2hztechnical:11 r2hzrecoilless:8 r2hzrockets:3 htk:2 r2hzdrone:1 r2hzmissileboat:1,104,76120,35,62150,49460,r2sang:36 r2m1a2s:19 r2saat:19 r2sads:5 r2sadiq:4 r2bradley:3 r2caesar:3 r2f15sa:3 r2riyadh:3 dog:2 r2ah64sa:2 r2falcon:2 r2jubail:2 lcrf:1
rr.dustbowl.normal.turkey-hezbollah.r1,dustbowl,normal,1,turkey,hezbollah,1,2,complete,win,turkey,conquest,19127,12.75,40.5,57835131,43,18650,18,25800,9215,r2trrifle:20 r2trat:8 r2bozkir:7 r2aras:2 r2sancak:2 dog:1 r2kuzgun:1 r2poyraz:1 r2yildirim:1,23,6700,7,9215,25800,r2hzrifle:9 r2hzat:7 r2hztechnical:4 r2hzrecoilless:3
rr.tournament-2a.normal.iran-russia.r1,tournament-2A,normal,1,iran,russia,1,2,complete,win,russia,conquest,19314,12.88,38.8,464387962,9,2650,5,7400,15470,r2basij:5 r2toophan:3 r2karrar:1,27,10800,13,15470,7400,e2:10 shk:7 flakt:3 htk:3 htnk:3 ttnk:1
rr.tournament-2a.normal.china-yemen.r1,tournament-2A,normal,1,china,yemen,1,2,complete,win,yemen,conquest,26657,17.77,42.0,785857889,32,14360,12,24500,40500,r2cnrifle:13 r2cnportable:7 r2qilin:6 r2cloud:2 dog:1 r2lynx:1 r2phl:1 r2zbd:1,131,40700,27,40800,24800,r2ymr:52 r2yrpg:40 r2technical:14 r2ytechrr:10 r2ymlr:6 htk:3 r2yzu:3 dog:2 r2samad:1
rr.tournament-2a.normal.russia-china.r1,tournament-2A,normal,1,russia,china,1,2,complete,draw,,tick-cap,60001,40.0,83.4,851272998,97,41050,22,105690,74250,e2:38 flakt:20 shk:16 htnk:9 htk:6 ttnk:4 apoc:1 ivan:1 smcv:1 zep:1,209,108230,34,74250,105690,r2cnrifle:89 r2cnportable:40 r2qilin:33 r2lynx:10 r2phl:8 r2redspear:6 r2cloud:5 r2mantis:5 r2zbd:5 r2skyspear:4 r2crane:3 dog:1
rr.tournament-2a.normal.iran-yemen.r1,tournament-2A,normal,1,iran,yemen,1,2,complete,win,yemen,conquest,53909,35.94,76.2,873035906,127,46770,28,61530,98890,r2basij:68 r2toophan:28 r2karrar:10 r2peykaap:6 r2fajr:3 r2ghadir:3 htk:2 r2coast:2 dog:1 r2loiter:1 r2mohajer:1 r2toufan:1 sapc:1,209,81150,37,96160,59300,r2ymr:67 r2yrpg:59 r2technical:28 r2ytechrr:17 r2wadighost:7 r2ymlr:7 r2sahaab:5 htk:4 r2mokha:4 r2hodeidah:3 r2samad:3 dog:2 r2yzu:2 sapc:1
rr.dustbowl.normal.america-turkey.r1,dustbowl,normal,1,america,turkey,1,2,complete,draw,,tick-cap,60001,40.0,94.6,1205297589,139,94900,29,63495,92800,e1:50 orca:22 fv:15 tany:11 mgtk:10 mtnk:10 sref:9 jumpjet:5 cleg:3 shad:3 dog:1,124,86640,33,92800,63495,r2trrifle:38 r2bozkir:24 r2trat:21 r2yildirim:8 r2ege:6 r2gokkalkan:5 r2greywolf:5 r2marmara:4 lcrf:3 r2poyraz:3 r2aras:2 r2sahin:2 dog:1 r2sancak:1 r2turna:1
rr.dustbowl.normal.iran-russia.r1,dustbowl,normal,1,iran,russia,1,2,complete,draw,,tick-cap,60001,40.0,93.5,1631767121,114,39310,36,45950,55800,r2basij:64 r2toophan:24 r2karrar:12 htk:6 r2coast:3 r2fajr:2 r2loiter:2 r2toufan:1,197,71100,29,54300,44450,e2:92 flakt:43 shk:25 htk:10 htnk:9 ttnk:9 apoc:4 ivan:2 yuri:2 zep:1
rr.tournament-2a.normal.yemen-turkey.r1,tournament-2A,normal,1,yemen,turkey,1,2,complete,win,turkey,conquest,33652,22.43,56.7,1692118875,26,8200,11,28830,31600,r2yrpg:11 r2ymr:7 r2technical:4 r2ytechrr:3 r2yzu:1,64,34140,30,31600,28830,r2trrifle:28 r2bozkir:11 r2trat:10 r2sancak:3 r2yildirim:3 r2aras:2 r2sahin:2 dog:1 r2ege:1 r2greywolf:1 r2kuzgun:1 r2poyraz:1
rr.dustbowl.normal.yemen-china.r1,dustbowl,normal,1,yemen,china,1,2,complete,win,yemen,conquest,15294,10.2,34.2,-2139046098,45,14300,16,25410,5200,r2ymr:18 r2yrpg:12 r2technical:5 r2ytechrr:4 r2ymlr:2 dog:1 htk:1 r2samad:1 r2yzu:1,13,4870,7,5200,25410,r2cnrifle:6 r2cnportable:4 r2qilin:2 r2zbd:1
rr.dustbowl.normal.russia-hezbollah.r1,dustbowl,normal,1,russia,hezbollah,1,2,complete,draw,,tick-cap,60001,40.0,119.5,-2037900467,230,74100,37,98400,72300,e2:119 flakt:59 shk:16 htnk:11 htk:8 ttnk:7 apoc:4 hyd:2 yuri:2 sub:1 zep:1,326,125300,39,74050,100150,r2hzrifle:133 r2hzat:85 r2hztechnical:24 r2hzrecoilless:21 r2hzdrone:12 r2hzscout:12 r2hzrockets:9 r2hzmissileboat:8 sapc:7 htk:6 r2hzskiff:3 dog:2 r2hzescort:2 r2hzsurvey:2
rr.dustbowl.normal.america-yemen.r1,dustbowl,normal,1,america,yemen,1,2,complete,win,america,conquest,51798,34.53,97.4,-1797630082,134,85700,24,51800,38100,e1:49 jumpjet:16 mtnk:15 fv:13 cleg:10 shad:9 orca:8 mgtk:6 sref:6 dog:1 tany:1,58,19650,20,38100,51800,r2yrpg:23 r2ymr:16 r2ytechrr:9 r2technical:5 htk:2 r2ymlr:2 r2yzu:1
rr.dustbowl.normal.israel-saudi.r1,dustbowl,normal,1,israel,saudi,1,2,complete,draw,,tick-cap,60001,40.0,95.9,-1726747177,89,76630,33,108540,63320,r2ilrifle:24 r2ilat:17 r2merkava:13 r2ilpatrol:7 r2ilfalcon:4 r2ilfrigate:4 r2ilgunship:4 r2ilhowitzer:4 r2ilshield:4 lcrf:2 r2ilrecon:2 r2iltender:2 dog:1 r2namer:1,56,50380,36,63320,108540,r2sang:14 r2saat:12 r2m1a2s:11 r2f15sa:6 r2ah64sa:3 r2caesar:3 dog:2 r2falcon:2 r2sads:2 r2bradley:1
rr.tournament-2a.normal.turkey-china.r1,tournament-2A,normal,1,turkey,china,1,2,complete,win,china,conquest,18785,12.52,36.4,-840220356,9,3625,8,12040,24985,r2trrifle:5 r2bozkir:2 dog:1 r2sancak:1,58,24790,21,24985,12040,r2cnrifle:27 r2cnportable:12 r2qilin:10 r2lynx:2 r2phl:2 dog:1 r2cloud:1 r2crane:1 r2mantis:1 r2zbd:1
rr.dustbowl.normal.china-turkey.r1,dustbowl,normal,1,china,turkey,1,2,complete,win,china,conquest,51312,34.21,98.0,-823794566,135,80910,31,75205,43210,r2cnrifle:53 r2cnportable:21 r2qilin:20 r2lynx:6 r2phl:6 r2cloud:4 r2haiying:4 r2jiaolong:3 r2luyang:3 r2redspear:3 r2haiwang:2 r2kunlun:2 r2mantis:2 r2skyspear:2 r2zbd:2 r2cnnetwork:1 r2crane:1,46,25245,25,43210,75205,r2trrifle:19 r2bozkir:8 r2trat:7 r2yildirim:4 dog:2 r2kuzgun:2 r2sahin:2 r2aras:1 r2sancak:1
rr.dustbowl.normal.israel-hezbollah.r1,dustbowl,normal,1,israel,hezbollah,1,2,complete,win,hezbollah,conquest,30392,20.26,60.3,-762517982,30,18440,20,19000,55750,r2ilrifle:12 r2ilat:7 r2merkava:5 r2ilhowitzer:3 dog:1 r2ilshield:1 r2namer:1,96,31225,27,55750,19000,r2hzrifle:40 r2hzat:24 r2hztechnical:11 r2hzrecoilless:8 r2hzdrone:5 r2hzrockets:4 htk:2 r2hzescort:1 r2hzspotter:1
rr.dustbowl.normal.iran-hezbollah.r1,dustbowl,normal,1,iran,hezbollah,1,2,complete,win,hezbollah,conquest,47862,31.91,82.3,-473794075,106,36830,35,45690,91600,r2basij:57 r2toophan:27 r2karrar:9 r2fajr:5 htk:3 dog:2 r2raad:2 r2coast:1,200,71200,32,87970,43900,r2hzrifle:81 r2hzat:53 r2hztechnical:19 r2hzrecoilless:13 r2hzdrone:10 r2hzscout:6 r2hzescort:5 r2hzskiff:3 dog:2 r2hzmissileboat:2 r2hzsurvey:2 sapc:2 htk:1 r2hzrockets:1
rr.dustbowl.normal.israel-iran.r1,dustbowl,normal,1,israel,iran,1,2,complete,win,iran,conquest,17193,11.46,38.2,-161599343,8,5390,8,7340,27500,r2ilat:2 r2ilrifle:2 r2merkava:2 dog:1 r2ilhowitzer:1,43,14340,14,27500,7340,r2basij:26 r2toophan:9 r2karrar:4 r2fajr:2 r2mohajer:1 r2raad:1
rr.dustbowl.normal.saudi-turkey.r1,dustbowl,normal,1,saudi,turkey,1,2,complete,draw,,tick-cap,60001,40.0,92.3,159084988,126,97630,29,109930,62390,r2sang:39 r2saat:22 r2m1a2s:18 r2sadiq:11 r2sads:8 r2f15sa:5 lcrf:4 r2caesar:4 r2riyadh:4 r2ah64sa:3 r2falcon:3 r2bradley:2 r2jubail:2 dog:1,89,48720,38,61890,109430,r2trrifle:34 r2trat:19 r2bozkir:16 r2yildirim:7 r2gokkalkan:3 r2aras:2 r2kuzgun:2 r2poyraz:2 r2sahin:2 dog:1 r2greywolf:1
rr.tournament-2a.normal.russia-hezbollah.r1,tournament-2A,normal,1,russia,hezbollah,1,2,complete,win,hezbollah,conquest,24428,16.29,41.0,221472719,22,9900,13,17150,33000,e2:8 shk:6 htnk:4 htk:2 flakt:1 ttnk:1,86,25200,22,33000,17150,r2hzrifle:36 r2hzat:25 r2hztechnical:9 r2hzdrone:5 r2hzrecoilless:4 dog:3 htk:3 r2hzrockets:1
rr.tournament-2a.normal.turkey-yemen.r1,tournament-2A,normal,1,turkey,yemen,1,2,complete,win,yemen,conquest,12511,8.34,25.3,348269127,6,1965,6,4500,18425,r2trrifle:3 dog:1 r2bozkir:1 r2trat:1,29,9350,9,18425,4500,r2ymr:10 r2yrpg:9 r2technical:3 r2ytechrr:3 r2yzu:2 dog:1 r2ymlr:1
rr.tournament-2a.normal.china-iran.r1,tournament-2A,normal,1,china,iran,1,2,complete,win,iran,conquest,35645,23.76,60.8,600442461,38,16650,13,29260,45490,r2cnrifle:15 r2qilin:10 r2cnportable:9 r2zbd:3 r2mantis:1,134,46420,28,45490,29260,r2basij:73 r2toophan:33 r2karrar:10 r2fajr:6 dog:4 r2raad:3 r2toufan:2 htk:1 r2dronecontrol:1 r2mohajer:1
rr.dustbowl.normal.saudi-russia.r1,dustbowl,normal,1,saudi,russia,1,2,complete,draw,,tick-cap,60001,40.0,87.2,631717868,103,77490,28,33900,42540,r2sang:32 r2saat:17 r2m1a2s:16 r2sadiq:9 r2sads:6 r2caesar:5 r2riyadh:4 lcrf:3 dog:2 r2ah64sa:2 r2f15sa:2 r2falcon:2 r2jubail:2 r2bradley:1,37,12000,22,42540,33900,e2:18 shk:8 flakt:6 htnk:3 htk:1 ttnk:1
rr.tournament-2a.normal.saudi-turkey.r1,tournament-2A,normal,1,saudi,turkey,1,2,complete,win,turkey,conquest,19367,12.91,37.1,1081645061,8,4690,8,8625,27250,r2m1a2s:2 r2saat:2 r2sang:2 dog:1 r2bradley:1,49,21670,21,27250,8625,r2trrifle:24 r2trat:9 r2bozkir:7 r2sancak:2 dog:1 r2aras:1 r2deniz:1 r2kuzgun:1 r2sahin:1 r2trdroneop:1 r2yildirim:1
rr.tournament-2a.normal.america-hezbollah.r1,tournament-2A,normal,1,america,hezbollah,1,2,complete,win,hezbollah,conquest,32769,21.85,54.7,1210684348,36,16400,17,27400,47900,e1:18 mtnk:8 fv:4 jumpjet:2 orca:2 dog:1 shad:1,153,49450,32,47900,27400,r2hzrifle:66 r2hzat:40 r2hztechnical:15 r2hzdrone:7 r2hzrecoilless:7 r2hzrockets:4 r2hzescort:3 r2hzskiff:3 dog:2 htk:2 r2hzscout:2 r2hzsurvey:1 sapc:1
rr.tournament-2a.normal.iran-america.r1,tournament-2A,normal,1,iran,america,1,2,complete,win,iran,conquest,52063,34.71,88.7,1454391372,90,34110,24,40700,32210,r2basij:49 r2toophan:20 r2karrar:9 r2coast:2 r2fajr:2 r2ghadir:2 r2peykaap:2 r2raad:2 r2mohajer:1 sapc:1,20,9900,16,31040,42200,e1:9 fv:3 jumpjet:3 mtnk:3 orca:2
rr.dustbowl.normal.yemen-saudi.r1,dustbowl,normal,1,yemen,saudi,1,2,complete,draw,,tick-cap,60001,40.0,96.2,1506434018,197,73800,40,65380,54350,r2ymr:62 r2yrpg:62 r2technical:18 r2ytechrr:15 r2ymlr:8 r2hodeidah:7 r2sahaab:6 htk:4 r2yzu:4 r2samad:3 r2mokha:2 r2wadighost:2 r2yspot:2 dog:1 sapc:1,54,45070,30,54350,65380,r2sang:16 r2m1a2s:11 r2saat:11 r2caesar:4 r2f15sa:4 r2ah64sa:3 r2sads:2 dog:1 r2bradley:1 r2falcon:1
rr.dustbowl.normal.hezbollah-yemen.r1,dustbowl,normal,1,hezbollah,yemen,1,2,complete,draw,,tick-cap,60001,40.0,97.5,1760078396,152,62300,41,92500,79550,r2hzat:47 r2hzrifle:47 r2hzrecoilless:17 r2hzdrone:14 r2hzscout:6 r2hzrockets:5 r2hzescort:4 r2hztechnical:4 htk:3 dog:2 r2hzskiff:2 r2hzmissileboat:1,177,73400,47,79400,92350,r2yrpg:61 r2ymr:52 r2ytechrr:23 r2ymlr:10 r2wadighost:7 r2yzu:6 htk:5 r2technical:5 r2hodeidah:3 r2sahaab:3 r2mokha:2
rr.dustbowl.normal.america-iran.r1,dustbowl,normal,1,america,iran,1,2,complete,draw,,tick-cap,60001,40.0,114.3,-1948955941,153,105500,28,82570,61000,e1:40 jumpjet:30 fv:16 mgtk:14 mtnk:13 shad:13 cleg:10 sref:9 orca:4 tany:3 dog:1,184,58620,36,64310,90280,r2basij:108 r2toophan:45 r2karrar:12 htk:4 r2fajr:4 r2raad:4 dog:2 r2coast:2 r2toufan:2 r2mohajer:1
rr.tournament-2a.normal.saudi-hezbollah.r1,tournament-2A,normal,1,saudi,hezbollah,1,2,complete,win,hezbollah,conquest,41217,27.48,64.9,-1825396165,70,42010,30,40650,96870,r2sang:28 r2saat:19 r2m1a2s:11 r2caesar:3 r2sads:3 dog:2 r2f15sa:2 r2ah64sa:1 r2bradley:1,162,56050,38,96270,40050,r2hzrifle:65 r2hzat:42 r2hztechnical:20 r2hzrecoilless:12 r2hzdrone:7 r2hzrockets:6 r2hzescort:3 r2hzscout:3 htk:2 r2hzspotter:2
rr.dustbowl.normal.hezbollah-iran.r1,dustbowl,normal,1,hezbollah,iran,1,2,complete,win,hezbollah,conquest,50819,33.88,87.1,-1561031458,247,98925,36,118615,78675,r2hzrifle:88 r2hzat:61 r2hztechnical:25 r2hzrecoilless:16 r2hzdrone:12 r2hzmissileboat:9 r2hzscout:6 sapc:6 r2hzrockets:5 r2hzskiff:5 r2hzspotter:5 r2hzsurvey:4 r2hzescort:3 htk:2,147,54620,34,76050,118890,r2basij:78 r2toophan:36 r2karrar:16 r2raad:7 r2fajr:6 htk:2 r2coast:1 r2loiter:1
rr.dustbowl.normal.turkey-america.r1,dustbowl,normal,1,turkey,america,1,2,complete,draw,,tick-cap,60001,40.0,90.3,-1176639627,108,59665,46,65600,93925,r2trrifle:43 r2trat:25 r2bozkir:18 r2yildirim:8 r2gokkalkan:5 r2greywolf:3 r2sahin:2 dog:1 r2aras:1 r2kuzgun:1 r2turna:1,146,100300,28,93925,65600,e1:45 jumpjet:18 fv:17 mtnk:15 shad:9 aegis:7 carrier:6 orca:6 mgtk:5 dest:4 tany:4 cleg:3 dlph:3 lcrf:2 sref:2
rr.tournament-2a.normal.china-saudi.r1,tournament-2A,normal,1,china,saudi,1,2,complete,win,saudi,conquest,37504,25.0,59.7,-807208766,36,15580,16,26540,56170,r2cnrifle:14 r2cnportable:10 r2qilin:6 r2lynx:3 r2zbd:2 r2phl:1,57,47960,27,56170,26540,r2sang:13 r2saat:12 r2m1a2s:8 r2sads:5 r2riyadh:4 r2sadiq:3 lcrf:2 r2bradley:2 r2caesar:2 r2f15sa:2 dog:1 r2ah64sa:1 r2falcon:1 r2jubail:1
rr.tournament-2a.normal.hezbollah-israel.r1,tournament-2A,normal,1,hezbollah,israel,1,2,complete,win,hezbollah,conquest,13295,8.86,25.7,-688145170,33,9650,9,28360,6550,r2hzrifle:12 r2hzat:11 r2hztechnical:6 r2hzrecoilless:3 htk:1,13,6850,8,6550,28360,r2ilrifle:5 r2ilat:4 r2merkava:2 dog:1 r2namer:1
rr.dustbowl.normal.yemen-america.r1,dustbowl,normal,1,yemen,america,1,2,complete,win,america,conquest,48077,32.05,77.2,-428868861,67,18650,30,35000,69050,r2yrpg:31 r2ymr:25 r2sahaab:3 r2technical:3 r2mokha:2 r2ytechrr:2 r2yzu:1,114,75800,28,65750,32200,e1:43 mtnk:13 fv:12 cleg:6 jumpjet:6 mgtk:5 aegis:4 carrier:4 shad:4 sref:4 dest:3 orca:3 tany:3 dlph:2 dog:1 lcrf:1
rr.tournament-2a.normal.turkey-russia.r1,tournament-2A,normal,1,turkey,russia,1,2,complete,win,russia,conquest,26696,17.8,44.5,-273151389,25,11905,14,17000,37065,r2trrifle:11 r2trat:5 r2bozkir:3 r2aras:2 dog:1 r2kuzgun:1 r2sahin:1 r2yildirim:1,72,34100,20,35065,15000,e2:20 shk:18 flakt:10 htnk:8 htk:6 ttnk:5 hyd:2 dog:1 sapc:1 sub:1
rr.dustbowl.normal.america-israel.r1,dustbowl,normal,1,america,israel,1,2,complete,win,america,conquest,14921,9.95,31.6,-209273037,35,15100,16,32860,4700,e1:18 mtnk:7 fv:4 jumpjet:3 dog:1 orca:1 shad:1,18,10350,10,4700,32860,r2ilat:6 r2ilrifle:5 r2merkava:3 dog:2 r2namer:2
rr.dustbowl.normal.russia-israel.r1,dustbowl,normal,1,russia,israel,1,2,complete,win,russia,conquest,56737,37.82,103.0,114184333,189,67700,31,112680,51450,e2:90 flakt:46 shk:20 htnk:8 ttnk:8 htk:6 apoc:4 hyd:2 yuri:2 sapc:1 sub:1 zep:1,61,42820,39,51450,112680,r2ilrifle:21 r2ilat:15 r2merkava:8 r2ilhowitzer:5 dog:2 r2ilfalcon:2 r2ilgunship:2 r2ilobserver:2 r2ilshield:2 r2ilrecon:1 r2namer:1
rr.dustbowl.normal.israel-turkey.r1,dustbowl,normal,1,israel,turkey,1,2,complete,win,turkey,conquest,34699,23.13,55.8,174739183,32,20590,19,26320,58600,r2ilrifle:12 r2ilat:10 r2merkava:3 r2ilfalcon:2 r2ilhowitzer:2 dog:1 r2ilshield:1 r2namer:1,71,37395,29,58600,26320,r2trrifle:29 r2trat:15 r2bozkir:12 r2kuzgun:3 r2sancak:3 r2gokkalkan:2 r2sahin:2 r2yildirim:2 dog:1 r2aras:1 r2greywolf:1
rr.tournament-2a.normal.turkey-hezbollah.r1,tournament-2A,normal,1,turkey,hezbollah,1,2,complete,win,hezbollah,conquest,16914,11.28,34.2,348901224,14,6430,11,10450,30340,r2trrifle:6 r2bozkir:2 r2trat:2 dog:1 r2aras:1 r2sancak:1 r2yildirim:1,51,15450,15,30340,10450,r2hzrifle:24 r2hzat:12 r2hztechnical:6 r2hzrecoilless:5 r2hzrockets:2 r2hzdrone:1 r2hzescort:1
rr.tournament-2a.normal.saudi-iran.r1,tournament-2A,normal,1,saudi,iran,1,2,complete,win,iran,conquest,42878,28.59,62.0,689196855,53,32610,29,38930,85670,r2sang:18 r2m1a2s:10 r2saat:9 r2sadiq:7 dog:2 r2caesar:2 r2sads:2 lcrf:1 r2bradley:1 r2riyadh:1,116,43340,16,85670,38930,r2basij:56 r2toophan:33 r2karrar:11 r2fajr:5 htk:4 r2dronecontrol:3 r2raad:2 r2loiter:1 r2toufan:1
rr.dustbowl.normal.china-israel.r1,dustbowl,normal,1,china,israel,1,2,complete,win,israel,conquest,44785,29.86,103.2,732247396,43,22540,20,30240,60930,r2cnrifle:17 r2cnportable:8 r2qilin:8 r2cloud:3 r2phl:3 dog:1 r2lynx:1 r2skyspear:1 r2zbd:1,79,57780,32,59930,29240,r2ilrifle:29 r2ilat:14 r2merkava:14 r2ilshield:5 r2ilhowitzer:3 dog:2 r2ilfalcon:2 r2ilfrigate:2 r2ilpatrol:2 r2namer:2 lcrf:1 r2ilgunship:1 r2ilrecon:1 r2iltender:1
rr.tournament-2a.normal.israel-saudi.r1,tournament-2A,normal,1,israel,saudi,1,2,complete,win,israel,conquest,37703,25.14,60.8,1141754060,48,29090,27,35260,20100,r2ilrifle:22 r2ilat:8 r2merkava:8 r2ilshield:4 r2ilhowitzer:3 r2namer:2 dog:1,14,8200,12,20100,35260,r2sang:5 r2m1a2s:3 r2saat:3 dog:1 r2bradley:1 r2caesar:1
rr.dustbowl.normal.china-yemen.r1,dustbowl,normal,1,china,yemen,1,2,complete,draw,,tick-cap,60001,40.0,131.2,1314884488,122,81280,39,74400,69600,r2cnrifle:44 r2cnportable:18 r2qilin:18 r2phl:8 r2cloud:4 r2haiying:4 r2lynx:4 r2redspear:4 r2crane:3 r2jiaolong:3 r2luyang:3 r2zbd:3 r2haiwang:2 r2kunlun:2 r2skyspear:2,166,66600,41,69600,74400,r2yrpg:58 r2ymr:48 r2ytechrr:16 r2technical:14 r2ymlr:9 r2wadighost:8 htk:7 r2yzu:4 dog:2
rr.tournament-2a.normal.israel-russia.r1,tournament-2A,normal,1,israel,russia,1,2,complete,win,israel,conquest,27903,18.6,46.4,1750717518,40,26140,21,22400,14210,r2ilrifle:17 r2ilat:8 r2merkava:5 dog:2 r2ilfalcon:2 r2ilhowitzer:2 r2ilshield:2 r2ilgunship:1 r2namer:1,12,4800,8,14210,22400,e2:5 shk:4 htnk:2 htk:1
rr.dustbowl.normal.israel-china.r1,dustbowl,normal,1,israel,china,1,2,complete,draw,,tick-cap,60001,40.0,104.3,1766102781,62,53120,41,71060,94260,r2ilrifle:21 r2ilat:12 r2merkava:9 r2ilfalcon:6 r2ilhowitzer:6 r2ilgunship:2 r2ilrecon:2 r2ilshield:2 dog:1 r2namer:1,166,109580,31,94260,71060,r2cnrifle:54 r2cnportable:26 r2qilin:20 r2haiying:8 r2lynx:8 r2phl:8 r2jiaolong:6 r2luyang:6 r2mantis:6 r2zbd:6 r2cloud:4 r2redspear:4 r2cnnetwork:2 r2crane:2 r2haiwang:2 r2kunlun:2 r2skyspear:2
rr.tournament-2a.normal.yemen-israel.r1,tournament-2A,normal,1,yemen,israel,1,2,complete,win,yemen,conquest,39844,26.56,70.2,-2075055721,96,33550,28,57870,23850,r2ymr:33 r2yrpg:26 r2technical:15 r2ytechrr:7 htk:3 r2sahaab:3 r2ymlr:3 r2hodeidah:1 r2mokha:1 r2samad:1 r2wadighost:1 r2yzu:1 sapc:1,31,19810,19,23850,57870,r2ilrifle:13 r2ilat:7 r2merkava:6 r2ilhowitzer:2 dog:1 r2ilfalcon:1 r2namer:1
rr.tournament-2a.normal.yemen-china.r1,tournament-2A,normal,1,yemen,china,1,2,complete,win,yemen,conquest,33545,22.36,53.1,-1667686164,145,49250,27,63570,31200,r2ymr:52 r2yrpg:45 r2technical:17 r2ytechrr:14 r2ymlr:5 r2yzu:4 htk:3 r2wadighost:2 r2yspot:2 r2samad:1,49,25830,20,31200,63570,r2cnrifle:19 r2cnportable:12 r2qilin:8 r2lynx:3 r2phl:2 r2zbd:2 amcv:1 r2cloud:1 r2skyspear:1
rr.dustbowl.normal.turkey-iran.r1,dustbowl,normal,1,turkey,iran,1,2,complete,win,iran,conquest,42246,28.16,66.5,-1485960380,67,36075,35,47380,100735,r2trrifle:25 r2bozkir:14 r2trat:14 r2yildirim:5 r2aras:2 r2kuzgun:2 dog:1 r2ege:1 r2poyraz:1 r2sahin:1 r2sancak:1,217,58440,35,100735,47380,r2basij:141 r2toophan:48 r2karrar:7 r2dronecontrol:4 r2fajr:3 r2ghadir:3 r2peykaap:3 dog:2 r2raad:2 r2toufan:2 htk:1 sapc:1
rr.tournament-2a.normal.yemen-iran.r1,tournament-2A,normal,1,yemen,iran,1,2,complete,draw,,tick-cap,60001,40.0,86.5,-1374246543,91,36650,34,48990,57950,r2yrpg:35 r2ymr:17 r2technical:12 r2ytechrr:12 r2ymlr:4 r2yzu:4 r2sahaab:2 r2wadighost:2 htk:1 r2mokha:1 sapc:1,153,60370,37,57950,48990,r2basij:78 r2toophan:32 r2karrar:11 r2peykaap:11 r2fajr:5 r2ghadir:5 dog:2 r2raad:2 r2toufan:2 sapc:2 htk:1 r2coast:1 r2loiter:1
rr.tournament-2a.normal.iran-israel.r1,tournament-2A,normal,1,iran,israel,1,2,complete,win,israel,conquest,48267,32.18,68.8,-1138290080,50,19110,20,33240,53980,r2basij:24 r2toophan:15 r2karrar:5 r2fajr:3 htk:1 r2dronecontrol:1 r2raad:1,85,68120,29,53980,33240,r2ilrifle:26 r2ilat:14 r2merkava:11 r2ilpatrol:6 r2ilfrigate:4 r2ilhowitzer:4 r2ilshield:4 lcrf:3 r2ilfalcon:3 r2namer:3 dog:2 r2ilgunship:2 r2iltender:2 r2ilrecon:1
rr.tournament-2a.normal.israel-hezbollah.r1,tournament-2A,normal,1,israel,hezbollah,1,2,complete,draw,,tick-cap,60001,40.0,84.9,-817218992,141,106270,34,90425,79470,r2ilrifle:46 r2ilat:23 r2merkava:22 r2ilpatrol:17 r2ilfrigate:6 r2ilhowitzer:6 lcrf:5 r2ilrecon:4 r2ilshield:3 dog:2 r2ilfalcon:2 r2ilgunship:2 r2iltender:2 r2namer:1,101,34875,37,79470,90425,r2hzat:38 r2hzrifle:32 r2hzrecoilless:11 r2hzrockets:5 r2hztechnical:5 r2hzdrone:4 r2hzescort:3 htk:2 r2hzspotter:1
rr.dustbowl.normal.turkey-yemen.r1,dustbowl,normal,1,turkey,yemen,1,2,complete,draw,,tick-cap,60001,40.0,90.0,-510845407,124,83440,31,67350,65690,r2trrifle:38 r2bozkir:26 r2trat:21 r2yildirim:7 r2ege:5 r2greywolf:5 lcrf:4 r2aras:4 r2sancak:4 r2marmara:3 r2poyraz:3 r2sahin:2 dog:1 r2kuzgun:1,146,54300,39,63890,68450,r2ymr:51 r2yrpg:45 r2technical:20 r2ytechrr:13 r2wadighost:6 r2ymlr:6 htk:3 r2yzu:2
rr.tournament-2a.normal.yemen-saudi.r1,tournament-2A,normal,1,yemen,saudi,1,2,complete,win,saudi,conquest,48498,32.33,70.4,-452323345,68,19400,16,41060,51550,r2ymr:27 r2yrpg:24 r2technical:10 r2ytechrr:5 htk:1 r2ymlr:1,91,72030,34,51050,42960,r2sang:24 r2m1a2s:16 r2saat:15 r2sadiq:8 lcrf:4 r2riyadh:4 r2sads:4 r2caesar:3 r2falcon:3 dog:2 r2bradley:2 r2f15sa:2 r2jubail:2 r2ah64sa:1 r2sajtac:1
rr.dustbowl.normal.america-saudi.r1,dustbowl,normal,1,america,saudi,1,2,complete,win,america,conquest,42194,28.13,64.9,33179900,89,58200,27,61440,21200,e1:37 mtnk:9 fv:8 mgtk:6 cleg:5 sref:5 carrier:3 jumpjet:3 aegis:2 dest:2 orca:2 shad:2 tany:2 dlph:1 dog:1 lcrf:1,32,20280,24,21000,61240,r2sang:9 r2saat:8 r2m1a2s:5 r2bradley:3 r2caesar:3 dog:2 r2sads:2
rr.tournament-2a.normal.yemen-america.r1,tournament-2A,normal,1,yemen,america,1,2,complete,win,yemen,conquest,23322,15.55,39.5,255951587,81,25250,21,42000,16000,r2ymr:31 r2yrpg:25 r2technical:9 r2ytechrr:7 r2yzu:3 htk:2 r2ymlr:2 r2yspot:2,29,10900,15,16000,42000,e1:17 mtnk:7 fv:4 dog:1
rr.tournament-2a.normal.turkey-iran.r1,tournament-2A,normal,1,turkey,iran,1,2,complete,win,turkey,conquest,25353,16.9,46.0,392384965,73,36550,22,28870,14440,r2trrifle:30 r2bozkir:11 r2trat:11 r2poyraz:5 r2ege:4 dog:2 lcrf:2 r2aras:2 r2sancak:2 r2yildirim:2 r2deniz:1 r2kuzgun:1,25,8450,8,14440,28870,r2basij:15 r2toophan:5 r2karrar:3 r2fajr:1 r2raad:1
rr.tournament-2a.normal.china-israel.r1,tournament-2A,normal,1,china,israel,1,2,complete,win,china,conquest,41735,27.82,65.7,653328739,121,68450,30,68270,36720,r2cnrifle:50 r2cnportable:20 r2qilin:16 r2phl:6 r2lynx:5 r2haiying:3 r2mantis:3 r2zbd:3 r2cloud:2 r2cnnetwork:2 r2haiwang:2 r2jiaolong:2 r2kunlun:2 r2luyang:2 r2skyspear:2 r2redspear:1,28,22410,23,36120,67670,r2ilrifle:8 r2ilat:7 r2merkava:5 r2ilfalcon:2 r2ilhowitzer:2 dog:1 r2ilgunship:1 r2ilshield:1 r2namer:1
rr.dustbowl.normal.yemen-iran.r1,dustbowl,normal,1,yemen,iran,1,2,complete,draw,,tick-cap,60001,40.0,93.2,682924821,190,66850,47,65660,85100,r2ymr:71 r2yrpg:63 r2technical:22 r2ytechrr:11 r2wadighost:6 r2hodeidah:3 r2mokha:3 r2ymlr:3 htk:2 r2sahaab:2 r2yspot:2 r2yzu:2,317,82440,39,85100,65660,r2basij:206 r2toophan:70 r2peykaap:10 r2dronecontrol:8 r2ghadir:8 sapc:6 r2karrar:3 dog:2 htk:1 r2fajr:1 r2mohajer:1 r2raad:1
rr.tournament-2a.normal.israel-china.r1,tournament-2A,normal,1,israel,china,1,2,complete,win,israel,conquest,23577,15.72,38.5,854080418,21,14510,16,31570,8560,r2ilrifle:8 r2ilat:4 r2merkava:4 r2namer:2 dog:1 r2ilfalcon:1 r2ilhowitzer:1,10,5130,12,8560,31570,r2cnrifle:4 r2cnportable:2 r2lynx:1 r2phl:1 r2qilin:1 r2zbd:1
rr.tournament-2a.normal.saudi-america.r1,tournament-2A,normal,1,saudi,america,1,2,complete,win,america,conquest,22804,15.2,41.3,1239892523,22,12820,16,8900,46880,r2saat:8 r2sang:6 r2m1a2s:3 r2bradley:2 dog:1 r2caesar:1 r2sads:1,48,21200,21,46880,8900,e1:24 fv:8 mtnk:8 jumpjet:4 orca:2 dog:1 shad:1
rr.dustbowl.normal.yemen-hezbollah.r1,dustbowl,normal,1,yemen,hezbollah,1,2,complete,draw,,tick-cap,60001,40.0,102.0,1309985061,288,120150,38,112800,99700,r2yrpg:86 r2ymr:84 r2technical:32 r2ytechrr:24 r2hodeidah:19 r2wadighost:8 r2ymlr:8 r2sahaab:7 r2yzu:7 htk:3 sapc:3 dog:2 r2mokha:2 r2yspot:2 r2samad:1,209,89100,57,99700,112800,r2hzrifle:65 r2hzat:58 r2hztechnical:32 r2hzrecoilless:19 r2hzscout:14 r2hzrockets:9 r2hzdrone:6 r2hzescort:5 r2hzskiff:1
rr.tournament-2a.normal.hezbollah-china.r1,tournament-2A,normal,1,hezbollah,china,1,2,complete,win,hezbollah,conquest,26480,17.65,44.5,1617922241,69,25200,21,35420,15000,r2hzat:25 r2hzrifle:17 r2hztechnical:9 htk:3 r2hzdrone:3 r2hzrecoilless:3 r2hzskiff:3 r2hzsurvey:3 r2hzrockets:2 sapc:1,21,8380,11,15000,35420,r2cnrifle:9 r2cnportable:5 r2qilin:4 r2lynx:2 r2zbd:1
rr.dustbowl.normal.iran-yemen.r1,dustbowl,normal,1,iran,yemen,1,2,complete,draw,,tick-cap,60001,40.0,107.2,1654187552,225,77860,43,80500,85510,r2basij:124 r2toophan:65 r2karrar:10 r2fajr:9 r2coast:3 r2loiter:3 r2mohajer:3 dog:2 htk:2 r2azar:2 r2toufan:2,192,82100,40,85510,80500,r2ymr:58 r2yrpg:54 r2technical:23 r2ytechrr:14 r2wadighost:8 r2ymlr:8 r2hodeidah:7 r2yzu:6 r2mokha:5 htk:4 r2sahaab:4 sapc:1
rr.dustbowl.normal.saudi-china.r1,dustbowl,normal,1,saudi,china,1,2,complete,win,saudi,conquest,58391,38.93,97.7,2063319674,92,73750,31,88800,44840,r2sang:30 r2m1a2s:17 r2saat:12 r2caesar:6 r2sadiq:6 r2riyadh:4 r2f15sa:3 r2sads:3 lcrf:2 r2ah64sa:2 r2bradley:2 r2falcon:2 r2jubail:2 dog:1,53,35860,29,43790,87750,r2cnrifle:18 r2qilin:10 r2cnportable:9 r2skyspear:5 r2cloud:3 r2phl:3 r2redspear:2 r2lynx:1 r2mantis:1 r2zbd:1
rr.dustbowl.normal.america-china.r1,dustbowl,normal,1,america,china,1,2,complete,draw,,tick-cap,60001,40.0,123.8,-1964092579,126,81800,39,63770,116400,e1:44 fv:16 orca:16 jumpjet:12 mtnk:12 sref:7 mgtk:5 tany:5 cleg:4 shad:4 dog:1,150,97820,33,116400,63770,r2cnrifle:56 r2cnportable:23 r2qilin:16 r2phl:9 r2haiying:6 r2cloud:5 r2jiaolong:5 r2luyang:5 r2mantis:5 r2lynx:4 r2skyspear:4 r2redspear:3 r2zbd:3 r2haiwang:2 r2kunlun:2 r2cnnetwork:1 r2crane:1
rr.dustbowl.normal.russia-iran.r1,dustbowl,normal,1,russia,iran,1,2,complete,draw,,tick-cap,60001,40.0,131.1,-1567647895,166,66350,32,92130,51950,e2:73 flakt:34 shk:21 htk:8 htnk:7 ttnk:7 apoc:5 hyd:4 dog:2 zep:2 sapc:1 sqd:1 sub:1,182,64190,47,52900,93760,r2basij:96 r2toophan:53 r2fajr:5 r2peykaap:5 htk:4 r2coast:3 r2karrar:3 r2mohajer:3 r2loiter:2 r2raad:2 sapc:2 dog:1 r2azar:1 r2ghadir:1 r2toufan:1
rr.tournament-2a.normal.hezbollah-yemen.r1,tournament-2A,normal,1,hezbollah,yemen,1,2,complete,win,yemen,conquest,11845,7.9,26.8,-1251454869,12,3050,5,4700,16150,r2hzrifle:6 r2hzat:4 r2hzrecoilless:1 r2hztechnical:1,33,10550,12,16150,4700,r2yrpg:12 r2ymr:11 r2technical:4 r2ytechrr:4 r2ymlr:1 r2yzu:1
rr.tournament-2a.normal.china-russia.r1,tournament-2A,normal,1,china,russia,1,2,complete,draw,,tick-cap,60001,40.0,87.1,-979068372,104,74540,36,53900,60990,r2cnrifle:32 r2qilin:18 r2cnportable:14 r2haiying:7 r2luyang:5 r2phl:5 r2jiaolong:4 r2lynx:4 r2redspear:4 r2cloud:2 r2haiwang:2 r2kunlun:2 r2skyspear:2 r2zbd:2 r2crane:1,67,35600,24,61090,54000,shk:19 htnk:15 e2:12 htk:12 flakt:6 ttnk:3
rr.tournament-2a.normal.hezbollah-russia.r1,tournament-2A,normal,1,hezbollah,russia,1,2,complete,draw,,tick-cap,60001,40.0,85.6,-722346640,169,75050,36,63200,66700,r2hzrifle:53 r2hzat:44 r2hztechnical:22 r2hzrecoilless:12 r2hzscout:10 r2hzdrone:7 r2hzrockets:7 r2hzmissileboat:4 r2hzskiff:3 r2hzsurvey:3 htk:2 sapc:2,61,27200,31,66250,64700,e2:20 shk:14 flakt:10 htnk:8 ttnk:5 htk:4
rr.dustbowl.normal.china-america.r1,dustbowl,normal,1,china,america,1,2,complete,win,america,conquest,56689,37.79,100.9,-256263254,70,45010,40,45500,113300,r2cnrifle:23 r2cnportable:15 r2qilin:11 r2phl:7 r2cloud:5 r2skyspear:3 r2lynx:2 r2redspear:2 r2mantis:1 r2zbd:1,137,96400,28,113500,45700,e1:38 jumpjet:20 fv:18 mtnk:12 shad:8 aegis:6 cleg:6 carrier:5 sref:5 dest:4 mgtk:4 orca:4 dlph:3 tany:2 dog:1 lcrf:1
rr.dustbowl.normal.iran-turkey.r1,dustbowl,normal,1,iran,turkey,1,2,complete,win,iran,conquest,24565,16.38,49.5,-110811155,70,24110,21,32300,14790,r2basij:39 r2toophan:15 r2karrar:8 r2fajr:3 htk:2 dog:1 r2mohajer:1 r2raad:1,17,5640,13,14790,32300,r2trrifle:8 r2trat:5 r2aras:2 dog:1 r2bozkir:1
rr.tournament-2a.normal.america-china.r1,tournament-2A,normal,1,america,china,1,2,complete,win,china,conquest,33946,22.63,52.4,142857715,54,21500,20,39820,63200,e1:33 fv:8 mtnk:7 orca:2 shad:2 dog:1 jumpjet:1,84,39590,31,63200,39820,r2cnrifle:37 r2qilin:15 r2cnportable:14 r2lynx:4 r2mantis:4 r2zbd:4 r2phl:2 r2skyspear:2 dog:1 r2cloud:1
rr.tournament-2a.normal.china-america.r1,tournament-2A,normal,1,china,america,1,2,complete,win,america,conquest,45349,30.23,65.0,387694651,55,29470,26,45700,75310,r2cnrifle:21 r2cnportable:13 r2qilin:10 r2phl:5 r2cloud:2 r2mantis:2 r2lynx:1 r2skyspear:1,108,71400,30,75310,45700,e1:38 mtnk:15 fv:10 jumpjet:10 cleg:9 sref:9 shad:5 mgtk:4 orca:4 tany:3 dog:1
rr.dustbowl.normal.china-saudi.r1,dustbowl,normal,1,china,saudi,1,2,complete,win,china,conquest,58755,39.17,94.1,661941999,142,88070,29,87970,51400,r2cnrifle:56 r2qilin:22 r2cnportable:17 r2haiying:6 r2cloud:5 r2lynx:5 r2phl:5 r2jiaolong:4 r2luyang:4 r2redspear:4 r2zbd:4 r2crane:2 r2haiwang:2 r2kunlun:2 r2skyspear:2 dog:1 r2mantis:1,47,34610,32,51400,87970,r2sang:13 r2saat:11 r2m1a2s:10 r2bradley:4 r2caesar:3 r2sads:2 dog:1 r2ah64sa:1 r2f15sa:1 r2falcon:1
rr.dustbowl.normal.china-hezbollah.r1,dustbowl,normal,1,china,hezbollah,1,2,complete,win,hezbollah,conquest,49867,33.24,89.4,752949055,92,55850,37,57850,115690,r2cnrifle:30 r2cnportable:19 r2qilin:19 r2cloud:5 r2phl:5 r2redspear:3 r2haiying:2 r2lynx:2 r2skyspear:2 r2zbd:2 r2crane:1 r2jiaolong:1 r2mantis:1,217,75400,39,115040,57200,r2hzrifle:85 r2hzat:63 r2hztechnical:22 r2hzrecoilless:10 htk:7 r2hzdrone:6 r2hzscout:6 r2hzrockets:4 r2hzskiff:3 dog:2 r2hzescort:2 r2hzspotter:2 r2hzsurvey:2 sapc:2 r2hzmissileboat:1
rr.dustbowl.normal.israel-yemen.r1,dustbowl,normal,1,israel,yemen,1,2,complete,win,yemen,conquest,35912,23.94,62.3,1034842757,30,23780,19,28900,61890,r2ilrifle:9 r2ilat:8 r2merkava:5 r2ilfalcon:2 r2ilgunship:2 r2ilhowitzer:2 dog:1 r2namer:1,112,43200,28,61890,28900,r2yrpg:37 r2ymr:30 r2ytechrr:15 r2technical:7 htk:5 r2ymlr:5 r2sahaab:3 r2hodeidah:2 r2mokha:2 r2yzu:2 dog:1 r2samad:1 r2wadighost:1 sapc:1
rr.dustbowl.normal.yemen-turkey.r1,dustbowl,normal,1,yemen,turkey,1,2,complete,win,yemen,conquest,47519,31.68,73.5,1604908284,161,64850,34,80215,43050,r2ymr:52 r2yrpg:44 r2technical:19 r2ytechrr:13 r2ymlr:7 htk:5 r2hodeidah:5 r2wadighost:5 r2sahaab:3 r2mokha:2 r2yspot:2 r2yzu:2 r2samad:1 sapc:1,52,28055,28,43050,80215,r2trrifle:21 r2bozkir:11 r2trat:10 r2yildirim:4 dog:1 r2aras:1 r2kuzgun:1 r2sahin:1 r2sancak:1 r2turna:1
rr.dustbowl.normal.china-iran.r1,dustbowl,normal,1,china,iran,1,2,complete,win,china,conquest,31736,21.16,51.9,1647259177,64,39960,29,38920,22930,r2cnrifle:23 r2cnportable:10 r2qilin:9 r2cloud:4 r2phl:3 r2zbd:3 r2haiying:2 r2lynx:2 r2skyspear:2 r2crane:1 r2haiwang:1 r2jiaolong:1 r2kunlun:1 r2luyang:1 r2mantis:1,37,12950,12,22930,38920,r2basij:20 r2toophan:8 r2karrar:5 htk:2 r2fajr:1 r2raad:1
rr.tournament-2a.normal.saudi-russia.r1,tournament-2A,normal,1,saudi,russia,1,2,complete,win,saudi,conquest,32353,21.57,56.8,1659595867,25,25500,5,35900,21310,r2m1a2s:21 r2bradley:2 dog:1 r2saat:1,28,11600,14,21310,35900,e2:9 shk:9 htk:3 htnk:3 flakt:2 dog:1 ttnk:1
rr.tournament-2a.normal.israel-america.r1,tournament-2A,normal,1,israel,america,1,2,complete,win,america,conquest,23913,15.94,41.3,-2124425625,35,18880,16,23300,52290,r2ilrifle:14 r2ilat:11 r2merkava:3 dog:2 r2ilfalcon:1 r2ilhowitzer:1 r2ilobserver:1 r2ilshield:1 r2namer:1,77,35900,26,52290,23300,e1:38 mtnk:14 jumpjet:9 fv:8 shad:3 orca:2 cleg:1 dog:1 sref:1
rr.tournament-2a.normal.russia-saudi.r1,tournament-2A,normal,1,russia,saudi,1,2,complete,win,saudi,conquest,58489,38.99,82.1,-2065875047,71,28600,26,86360,68600,e2:32 flakt:11 shk:9 htnk:8 ttnk:7 htk:4,133,99160,38,68500,86260,r2sang:48 r2saat:30 r2m1a2s:21 r2f15sa:9 r2ah64sa:6 r2caesar:6 r2bradley:3 r2falcon:3 r2sads:3 dog:2 r2sajtac:2
rr.tournament-2a.normal.iran-hezbollah.r1,tournament-2A,normal,1,iran,hezbollah,1,2,complete,win,hezbollah,conquest,29336,19.56,45.4,-1953894147,42,15020,14,20450,41590,r2basij:23 r2toophan:10 r2karrar:4 r2fajr:2 htk:1 r2mohajer:1 r2raad:1,89,27550,25,41590,20450,r2hzrifle:36 r2hzat:25 r2hztechnical:10 r2hzrecoilless:7 r2hzdrone:4 r2hzescort:2 r2hzrockets:2 dog:1 htk:1 r2hzskiff:1
rr.dustbowl.normal.china-russia.r1,dustbowl,normal,1,china,russia,1,2,complete,win,china,conquest,28859,19.24,48.2,-1709430328,64,31350,29,26900,14530,r2cnrifle:30 r2qilin:12 r2cnportable:9 r2phl:3 r2lynx:2 r2skyspear:2 dog:1 r2cloud:1 r2crane:1 r2haiying:1 r2mantis:1 r2zbd:1,22,7500,10,14530,26900,e2:9 shk:8 flakt:2 htnk:2 dog:1
rr.dustbowl.normal.iran-saudi.r1,dustbowl,normal,1,iran,saudi,1,2,complete,win,iran,conquest,43758,29.17,69.6,-1501169733,141,52000,32,86140,35940,r2basij:75 r2toophan:33 r2karrar:10 r2fajr:5 r2raad:4 htk:3 r2coast:2 r2dronecontrol:2 dog:1 r2ghadir:1 r2loiter:1 r2mohajer:1 r2peykaap:1 r2toufan:1 sapc:1,44,31880,28,35940,86140,r2sang:14 r2saat:11 r2m1a2s:9 r2caesar:4 r2f15sa:2 dog:1 r2bradley:1 r2falcon:1 r2sads:1
rr.tournament-2a.normal.russia-turkey.r1,tournament-2A,normal,1,russia,turkey,1,2,complete,win,turkey,conquest,35463,23.64,52.0,-1245307820,13,6400,9,20850,24400,shk:5 e2:4 htnk:2 htk:1 ttnk:1,83,39085,28,24400,20850,r2trrifle:37 r2trat:19 r2bozkir:11 r2aras:3 r2sancak:3 r2yildirim:3 dog:2 r2sahin:2 r2deniz:1 r2greywolf:1 r2kuzgun:1
rr.dustbowl.normal.turkey-saudi.r1,dustbowl,normal,1,turkey,saudi,1,2,complete,draw,,tick-cap,60001,40.0,87.9,-1229990478,118,80835,31,101740,55285,r2trrifle:37 r2bozkir:27 r2trat:18 r2ege:6 r2yildirim:5 lcrf:4 r2aras:4 r2greywolf:4 r2marmara:4 r2poyraz:4 r2sahin:2 dog:1 r2kuzgun:1 r2turna:1,72,70230,43,55285,101740,r2sang:19 r2saat:15 r2m1a2s:12 r2f15sa:9 r2ah64sa:7 r2caesar:4 r2falcon:4 dog:1 r2bradley:1
rr.dustbowl.normal.iran-america.r1,dustbowl,normal,1,iran,america,1,2,complete,draw,,tick-cap,60001,40.0,92.7,-803182297,268,101640,36,79500,83320,r2basij:136 r2toophan:67 r2karrar:14 htk:11 r2fajr:9 r2peykaap:8 r2ghadir:7 r2coast:5 r2raad:3 sapc:3 r2loiter:2 dog:1 r2mohajer:1 r2toufan:1,132,84200,35,83520,79700,e1:42 jumpjet:20 fv:19 mtnk:14 orca:11 shad:8 cleg:6 sref:6 mgtk:4 dog:1 tany:1
rr.tournament-2a.normal.russia-israel.r1,tournament-2A,normal,1,russia,israel,1,2,complete,win,israel,conquest,16008,10.67,31.3,-725593744,3,700,5,4230,13400,e2:2 shk:1,19,9950,13,13400,4230,r2ilrifle:10 r2ilat:3 r2merkava:3 dog:1 r2ilhowitzer:1 r2namer:1
rr.tournament-2a.normal.russia-iran.r1,tournament-2A,normal,1,russia,iran,1,2,complete,win,iran,conquest,27100,18.07,48.7,-409297276,23,9600,8,20950,26600,e2:8 shk:6 flakt:3 htnk:3 htk:2 ttnk:1,70,26220,22,26600,20950,r2basij:38 r2toophan:16 r2karrar:7 r2fajr:3 dog:1 htk:1 r2azar:1 r2coast:1 r2dronecontrol:1 r2mohajer:1
rr.dustbowl.normal.israel-america.r1,dustbowl,normal,1,israel,america,1,2,complete,win,israel,conquest,12143,8.1,26.9,-347486901,27,14230,13,22700,3730,r2ilrifle:14 r2ilat:4 r2merkava:4 dog:1 r2ilhowitzer:1 r2ilobserver:1 r2ilshield:1 r2namer:1,6,2600,7,3730,22700,e1:3 mtnk:2 fv:1
rr.tournament-2a.normal.turkey-israel.r2,tournament-2A,normal,2,turkey,israel,1,2,complete,win,israel,conquest,51526,34.35,78.6,-76871015,41,25470,25,44430,76480,r2trrifle:14 r2trat:9 r2bozkir:8 r2sahin:3 r2yildirim:3 dog:1 r2aras:1 r2greywolf:1 r2sancak:1,95,78920,33,77530,45480,r2ilrifle:31 r2ilat:14 r2merkava:12 r2ilpatrol:7 r2ilfalcon:6 r2ilhowitzer:5 r2ilfrigate:4 r2ilshield:4 dog:2 lcrf:2 r2ilgunship:2 r2ilrecon:2 r2iltender:2 r2namer:2
rr.tournament-2a.normal.hezbollah-russia.r2,tournament-2A,normal,2,hezbollah,russia,1,2,complete,win,hezbollah,conquest,20131,13.42,35.3,77853680,66,21500,18,19700,13150,r2hzrifle:26 r2hzat:20 r2hzrecoilless:6 r2hzdrone:5 r2hztechnical:5 htk:2 r2hzrockets:2,9,3900,7,13150,19700,shk:4 e2:2 flakt:1 htk:1 htnk:1
rr.dustbowl.normal.hezbollah-iran.r2,dustbowl,normal,2,hezbollah,iran,1,2,complete,draw,,tick-cap,60001,40.0,91.9,124988945,184,71800,44,89840,79350,r2hzrifle:69 r2hzat:47 r2hztechnical:25 r2hzrecoilless:13 r2hzscout:8 r2hzrockets:5 r2hzescort:4 htk:3 r2hzmissileboat:3 r2hzdrone:2 r2hzsurvey:2 sapc:2 r2hzskiff:1,231,75760,47,80100,90590,r2basij:144 r2toophan:42 r2karrar:15 r2fajr:6 r2peykaap:6 r2ghadir:3 dog:2 r2azar:2 r2dronecontrol:2 r2mohajer:2 r2raad:2 r2toufan:2 sapc:2 r2coast:1
rr.dustbowl.normal.saudi-china.r2,dustbowl,normal,2,saudi,china,1,2,complete,win,saudi,conquest,32073,21.38,50.1,430472782,51,36490,26,28340,20620,r2sang:17 r2saat:12 r2m1a2s:10 r2caesar:3 r2bradley:2 r2f15sa:2 r2sads:2 dog:1 r2ah64sa:1 r2falcon:1,11,4300,9,20620,28340,r2cnrifle:5 r2cnportable:3 r2qilin:2 r2zbd:1
rr.tournament-2a.normal.russia-china.r2,tournament-2A,normal,2,russia,china,1,2,complete,draw,,tick-cap,60001,40.0,82.4,708623885,70,32850,21,85330,44550,e2:25 flakt:12 shk:8 htnk:6 htk:5 hyd:5 ttnk:4 sapc:2 sub:2 apoc:1,133,86330,35,44050,85330,r2cnrifle:49 r2qilin:22 r2cnportable:20 r2cloud:8 r2phl:6 r2haiying:5 r2redspear:5 r2lynx:4 r2haiwang:3 r2crane:2 r2jiaolong:2 r2kunlun:2 r2mantis:2 r2skyspear:2 r2luyang:1
rr.tournament-2a.normal.iran-turkey.r2,tournament-2A,normal,2,iran,turkey,1,2,complete,win,iran,conquest,40613,27.08,57.8,931152628,110,47970,30,50720,27150,r2basij:53 r2toophan:19 r2karrar:11 r2peykaap:7 r2fajr:5 r2ghadir:5 sapc:3 r2raad:2 dog:1 htk:1 r2loiter:1 r2mohajer:1 r2toufan:1,30,16210,17,28550,52120,r2trrifle:12 r2bozkir:5 r2trat:5 r2yildirim:3 r2aras:2 dog:1 r2gokkalkan:1 r2sahin:1
rr.dustbowl.normal.yemen-china.r2,dustbowl,normal,2,yemen,china,1,2,complete,win,yemen,conquest,33209,22.14,54.3,1043409918,100,36150,26,64880,26050,r2ymr:35 r2yrpg:28 r2technical:13 r2ytechrr:10 r2ymlr:5 htk:3 r2yzu:3 r2wadighost:2 r2samad:1,41,19040,22,26050,64880,r2cnrifle:17 r2qilin:9 r2cnportable:8 r2lynx:3 r2phl:2 r2cloud:1 r2zbd:1
rr.dustbowl.normal.turkey-hezbollah.r2,dustbowl,normal,2,turkey,hezbollah,1,2,complete,win,turkey,conquest,42287,28.19,66.1,1510842429,92,55775,32,44100,35395,r2trrifle:35 r2bozkir:14 r2trat:14 r2yildirim:5 r2aras:4 r2sancak:4 r2ege:3 r2greywolf:2 r2kuzgun:2 r2marmara:2 r2poyraz:2 r2sahin:2 dog:1 lcrf:1 r2gokkalkan:1,48,14650,17,35435,45550,r2hzrifle:21 r2hzat:13 r2hztechnical:6 r2hzrecoilless:4 r2hzescort:2 r2hzrockets:2
rr.dustbowl.normal.saudi-hezbollah.r2,dustbowl,normal,2,saudi,hezbollah,1,2,complete,draw,,tick-cap,60001,40.0,90.4,1533758316,78,69840,47,74200,119850,r2sang:22 r2saat:17 r2m1a2s:10 r2caesar:9 r2f15sa:7 r2ah64sa:5 r2falcon:4 dog:1 r2bradley:1 r2sadiq:1 r2sads:1,196,89950,43,119850,74200,r2hzrifle:56 r2hzat:51 r2hzrecoilless:17 r2hzdrone:13 htk:10 r2hzscout:8 r2hzrockets:7 r2hzskiff:7 sapc:7 r2hzmissileboat:5 r2hzsurvey:5 r2hzspotter:4 r2hztechnical:4 r2hzescort:2
rr.tournament-2a.normal.turkey-yemen.r2,tournament-2A,normal,2,turkey,yemen,1,2,complete,win,yemen,conquest,9092,6.06,23.2,1590876631,6,2210,5,2450,17270,r2trat:2 r2trrifle:2 dog:1 r2bozkir:1,15,3900,6,17270,2450,r2ymr:7 r2yrpg:5 r2technical:2 r2ytechrr:1
rr.tournament-2a.normal.yemen-saudi.r2,tournament-2A,normal,2,yemen,saudi,1,2,complete,win,saudi,conquest,48113,32.08,77.5,1822644395,66,22750,28,48640,64900,r2ymr:26 r2yrpg:21 r2technical:9 r2ytechrr:5 r2ymlr:3 htk:1 smcv:1,105,73610,31,65950,49690,r2sang:38 r2saat:20 r2m1a2s:18 r2sadiq:5 r2caesar:4 r2sads:4 r2bradley:3 r2riyadh:3 lcrf:2 r2f15sa:2 r2falcon:2 r2jubail:2 dog:1 r2ah64sa:1
rr.dustbowl.normal.iran-america.r2,dustbowl,normal,2,iran,america,1,2,complete,win,america,conquest,31377,20.92,53.6,-2119832790,36,10440,13,15700,35560,r2basij:21 r2toophan:10 r2karrar:3 htk:1 r2raad:1,73,43900,23,35560,15700,e1:29 mtnk:12 fv:9 jumpjet:6 cleg:5 mgtk:4 sref:4 orca:2 shad:1 tany:1
rr.tournament-2a.normal.yemen-russia.r2,tournament-2A,normal,2,yemen,russia,1,2,complete,win,yemen,conquest,21403,14.27,40.6,-1854545810,55,18225,17,23600,10100,r2ymr:19 r2yrpg:17 r2ytechrr:7 r2technical:6 r2ymlr:2 r2yzu:2 htk:1 r2yspot:1,11,5300,9,10100,23600,shk:5 e2:2 htnk:2 flakt:1 htk:1
rr.dustbowl.normal.china-israel.r2,dustbowl,normal,2,china,israel,1,2,complete,win,israel,conquest,42256,28.17,76.2,-1695763512,57,28640,24,32210,74580,r2cnrifle:22 r2cnportable:13 r2qilin:11 r2phl:3 r2lynx:2 r2skyspear:2 r2zbd:2 dog:1 r2cloud:1,87,63950,34,75630,33260,r2ilrifle:25 r2ilat:19 r2merkava:11 r2ilshield:6 r2ilhowitzer:5 r2namer:4 dog:3 r2ilobserver:3 r2ilpatrol:3 r2ilfalcon:2 r2ilfrigate:2 lcrf:1 r2ilgunship:1 r2ilrecon:1 r2iltender:1
rr.tournament-2a.normal.america-israel.r2,tournament-2A,normal,2,america,israel,1,2,complete,win,america,conquest,39904,26.6,65.9,-1579065930,62,38600,27,50300,23250,e1:26 mtnk:8 fv:6 dest:5 aegis:2 carrier:2 jumpjet:2 lcrf:2 orca:2 sref:2 cleg:1 dlph:1 mgtk:1 shad:1 tany:1,25,16440,19,23250,50300,r2ilrifle:7 r2ilat:6 r2merkava:4 dog:2 r2ilpatrol:2 r2ilfrigate:1 r2ilhowitzer:1 r2ilshield:1 r2namer:1
rr.dustbowl.normal.hezbollah-israel.r2,dustbowl,normal,2,hezbollah,israel,1,2,complete,draw,,tick-cap,60001,40.0,93.9,-1449791418,159,61550,43,68690,86650,r2hzrifle:55 r2hzat:48 r2hztechnical:22 r2hzrecoilless:16 r2hzscout:8 r2hzrockets:7 r2hzescort:3,112,93630,36,86650,68690,r2ilrifle:29 r2ilat:20 r2merkava:16 r2ilpatrol:13 r2ilhowitzer:9 lcrf:5 r2ilfrigate:4 r2ilrecon:4 r2ilfalcon:3 r2ilgunship:3 r2ilshield:2 r2iltender:2 dog:1 r2namer:1
rr.tournament-2a.normal.iran-china.r2,tournament-2A,normal,2,iran,china,1,2,complete,win,china,conquest,21319,14.21,36.4,-931401043,25,5320,11,14840,29240,r2basij:18 r2toophan:6 r2raad:1,64,28270,24,29240,14840,r2cnrifle:31 r2cnportable:10 r2qilin:9 r2lynx:3 r2zbd:3 r2mantis:2 r2phl:2 dog:1 r2cloud:1 r2cnnetwork:1 r2skyspear:1
rr.tournament-2a.normal.hezbollah-saudi.r2,tournament-2A,normal,2,hezbollah,saudi,1,2,complete,win,saudi,conquest,45240,30.16,67.0,-919824634,54,16700,18,33760,48850,r2hzrifle:23 r2hzat:13 r2hztechnical:8 r2hzrecoilless:5 htk:2 r2hzrockets:2 r2hzescort:1,84,60440,33,48850,33760,r2sang:27 r2saat:18 r2m1a2s:14 r2sadiq:5 r2caesar:4 r2riyadh:3 dog:2 r2ah64sa:2 r2bradley:2 r2f15sa:2 r2sads:2 lcrf:1 r2falcon:1 r2jubail:1
rr.tournament-2a.normal.hezbollah-israel.r2,tournament-2A,normal,2,hezbollah,israel,1,2,complete,win,israel,conquest,13322,8.88,25.1,-570986892,2,450,4,2540,12350,r2hzat:1 r2hzrifle:1,22,10670,13,12350,2540,r2ilrifle:11 r2ilat:4 dog:2 r2merkava:2 r2ilhowitzer:1 r2ilshield:1 r2namer:1
rr.tournament-2a.normal.israel-russia.r2,tournament-2A,normal,2,israel,russia,1,2,complete,win,israel,conquest,29464,19.64,48.1,-511442854,34,21730,23,24950,10770,r2ilrifle:14 r2merkava:7 r2ilat:6 r2ilhowitzer:2 r2ilshield:2 r2namer:2 dog:1,17,6300,8,9720,23900,e2:7 shk:5 htk:2 htnk:2 flakt:1
rr.dustbowl.normal.yemen-hezbollah.r2,dustbowl,normal,2,yemen,hezbollah,1,2,complete,win,yemen,conquest,19018,12.68,36.2,-310813690,55,18050,18,21550,11200,r2ymr:19 r2yrpg:17 r2technical:8 r2ytechrr:6 r2ymlr:2 htk:1 r2samad:1 r2yzu:1,13,3550,6,11200,21550,r2hzat:8 r2hzrifle:4 r2hzrecoilless:1
rr.dustbowl.normal.iran-yemen.r2,dustbowl,normal,2,iran,yemen,1,2,complete,win,yemen,conquest,35114,23.41,59.5,-249750421,56,19190,19,30300,54060,r2basij:31 r2toophan:15 r2karrar:5 r2fajr:3 htk:1 r2raad:1,109,37350,28,54060,30300,r2ymr:38 r2yrpg:30 r2technical:17 r2ytechrr:10 r2ymlr:4 htk:2 r2sahaab:2 r2samad:2 r2yzu:2 r2mokha:1 r2wadighost:1
rr.tournament-2a.normal.hezbollah-america.r2,tournament-2A,normal,2,hezbollah,america,1,2,complete,win,america,conquest,35858,23.91,60.4,-27379684,66,20550,20,41900,52750,r2hzrifle:24 r2hzat:17 r2hztechnical:9 r2hzrecoilless:7 dog:3 htk:2 r2hzescort:2 r2hzdrone:1 r2hzrockets:1,104,63300,24,52750,41900,e1:39 mtnk:14 fv:13 jumpjet:10 orca:6 shad:6 cleg:5 sref:5 mgtk:3 tany:2 dog:1
rr.dustbowl.normal.hezbollah-yemen.r2,dustbowl,normal,2,hezbollah,yemen,1,2,complete,draw,,tick-cap,60001,40.0,96.6,50015345,118,46200,35,81450,96400,r2hzrifle:44 r2hzat:34 r2hzrecoilless:12 r2hztechnical:9 r2hzscout:6 r2hzrockets:5 r2hzescort:4 r2hzdrone:3 r2hzskiff:1,242,98600,37,94900,83250,r2ymr:78 r2yrpg:70 r2technical:27 r2ytechrr:21 r2wadighost:10 r2hodeidah:8 r2ymlr:8 htk:4 r2yzu:4 r2mokha:3 r2sahaab:3 dog:2 r2yspot:2 r2samad:1 sapc:1
rr.dustbowl.normal.america-china.r2,dustbowl,normal,2,america,china,1,2,complete,draw,,tick-cap,60001,40.0,100.9,354873609,131,97000,28,85700,63050,e1:28 jumpjet:24 fv:18 mtnk:11 orca:10 shad:9 aegis:6 carrier:5 cleg:4 dest:4 sref:4 dlph:3 lcrf:2 dog:1 mgtk:1 tany:1,104,69090,43,63000,85650,r2cnrifle:37 r2cnportable:20 r2qilin:11 r2phl:9 r2mantis:7 r2cloud:6 r2redspear:6 r2skyspear:3 r2crane:2 r2lynx:2 r2zbd:1
rr.tournament-2a.normal.israel-america.r2,tournament-2A,normal,2,israel,america,1,2,complete,win,america,conquest,21943,14.63,42.0,578842396,26,14750,11,12200,39440,r2ilrifle:10 r2ilat:8 r2merkava:4 r2namer:2 dog:1 r2ilhowitzer:1,34,16100,15,39440,12200,e1:18 mtnk:6 fv:4 aegis:1 dest:1 jumpjet:1 lcrf:1 orca:1 shad:1
rr.tournament-2a.normal.iran-russia.r2,tournament-2A,normal,2,iran,russia,1,2,complete,win,iran,conquest,35975,23.98,61.4,998647284,87,30420,25,34800,31890,r2basij:48 r2toophan:20 r2karrar:8 r2fajr:4 htk:3 r2toufan:2 dog:1 r2loiter:1,39,16100,10,31890,34800,e2:14 shk:13 htnk:6 htk:5 flakt:1
rr.tournament-2a.normal.iran-america.r2,tournament-2A,normal,2,iran,america,1,2,complete,win,america,conquest,19833,13.22,35.8,1016825887,29,9550,9,17600,30720,r2basij:15 r2toophan:7 r2karrar:3 htk:2 dog:1 r2fajr:1,79,29900,20,30720,17600,e1:51 mtnk:9 fv:8 shad:4 jumpjet:3 dog:2 orca:2
rr.dustbowl.normal.turkey-yemen.r2,dustbowl,normal,2,turkey,yemen,1,2,complete,win,turkey,conquest,52885,35.26,93.0,1363740597,101,66210,32,77500,44540,r2trrifle:32 r2bozkir:18 r2trat:16 r2yildirim:6 r2ege:5 r2poyraz:4 r2sancak:4 lcrf:3 r2aras:2 r2greywolf:2 r2marmara:2 r2sahin:2 dog:1 r2deniz:1 r2gokkalkan:1 r2trdroneop:1 r2turna:1,78,26600,27,39740,78000,r2ymr:27 r2yrpg:25 r2technical:14 r2ytechrr:5 htk:2 r2wadighost:2 r2ymlr:2 r2yzu:1
rr.tournament-2a.normal.russia-yemen.r2,tournament-2A,normal,2,russia,yemen,1,2,complete,win,yemen,conquest,16967,11.31,32.3,1376773383,9,3700,9,9000,20100,shk:6 e2:2 htk:1,44,12900,13,20100,9000,r2ymr:19 r2yrpg:13 r2technical:6 r2ytechrr:3 r2yzu:2 r2ymlr:1
rr.dustbowl.normal.yemen-iran.r2,dustbowl,normal,2,yemen,iran,1,2,complete,draw,,tick-cap,60001,40.0,110.2,1615323336,179,75050,44,78340,87000,r2yrpg:57 r2ymr:48 r2technical:23 r2ytechrr:16 r2wadighost:9 r2ymlr:8 htk:5 r2yzu:5 r2sahaab:4 r2hodeidah:2 r2mokha:1 sapc:1,230,76930,48,87000,78340,r2basij:132 r2toophan:57 r2karrar:14 r2fajr:7 r2mohajer:4 r2raad:4 dog:2 r2coast:2 r2dronecontrol:2 r2toufan:2 htk:1 r2ghadir:1 r2peykaap:1 sapc:1
rr.dustbowl.normal.saudi-russia.r2,dustbowl,normal,2,saudi,russia,1,2,complete,draw,,tick-cap,60001,40.0,102.0,1699460242,104,81370,29,63450,52730,r2sang:31 r2saat:22 r2m1a2s:16 r2caesar:7 r2sadiq:6 r2f15sa:4 r2falcon:3 r2riyadh:3 r2sads:3 lcrf:2 r2ah64sa:2 r2bradley:2 r2jubail:2 dog:1,67,29550,23,52030,63950,e2:21 shk:16 flakt:15 ttnk:6 htnk:5 htk:3 apoc:1
rr.dustbowl.normal.yemen-turkey.r2,dustbowl,normal,2,yemen,turkey,1,2,complete,win,yemen,conquest,16821,11.21,36.5,-2000920968,45,12250,18,25585,8000,r2ymr:20 r2yrpg:16 r2technical:3 r2ytechrr:3 dog:1 htk:1 r2ymlr:1,12,3675,9,8000,25585,r2trrifle:5 r2trat:4 dog:2 r2bozkir:1
rr.tournament-2a.normal.saudi-russia.r2,tournament-2A,normal,2,saudi,russia,1,2,complete,win,saudi,conquest,24177,16.12,40.6,-1635676838,24,14650,16,21600,8300,r2sang:10 r2saat:5 r2m1a2s:4 dog:1 r2bradley:1 r2caesar:1 r2f15sa:1 r2sads:1,12,4000,8,8300,21600,e2:6 shk:4 htk:1 htnk:1
rr.tournament-2a.normal.saudi-turkey.r2,tournament-2A,normal,2,saudi,turkey,1,2,complete,win,saudi,conquest,21582,14.39,36.0,-1579604838,38,24620,22,36705,11280,r2sang:16 r2saat:8 r2m1a2s:6 r2f15sa:2 r2sads:2 dog:1 r2ah64sa:1 r2bradley:1 r2caesar:1,21,8545,12,11280,36705,r2trrifle:9 r2bozkir:4 r2aras:3 r2trat:3 dog:2
rr.dustbowl.normal.israel-yemen.r2,dustbowl,normal,2,israel,yemen,1,2,complete,draw,,tick-cap,60001,40.0,90.5,-1573537006,95,84960,34,60100,56970,r2ilrifle:23 r2ilat:20 r2merkava:17 r2ilhowitzer:6 r2ilpatrol:5 r2ilfalcon:4 r2ilfrigate:4 r2ilgunship:4 r2ilrecon:3 r2ilshield:3 lcrf:2 r2iltender:2 dog:1 r2namer:1,78,27300,25,56970,62550,r2yrpg:29 r2ymr:22 r2technical:12 r2ytechrr:7 r2ymlr:3 r2yzu:3 htk:1 r2wadighost:1
rr.tournament-2a.normal.america-china.r2,tournament-2A,normal,2,america,china,1,2,complete,win,america,conquest,22773,15.18,37.0,-1231297270,51,23600,21,40190,7500,e1:25 mtnk:9 fv:7 jumpjet:5 cleg:1 dog:1 orca:1 shad:1 sref:1,23,11050,14,6900,39590,r2cnrifle:10 r2cnportable:4 r2qilin:4 r2cloud:2 r2lynx:1 r2phl:1 r2zbd:1
rr.tournament-2a.normal.iran-hezbollah.r2,tournament-2A,normal,2,iran,hezbollah,1,2,complete,win,hezbollah,conquest,16881,11.25,30.4,-1220968471,9,2290,6,7150,17260,r2basij:6 r2toophan:2 r2karrar:1,37,10950,13,17260,7150,r2hzrifle:17 r2hzat:9 r2hztechnical:5 htk:2 r2hzrecoilless:2 r2hzdrone:1 r2hzrockets:1
rr.dustbowl.normal.hezbollah-turkey.r2,dustbowl,normal,2,hezbollah,turkey,1,2,complete,win,hezbollah,conquest,29489,19.66,52.0,-914065934,65,21700,23,42145,13450,r2hzrifle:27 r2hzat:15 r2hztechnical:7 r2hzrecoilless:5 r2hzdrone:3 r2hzrockets:3 htk:2 r2hzescort:1 r2hzskiff:1 r2hzsurvey:1,21,9885,15,13450,42145,r2trrifle:7 r2trat:4 r2aras:3 r2bozkir:3 dog:2 r2gokkalkan:1 r2yildirim:1
rr.tournament-2a.normal.hezbollah-turkey.r2,tournament-2A,normal,2,hezbollah,turkey,1,2,complete,win,hezbollah,conquest,28641,19.09,48.0,-859719216,71,22300,21,39555,16300,r2hzrifle:28 r2hzat:20 r2hztechnical:11 r2hzrecoilless:4 r2hzdrone:3 htk:2 r2hzrockets:2 r2hzescort:1,24,10595,14,16000,39255,r2trrifle:9 r2trat:5 dog:3 r2bozkir:3 r2yildirim:2 r2aras:1 r2sancak:1
rr.dustbowl.normal.russia-iran.r2,dustbowl,normal,2,russia,iran,1,2,complete,win,russia,conquest,55781,37.19,132.5,-669060793,183,76100,33,95620,52500,e2:74 flakt:34 shk:30 htnk:15 ttnk:11 htk:9 hyd:3 apoc:2 sub:2 sapc:1 yuri:1 zep:1,130,42490,31,52500,97110,r2basij:76 r2toophan:31 r2karrar:11 htk:3 r2fajr:3 r2raad:3 r2coast:2 r2mohajer:1
rr.dustbowl.normal.turkey-china.r2,dustbowl,normal,2,turkey,china,1,2,complete,draw,,tick-cap,60001,40.0,139.1,-393758168,92,55630,44,54070,69175,r2trrifle:36 r2bozkir:19 r2trat:15 r2yildirim:6 r2greywolf:4 r2sahin:3 r2sancak:3 dog:1 lcrf:1 r2aras:1 r2ege:1 r2kuzgun:1 r2poyraz:1,162,35980,8,69175,54070,r2cnrifle:124 r2cnportable:34 dog:3 r2qilin:1
rr.tournament-2a.normal.saudi-yemen.r2,tournament-2A,normal,2,saudi,yemen,1,2,complete,win,yemen,conquest,26111,17.41,44.1,-375968255,13,5790,7,17200,26950,r2sang:7 r2m1a2s:2 r2saat:2 dog:1 r2bradley:1,66,21750,19,26950,17200,r2ymr:24 r2yrpg:19 r2technical:8 r2ytechrr:7 r2ymlr:3 r2yzu:3 dog:1 r2samad:1
rr.tournament-2a.normal.turkey-saudi.r2,tournament-2A,normal,2,turkey,saudi,1,2,complete,win,turkey,conquest,23570,15.71,42.0,66806350,58,27645,23,35360,15470,r2trrifle:29 r2bozkir:10 r2trat:9 r2yildirim:3 r2aras:2 r2sahin:2 dog:1 r2kuzgun:1 r2sancak:1,14,8200,11,15470,35360,r2sang:5 r2m1a2s:3 r2saat:3 dog:1 r2bradley:1 r2caesar:1
rr.dustbowl.normal.america-israel.r2,dustbowl,normal,2,america,israel,1,2,complete,win,israel,conquest,42398,28.27,90.2,486026065,31,12500,22,18310,49300,e1:16 fv:9 mtnk:3 dog:1 jumpjet:1 shad:1,38,33870,27,49300,18310,r2ilrifle:11 r2merkava:9 r2ilat:6 r2ilfalcon:2 r2ilhowitzer:2 r2ilrecon:2 dog:1 r2ilfrigate:1 r2ilgunship:1 r2ilpatrol:1 r2ilshield:1 r2namer:1
rr.dustbowl.normal.turkey-russia.r2,dustbowl,normal,2,turkey,russia,1,2,complete,win,turkey,conquest,22290,14.86,48.1,658710829,45,19260,18,22100,12390,r2trrifle:22 r2bozkir:9 r2trat:8 r2aras:2 dog:1 r2kuzgun:1 r2sancak:1 r2yildirim:1,11,3700,9,12390,22100,e2:5 shk:3 flakt:1 htk:1 htnk:1
rr.tournament-2a.normal.saudi-iran.r2,tournament-2A,normal,2,saudi,iran,1,2,complete,win,iran,conquest,37699,25.13,57.6,996655662,29,18890,16,31720,53450,r2saat:11 r2sang:7 r2m1a2s:5 dog:2 r2bradley:2 amcv:1 r2caesar:1,99,35810,26,53950,32220,r2basij:54 r2toophan:22 r2karrar:13 r2fajr:5 htk:3 r2dronecontrol:1 r2toufan:1
rr.dustbowl.normal.america-turkey.r2,dustbowl,normal,2,america,turkey,1,2,complete,win,turkey,conquest,50640,33.76,128.4,1142813354,60,36100,25,53905,89900,e1:22 fv:10 jumpjet:7 mtnk:5 shad:5 cleg:4 orca:2 sref:2 dog:1 mgtk:1 tany:1,156,90860,32,90850,54855,r2trrifle:62 r2trat:26 r2bozkir:23 r2yildirim:7 r2ege:6 r2gokkalkan:6 r2marmara:4 r2sancak:4 lcrf:3 r2poyraz:3 dog:2 r2aras:2 r2deniz:2 r2greywolf:2 r2kuzgun:2 r2sahin:2
rr.tournament-2a.normal.turkey-russia.r2,tournament-2A,normal,2,turkey,russia,1,2,complete,win,russia,conquest,52509,35.01,77.2,1389970427,61,24905,22,40100,61765,r2trrifle:31 r2trat:15 r2bozkir:8 r2yildirim:2 dog:1 r2aras:1 r2kuzgun:1 r2sahin:1 r2sancak:1,114,52400,34,61765,40100,e2:41 flakt:20 shk:18 htnk:9 htk:7 hyd:6 ttnk:5 apoc:2 sapc:2 sub:2 sqd:1 zep:1
rr.dustbowl.normal.iran-hezbollah.r2,dustbowl,normal,2,iran,hezbollah,1,2,complete,draw,,tick-cap,60001,40.0,122.9,1574926973,157,63630,41,59000,66370,r2basij:77 r2toophan:43 r2karrar:12 r2fajr:6 r2coast:3 r2ghadir:3 r2peykaap:3 r2raad:3 htk:2 r2azar:1 r2dronecontrol:1 r2loiter:1 r2toufan:1 sapc:1,107,46900,31,69170,62750,r2hzrifle:32 r2hzat:30 r2hztechnical:16 r2hzrecoilless:10 r2hzscout:8 r2hzrockets:4 r2hzdrone:3 r2hzescort:3 htk:1
rr.dustbowl.normal.russia-turkey.r2,dustbowl,normal,2,russia,turkey,1,2,complete,draw,,tick-cap,60001,40.0,108.9,-2132691196,88,35900,28,71510,65400,e2:36 shk:18 flakt:16 htnk:7 ttnk:6 htk:3 apoc:2,155,100420,30,60900,69210,r2trrifle:54 r2bozkir:27 r2trat:26 r2yildirim:8 r2ege:7 r2marmara:6 r2sancak:5 lcrf:4 r2aras:4 r2greywolf:4 r2kuzgun:3 r2poyraz:3 r2sahin:2 dog:1 r2deniz:1
rr.dustbowl.normal.turkey-iran.r2,dustbowl,normal,2,turkey,iran,1,2,complete,win,iran,conquest,49679,33.12,85.2,-1863774494,58,31365,30,54940,88425,r2trrifle:23 r2trat:13 r2bozkir:9 r2yildirim:5 r2kuzgun:3 r2sahin:2 r2sancak:2 dog:1,202,70170,40,88515,55030,r2basij:113 r2toophan:47 r2karrar:13 r2peykaap:4 r2raad:4 htk:3 r2coast:3 r2fajr:3 r2ghadir:3 dog:2 r2dronecontrol:2 sapc:2 r2azar:1 r2mohajer:1 r2toufan:1
rr.dustbowl.normal.saudi-iran.r2,dustbowl,normal,2,saudi,iran,1,2,complete,draw,,tick-cap,60001,40.0,89.0,-1489034348,43,33600,26,42560,69860,r2sang:15 r2saat:9 r2m1a2s:8 r2f15sa:4 r2caesar:3 r2ah64sa:2 dog:1 r2bradley:1,181,60550,38,70310,43810,r2basij:105 r2toophan:40 r2karrar:15 r2fajr:5 htk:3 dog:2 r2coast:2 r2peykaap:2 r2raad:2 r2azar:1 r2ghadir:1 r2loiter:1 r2mohajer:1 sapc:1
rr.tournament-2a.normal.iran-yemen.r2,tournament-2A,normal,2,iran,yemen,1,2,complete,win,iran,conquest,47114,31.41,68.8,-1041135684,174,65080,33,58050,50630,r2basij:92 r2toophan:39 r2karrar:11 r2fajr:8 r2dronecontrol:5 r2peykaap:4 r2coast:3 r2mohajer:3 dog:2 htk:2 r2ghadir:2 r2raad:2 sapc:1,85,27350,16,49370,59300,r2yrpg:30 r2ymr:27 r2technical:11 r2ytechrr:10 htk:4 r2ymlr:2 r2yzu:1
rr.tournament-2a.normal.russia-hezbollah.r2,tournament-2A,normal,2,russia,hezbollah,1,2,complete,win,hezbollah,conquest,38447,25.63,57.3,-1015120731,47,21000,13,34300,47300,e2:14 shk:11 flakt:9 htnk:7 htk:3 ttnk:3,177,65100,34,48800,35800,r2hzrifle:68 r2hzat:49 r2hzdrone:15 r2hzrecoilless:10 r2hztechnical:9 r2hzrockets:5 htk:4 r2hzspotter:4 r2hzmissileboat:3 r2hzescort:2 r2hzscout:2 r2hzskiff:2 r2hzsurvey:2 sapc:2
rr.tournament-2a.normal.america-iran.r2,tournament-2A,normal,2,america,iran,1,2,complete,draw,,tick-cap,60001,40.0,87.3,-601214790,105,59200,32,87580,82100,e1:50 mtnk:12 fv:8 mgtk:8 sref:7 jumpjet:6 cleg:4 orca:4 shad:3 tany:2 dog:1,125,45930,40,79100,84580,r2basij:67 r2toophan:28 r2karrar:13 htk:6 r2fajr:6 r2raad:4 r2toufan:1
rr.dustbowl.normal.iran-russia.r2,dustbowl,normal,2,iran,russia,1,2,complete,win,russia,conquest,50335,33.56,84.0,-442184308,101,34290,28,46300,88210,r2basij:56 r2toophan:24 r2karrar:9 r2fajr:3 dog:2 htk:2 r2raad:2 r2coast:1 r2dronecontrol:1 r2toufan:1,180,69150,30,87610,47900,e2:79 flakt:40 shk:25 htnk:7 hyd:7 ttnk:6 htk:5 apoc:3 sapc:2 sub:2 yuri:2 sqd:1 zep:1
rr.dustbowl.normal.yemen-saudi.r2,dustbowl,normal,2,yemen,saudi,1,2,complete,draw,,tick-cap,60001,40.0,100.7,-355187063,230,95850,35,130630,89950,r2ymr:73 r2yrpg:61 r2technical:24 r2ytechrr:18 r2hodeidah:9 r2sahaab:9 r2wadighost:8 htk:7 r2mokha:7 r2ymlr:7 r2yzu:3 sapc:3 r2samad:1,92,82570,48,89950,130630,r2sang:26 r2saat:21 r2m1a2s:15 r2f15sa:11 r2caesar:8 r2ah64sa:4 r2falcon:3 r2sads:2 dog:1 r2bradley:1
rr.dustbowl.normal.russia-israel.r2,dustbowl,normal,2,russia,israel,1,2,complete,draw,,tick-cap,60001,40.0,85.2,273443866,175,82850,33,93940,73700,e2:62 shk:33 flakt:28 hyd:15 ttnk:10 htk:9 htnk:7 zep:4 sapc:3 sqd:2 apoc:1 sub:1,97,75710,39,73600,96300,r2ilrifle:33 r2ilat:22 r2merkava:17 r2ilhowitzer:8 r2ilfalcon:5 r2ilshield:4 r2ilrecon:3 r2ilgunship:2 dog:1 r2ilpatrol:1 r2namer:1
rr.dustbowl.normal.iran-turkey.r2,dustbowl,normal,2,iran,turkey,1,2,complete,win,iran,conquest,17245,11.5,33.8,398488937,54,17780,17,25995,10260,r2basij:32 r2toophan:12 r2karrar:4 r2fajr:2 htk:1 r2dronecontrol:1 r2raad:1 r2toufan:1,15,6435,7,10260,25995,r2trrifle:7 r2sancak:3 r2bozkir:2 r2trat:2 dog:1
rr.tournament-2a.normal.turkey-china.r2,tournament-2A,normal,2,turkey,china,1,2,complete,win,china,conquest,30903,20.6,46.5,652145744,28,13355,17,15820,46615,r2trrifle:11 r2bozkir:6 r2trat:6 dog:1 r2aras:1 r2gokkalkan:1 r2sancak:1 r2yildirim:1,50,23600,22,46615,15820,r2cnrifle:25 r2cnportable:8 r2qilin:8 r2cloud:2 r2crane:2 r2phl:2 r2lynx:1 r2skyspear:1 r2zbd:1
rr.tournament-2a.normal.turkey-hezbollah.r2,tournament-2A,normal,2,turkey,hezbollah,1,2,complete,draw,,tick-cap,60001,40.0,80.0,739246014,47,25895,22,30650,66855,r2trrifle:19 r2trat:10 r2bozkir:8 r2sahin:2 r2sancak:2 r2yildirim:2 dog:1 r2aras:1 r2ege:1 r2marmara:1,353,105550,38,65855,29650,r2hzrifle:164 r2hzat:108 r2hzdrone:29 r2hztechnical:19 r2hzrecoilless:15 r2hzrockets:5 dog:4 r2hzspotter:4 r2hzescort:2 r2hzscout:2 htk:1
rr.dustbowl.normal.israel-iran.r2,dustbowl,normal,2,israel,iran,1,2,complete,win,iran,conquest,43694,29.13,67.7,1117052957,36,27800,26,37110,75560,r2ilat:10 r2ilrifle:10 r2merkava:6 r2ilhowitzer:4 dog:1 r2ilfalcon:1 r2ilgunship:1 r2ilrecon:1 r2ilshield:1 r2namer:1,159,60010,32,75560,37110,r2basij:84 r2toophan:35 r2karrar:13 r2fajr:4 r2peykaap:4 dog:3 htk:3 r2coast:3 r2ghadir:3 r2mohajer:3 sapc:2 r2azar:1 r2raad:1
rr.dustbowl.normal.israel-america.r2,dustbowl,normal,2,israel,america,1,2,complete,draw,,tick-cap,60001,40.0,91.8,1125026242,113,90360,29,87100,62020,r2ilrifle:28 r2ilat:24 r2merkava:14 r2ilpatrol:11 r2ilhowitzer:8 r2ilshield:6 lcrf:4 r2ilfrigate:4 r2ilgunship:3 r2ilrecon:3 dog:2 r2ilfalcon:2 r2iltender:2 r2ilobserver:1 r2namer:1,103,75300,41,62220,87300,e1:26 orca:18 fv:14 jumpjet:14 mtnk:8 sref:8 mgtk:5 tany:5 cleg:3 shad:2
rr.dustbowl.normal.america-iran.r2,dustbowl,normal,2,america,iran,1,2,complete,win,america,conquest,45164,30.11,68.4,1539255407,112,71800,31,42700,23400,e1:43 mtnk:16 fv:14 cleg:8 jumpjet:5 shad:4 sref:4 aegis:3 carrier:3 mgtk:3 dest:2 dog:2 orca:2 dlph:1 lcrf:1 tany:1,41,15330,17,23400,42700,r2basij:22 r2toophan:10 r2karrar:5 r2fajr:2 r2raad:2
rr.tournament-2a.normal.russia-iran.r2,tournament-2A,normal,2,russia,iran,1,2,complete,win,iran,conquest,28559,19.04,44.2,1795888556,36,11500,13,26520,36700,e2:17 shk:14 htnk:2 dog:1 flakt:1 htk:1,118,41630,27,37700,27520,r2basij:67 r2toophan:24 r2karrar:10 r2fajr:4 r2raad:3 htk:2 r2peykaap:2 dog:1 r2coast:1 r2ghadir:1 r2loiter:1 r2toufan:1 sapc:1
rr.dustbowl.normal.israel-hezbollah.r2,dustbowl,normal,2,israel,hezbollah,1,2,complete,win,hezbollah,conquest,57400,38.27,94.5,2044380567,69,47630,42,51250,116890,r2ilrifle:24 r2ilat:21 r2merkava:11 r2ilhowitzer:6 r2ilfalcon:3 dog:1 r2ilgunship:1 r2ilshield:1 r2namer:1,185,77400,39,117640,53500,r2hzrifle:63 r2hzat:50 r2hzrecoilless:16 r2hzdrone:15 r2hzrockets:7 r2hzscout:7 r2hztechnical:7 r2hzskiff:4 sapc:4 htk:3 r2hzmissileboat:3 dog:2 r2hzescort:2 r2hzsurvey:2
rr.dustbowl.normal.saudi-israel.r2,dustbowl,normal,2,saudi,israel,1,2,complete,draw,,tick-cap,60001,40.0,95.6,-2071987923,123,98340,29,109840,67520,r2sang:32 r2saat:23 r2m1a2s:21 r2sadiq:12 r2caesar:7 r2falcon:5 r2sads:5 lcrf:4 r2riyadh:4 r2ah64sa:3 r2bradley:2 r2f15sa:2 r2jubail:2 dog:1,84,74180,47,67520,109840,r2ilrifle:24 r2ilat:20 r2merkava:15 r2ilfalcon:9 r2ilhowitzer:7 r2ilshield:3 r2ilgunship:2 r2ilrecon:2 dog:1 r2namer:1
rr.dustbowl.normal.saudi-america.r2,dustbowl,normal,2,saudi,america,1,2,complete,draw,,tick-cap,60001,40.0,101.4,-2057072112,139,99030,35,102800,105690,r2sang:49 r2saat:32 r2m1a2s:25 r2sads:10 r2caesar:7 r2falcon:5 r2f15sa:4 r2ah64sa:3 dog:2 r2bradley:2,143,96800,46,105690,102800,e1:36 fv:28 jumpjet:25 orca:12 mtnk:11 shad:7 tany:7 cleg:5 mgtk:5 sref:4 aegis:2 carrier:1
rr.tournament-2a.normal.israel-china.r2,tournament-2A,normal,2,israel,china,1,2,complete,win,israel,conquest,29494,19.66,46.6,-1304245634,27,18000,20,29890,9500,r2ilrifle:10 r2ilat:5 r2merkava:4 dog:2 r2ilfalcon:1 r2ilgunship:1 r2ilhowitzer:1 r2ilpatrol:1 r2ilshield:1 r2namer:1,12,5700,10,9500,29890,r2cnrifle:5 r2cnportable:3 r2lynx:1 r2phl:1 r2qilin:1 r2zbd:1
rr.dustbowl.normal.america-yemen.r2,dustbowl,normal,2,america,yemen,1,2,complete,win,america,conquest,49155,32.77,84.7,-1114080746,171,104600,28,104050,57500,e1:75 mtnk:16 fv:15 jumpjet:12 sref:9 aegis:6 cleg:6 shad:6 carrier:5 mgtk:5 dest:4 orca:4 dlph:3 lcrf:3 dog:1 tany:1,137,49700,35,59900,108350,r2ymr:46 r2yrpg:44 r2technical:17 r2ytechrr:12 r2yzu:6 r2ymlr:5 r2wadighost:4 htk:3
rr.tournament-2a.normal.yemen-america.r2,tournament-2A,normal,2,yemen,america,1,2,complete,win,america,conquest,17808,11.87,31.6,-1041938227,32,9850,8,8200,29500,r2ymr:13 r2yrpg:7 r2technical:5 r2ytechrr:4 htk:2 r2yzu:1,49,24400,20,29500,8200,e1:24 mtnk:10 fv:4 jumpjet:4 cleg:2 sref:2 dog:1 orca:1 shad:1
rr.dustbowl.normal.america-hezbollah.r2,dustbowl,normal,2,america,hezbollah,1,2,complete,draw,,tick-cap,60001,40.0,100.4,-837911363,173,112200,30,85975,83400,e1:55 jumpjet:28 fv:22 mtnk:16 cleg:10 mgtk:10 sref:10 orca:9 shad:9 tany:3 dog:1,150,51575,48,85050,89475,r2hzrifle:57 r2hzat:37 r2hztechnical:18 r2hzrecoilless:13 r2hzrockets:8 htk:5 r2hzdrone:5 r2hzescort:3 dog:2 r2hzscout:1 r2hzspotter:1
rr.dustbowl.normal.russia-china.r2,dustbowl,normal,2,russia,china,1,2,complete,win,russia,conquest,34231,22.82,55.3,-721893440,68,34850,22,58360,15600,shk:20 e2:16 flakt:12 htk:6 ttnk:6 htnk:5 apoc:1 yuri:1 zep:1,40,17570,22,15600,58360,r2cnrifle:21 r2cnportable:8 r2qilin:4 r2phl:2 r2zbd:2 r2cloud:1 r2lynx:1 r2skyspear:1
rr.dustbowl.normal.china-russia.r2,dustbowl,normal,2,china,russia,1,2,complete,draw,,tick-cap,60001,40.0,94.0,-266028808,156,103270,30,74800,60460,r2cnrifle:51 r2cnportable:24 r2qilin:20 r2lynx:10 r2haiying:7 r2cloud:6 r2luyang:6 r2phl:6 r2jiaolong:5 r2redspear:5 r2zbd:4 r2crane:3 r2haiwang:2 r2kunlun:2 r2mantis:2 r2skyspear:2 r2cnnetwork:1,95,38400,26,60460,74800,e2:38 flakt:19 shk:18 htnk:8 ttnk:6 htk:4 apoc:2
rr.dustbowl.normal.turkey-israel.r2,dustbowl,normal,2,turkey,israel,1,2,complete,win,israel,conquest,40734,27.16,63.0,-171039691,42,23890,19,32160,62200,r2trrifle:18 r2bozkir:8 r2trat:7 r2sahin:2 r2yildirim:2 dog:1 r2aras:1 r2greywolf:1 r2sancak:1 r2turna:1,67,51730,29,62200,32160,r2ilrifle:24 r2ilat:13 r2merkava:11 r2ilfalcon:3 r2ilshield:3 r2ilfrigate:2 r2ilpatrol:2 r2ilrecon:2 r2namer:2 dog:1 lcrf:1 r2ilgunship:1 r2ilhowitzer:1 r2iltender:1
rr.dustbowl.normal.saudi-yemen.r2,dustbowl,normal,2,saudi,yemen,1,2,complete,win,yemen,conquest,37129,24.75,59.2,170542026,34,22380,24,25975,71940,r2sang:14 r2saat:8 r2m1a2s:4 r2caesar:3 r2f15sa:2 dog:1 r2ah64sa:1 r2bradley:1,196,63725,34,71940,25975,r2ymr:97 r2yrpg:67 r2hodeidah:16 r2yspot:7 r2sahaab:3 r2mokha:2 r2wadighost:2 sapc:2
rr.tournament-2a.normal.israel-hezbollah.r2,tournament-2A,normal,2,israel,hezbollah,1,2,complete,win,israel,conquest,49615,33.08,71.3,461331547,118,75480,32,69675,44270,r2ilrifle:49 r2ilat:27 r2merkava:19 r2ilhowitzer:5 r2ilshield:5 dog:3 r2namer:3 r2ilfalcon:2 r2ilgunship:2 r2ilrecon:2 r2ilobserver:1,81,33825,27,44270,69675,r2hzrifle:25 r2hzat:20 r2hztechnical:8 r2hzmissileboat:7 r2hzrecoilless:7 sapc:4 r2hzskiff:3 r2hzrockets:2 r2hzsurvey:2 dog:1 htk:1 r2hzspotter:1
rr.dustbowl.normal.yemen-israel.r2,dustbowl,normal,2,yemen,israel,1,2,complete,draw,,tick-cap,60001,40.0,84.0,674412445,168,57500,48,81420,86600,r2ymr:63 r2yrpg:46 r2technical:21 r2ytechrr:15 r2ymlr:7 htk:6 r2sahaab:3 r2wadighost:2 r2yzu:2 r2hodeidah:1 r2mokha:1 sapc:1,94,75690,43,86600,81420,r2ilrifle:32 r2ilat:19 r2merkava:14 r2ilfalcon:5 r2ilhowitzer:5 lcrf:3 r2ilgunship:3 r2ilrecon:3 r2namer:3 r2ilfrigate:2 r2ilpatrol:2 dog:1 r2ilshield:1 r2iltender:1
rr.tournament-2a.normal.saudi-israel.r2,tournament-2A,normal,2,saudi,israel,1,2,complete,win,israel,conquest,54504,36.34,76.7,759186028,34,23230,20,40860,65090,r2sang:14 r2saat:7 r2m1a2s:5 r2ah64sa:2 r2f15sa:2 dog:1 r2bradley:1 r2caesar:1 r2sads:1,68,58710,33,65090,40860,r2ilrifle:18 r2ilat:13 r2merkava:10 r2ilfalcon:4 r2ilhowitzer:4 r2ilpatrol:3 r2ilshield:3 dog:2 r2ilfrigate:2 r2ilgunship:2 r2ilrecon:2 r2iltender:2 lcrf:1 r2ilobserver:1 r2namer:1
rr.tournament-2a.normal.yemen-china.r2,tournament-2A,normal,2,yemen,china,1,2,complete,win,yemen,conquest,18435,12.29,31.5,1171174160,62,19900,15,37620,11700,r2yrpg:22 r2ymr:21 r2technical:8 r2ytechrr:5 r2ymlr:2 r2yzu:2 htk:1 r2samad:1,20,8280,14,11700,37620,r2cnrifle:9 r2cnportable:6 r2qilin:2 r2lynx:1 r2phl:1 r2zbd:1
rr.dustbowl.normal.hezbollah-russia.r2,dustbowl,normal,2,hezbollah,russia,1,2,complete,draw,,tick-cap,60001,40.0,87.5,1491690151,178,77750,50,69050,94150,r2hzrifle:56 r2hzat:42 r2hztechnical:25 r2hzrecoilless:12 r2hzscout:9 r2hzrockets:8 htk:7 r2hzdrone:7 r2hzmissileboat:5 r2hzskiff:3 sapc:2 r2hzescort:1 r2hzsurvey:1,227,83300,32,94150,69050,e2:111 flakt:51 shk:17 htk:10 htnk:10 ttnk:9 hyd:7 apoc:6 sub:3 sapc:2 zep:1
rr.tournament-2a.normal.israel-yemen.r2,tournament-2A,normal,2,israel,yemen,1,2,complete,win,israel,conquest,12199,8.13,23.2,1512673764,16,8260,11,11700,3350,r2ilrifle:8 r2ilat:3 r2merkava:2 dog:1 r2ilhowitzer:1 r2namer:1,2,450,5,3350,11700,r2ymr:1 r2yrpg:1
rr.tournament-2a.normal.russia-israel.r2,tournament-2A,normal,2,russia,israel,1,2,complete,win,russia,conquest,42449,28.3,60.4,1526287959,158,61550,30,94260,37900,e2:61 flakt:34 shk:31 htk:10 htnk:9 ttnk:8 yuri:2 apoc:1 hyd:1 zep:1,62,39900,34,37800,94160,r2ilrifle:20 r2ilat:19 r2merkava:9 r2ilhowitzer:5 r2ilshield:3 dog:2 r2namer:2 r2ilfalcon:1 r2ilpatrol:1
rr.tournament-2a.normal.america-turkey.r2,tournament-2A,normal,2,america,turkey,1,2,complete,win,america,conquest,19964,13.31,32.9,1745404174,51,23000,21,32705,10400,e1:26 mtnk:10 fv:6 jumpjet:4 orca:2 dog:1 shad:1 sref:1,19,7645,9,10400,32705,r2trrifle:9 r2trat:4 r2bozkir:2 r2sancak:2 dog:1 r2gokkalkan:1
rr.dustbowl.normal.israel-china.r2,dustbowl,normal,2,israel,china,1,2,complete,win,israel,conquest,46907,31.27,69.1,2076842155,75,56350,29,50610,26380,r2ilrifle:25 r2ilat:15 r2merkava:12 r2ilhowitzer:5 r2ilshield:4 dog:2 r2ilfalcon:2 r2ilfrigate:2 r2ilpatrol:2 r2namer:2 lcrf:1 r2ilgunship:1 r2ilrecon:1 r2iltender:1,29,15620,16,26380,50610,r2cnrifle:11 r2cnportable:6 r2qilin:5 r2cloud:2 r2phl:2 r2cnnetwork:1 r2lynx:1 r2skyspear:1
rr.tournament-2a.normal.israel-turkey.r2,tournament-2A,normal,2,israel,turkey,1,2,complete,win,turkey,conquest,29675,19.78,47.2,2135671158,17,9510,14,25995,42670,r2ilrifle:8 r2ilat:3 r2ilhowitzer:2 r2merkava:2 dog:1 r2namer:1,77,32145,27,42170,25495,r2trrifle:39 r2trat:17 r2bozkir:10 r2sancak:3 r2yildirim:3 dog:2 r2deniz:1 r2kuzgun:1 r2sahin:1
rr.tournament-2a.normal.turkey-america.r2,tournament-2A,normal,2,turkey,america,1,2,complete,win,turkey,conquest,38797,25.86,56.1,-1926597322,113,53830,26,63400,30605,r2trrifle:56 r2bozkir:19 r2trat:18 r2sancak:4 r2deniz:3 r2gokkalkan:3 r2yildirim:3 r2kuzgun:2 r2sahin:2 dog:1 r2greywolf:1 r2trdroneop:1,35,21900,23,30605,63400,e1:11 mtnk:7 fv:6 orca:3 cleg:2 jumpjet:2 mgtk:2 dog:1 sref:1
rr.tournament-2a.normal.russia-saudi.r2,tournament-2A,normal,2,russia,saudi,1,2,complete,win,saudi,conquest,11559,7.71,22.3,-1690584475,2,1000,4,4080,12500,shk:2,18,9360,10,12500,4080,r2sang:8 r2saat:4 r2m1a2s:3 dog:1 r2bradley:1 r2caesar:1
rr.tournament-2a.normal.china-israel.r2,tournament-2A,normal,2,china,israel,1,2,complete,draw,,tick-cap,60001,40.0,83.1,-1527007655,156,39470,15,66540,64700,r2cnrifle:106 r2cnportable:42 r2qilin:4 dog:2 r2lynx:1 r2zbd:1,53,39850,34,67700,69540,r2ilrifle:20 r2merkava:11 r2ilat:9 r2ilhowitzer:3 r2ilshield:3 r2ilfalcon:2 r2namer:2 dog:1 r2ilgunship:1 r2ilrecon:1
rr.dustbowl.normal.china-america.r2,dustbowl,normal,2,china,america,1,2,complete,win,america,conquest,53179,35.45,75.7,-1465760196,59,29990,31,39500,82980,r2cnrifle:27 r2cnportable:11 r2qilin:10 r2phl:5 r2cloud:3 r2mantis:1 r2skyspear:1 r2zbd:1,130,89100,29,82980,39500,e1:44 fv:13 jumpjet:13 mtnk:11 mgtk:9 shad:7 cleg:6 aegis:5 carrier:5 sref:5 dest:4 dlph:3 orca:2 dog:1 lcrf:1 tany:1
rr.tournament-2a.normal.yemen-hezbollah.r2,tournament-2A,normal,2,yemen,hezbollah,1,2,complete,draw,,tick-cap,60001,40.0,82.9,-1363700209,101,34150,33,68550,72550,r2ymr:35 r2yrpg:29 r2technical:18 r2ytechrr:9 r2ymlr:4 r2yzu:3 htk:2 r2wadighost:1,172,71550,43,72550,68550,r2hzrifle:57 r2hzat:43 r2hztechnical:24 r2hzrecoilless:13 r2hzrockets:8 r2hzscout:7 r2hzdrone:5 r2hzmissileboat:4 r2hzescort:3 r2hzskiff:2 r2hzsurvey:2 sapc:2 dog:1 htk:1
rr.tournament-2a.normal.china-hezbollah.r2,tournament-2A,normal,2,china,hezbollah,1,2,complete,win,hezbollah,conquest,34962,23.31,51.8,-709953512,40,17960,26,26750,63550,r2cnrifle:18 r2cnportable:10 r2qilin:6 r2cloud:2 r2phl:2 r2zbd:2,108,40900,30,63550,26750,r2hzrifle:35 r2hzat:28 r2hztechnical:16 r2hzrecoilless:6 r2hzdrone:5 r2hzescort:3 r2hzskiff:3 r2hzrockets:2 r2hzscout:2 r2hzspotter:2 r2hzsurvey:2 sapc:2 htk:1 r2hzmissileboat:1
rr.tournament-2a.normal.yemen-iran.r2,tournament-2A,normal,2,yemen,iran,1,2,complete,win,yemen,conquest,32358,21.57,49.2,-696374364,82,27600,24,35850,20900,r2ymr:33 r2yrpg:19 r2technical:12 r2ytechrr:10 r2ymlr:3 r2yzu:3 htk:1 r2wadighost:1,31,10980,12,20900,35850,r2basij:17 r2toophan:8 r2karrar:3 r2raad:2 r2fajr:1
rr.dustbowl.normal.russia-yemen.r2,dustbowl,normal,2,russia,yemen,1,2,complete,win,russia,conquest,37746,25.16,59.5,-536290630,176,64250,29,61000,28650,e2:77 flakt:41 shk:27 htnk:6 htk:5 hyd:5 ttnk:5 apoc:3 ivan:2 sqd:2 sapc:1 sub:1 zep:1,67,24600,20,28100,62550,r2yrpg:23 r2ymr:20 r2ytechrr:10 r2ymlr:5 r2yzu:5 r2technical:3 htk:1
rr.tournament-2a.normal.china-iran.r2,tournament-2A,normal,2,china,iran,1,2,complete,win,iran,conquest,33803,22.54,50.4,-200592905,38,18590,18,36080,54280,r2cnrifle:12 r2cnportable:9 r2qilin:8 dog:2 r2phl:2 r2cloud:1 r2cnnetwork:1 r2lynx:1 r2mantis:1 r2zbd:1,146,45420,26,54370,36170,r2basij:88 r2toophan:37 r2karrar:9 r2coast:3 r2raad:3 r2fajr:2 dog:1 htk:1 r2mohajer:1 r2toufan:1
rr.tournament-2a.normal.america-saudi.r2,tournament-2A,normal,2,america,saudi,1,2,complete,win,saudi,conquest,56674,37.78,77.6,-187635428,84,47500,31,47150,95750,e1:37 mtnk:16 fv:8 orca:7 jumpjet:3 aegis:2 cleg:2 dest:2 lcrf:2 shad:2 carrier:1 dlph:1 dog:1,102,65340,29,97650,49050,r2sang:42 r2saat:21 r2m1a2s:18 r2sads:6 r2caesar:5 r2bradley:3 r2f15sa:2 r2falcon:2 dog:1 r2ah64sa:1 r2sajtac:1
rr.tournament-2a.normal.hezbollah-iran.r2,tournament-2A,normal,2,hezbollah,iran,1,2,complete,win,iran,conquest,33495,22.33,49.9,62918716,51,15250,17,25730,46000,r2hzrifle:22 r2hzat:12 r2hztechnical:9 r2hzrecoilless:5 htk:1 r2hzescort:1 r2hzrockets:1,87,32170,24,43500,24360,r2basij:48 r2toophan:19 r2karrar:10 r2fajr:3 r2raad:2 htk:1 r2coast:1 r2loiter:1 r2mohajer:1 r2toufan:1
rr.dustbowl.normal.turkey-america.r2,dustbowl,normal,2,turkey,america,1,2,complete,draw,,tick-cap,60001,40.0,84.8,302344638,130,89155,29,83500,62510,r2trrifle:41 r2bozkir:23 r2trat:22 r2yildirim:8 r2ege:6 r2greywolf:5 r2marmara:4 lcrf:3 r2aras:3 r2gokkalkan:3 r2poyraz:3 r2kuzgun:2 r2sahin:2 r2sancak:2 dog:1 r2deniz:1 r2turna:1,107,84100,39,62510,83500,jumpjet:25 orca:19 fv:15 e1:14 mtnk:10 shad:9 cleg:5 sref:5 mgtk:4 tany:1
rr.tournament-2a.normal.russia-turkey.r2,tournament-2A,normal,2,russia,turkey,1,2,complete,win,russia,conquest,52555,35.04,74.9,561441442,124,52700,34,108110,48350,e2:47 shk:32 flakt:18 htnk:10 ttnk:7 htk:5 apoc:2 ivan:2 zep:1,76,40500,34,48250,108010,r2trrifle:30 r2trat:15 r2bozkir:13 r2kuzgun:5 r2yildirim:4 dog:3 r2sahin:2 r2sancak:2 r2aras:1 r2greywolf:1
rr.tournament-2a.normal.saudi-china.r2,tournament-2A,normal,2,saudi,china,1,2,complete,win,saudi,conquest,12005,8.0,23.6,588984046,19,10140,11,12960,4200,r2sang:7 r2saat:6 r2m1a2s:3 dog:1 r2bradley:1 r2caesar:1,2,570,4,4200,12960,r2cnportable:1 r2cnrifle:1
rr.tournament-2a.normal.saudi-hezbollah.r2,tournament-2A,normal,2,saudi,hezbollah,1,2,complete,win,saudi,conquest,51866,34.58,72.1,823316900,91,59000,28,60600,45390,r2sang:35 r2saat:20 r2m1a2s:19 r2sads:6 r2bradley:4 r2caesar:2 r2f15sa:2 dog:1 r2ah64sa:1 r2falcon:1,73,20800,24,44340,59550,r2hzrifle:28 r2hzat:27 r2hztechnical:9 r2hzrecoilless:6 dog:1 htk:1 r2hzrockets:1
rr.tournament-2a.normal.israel-iran.r2,tournament-2A,normal,2,israel,iran,1,2,complete,win,israel,conquest,32407,21.6,47.7,1151282408,42,28950,26,37120,13760,r2ilrifle:20 r2merkava:8 r2ilat:6 r2ilfalcon:2 dog:1 r2ilgunship:1 r2ilhowitzer:1 r2ilrecon:1 r2ilshield:1 r2namer:1,37,12900,13,14760,38120,r2basij:20 r2toophan:10 r2karrar:3 r2raad:2 r2fajr:1 r2peykaap:1
rr.dustbowl.normal.saudi-turkey.r2,dustbowl,normal,2,saudi,turkey,1,2,complete,win,turkey,conquest,52708,35.14,75.3,1310182857,66,59180,36,56960,123040,r2sang:19 r2saat:15 r2f15sa:8 r2m1a2s:8 r2caesar:5 r2ah64sa:4 r2falcon:3 r2sadiq:2 dog:1 r2bradley:1,179,87520,27,123990,57910,r2trrifle:84 r2trat:33 r2bozkir:31 r2yildirim:9 r2gokkalkan:5 dog:3 r2greywolf:3 r2kuzgun:3 r2aras:2 r2sahin:2 r2deniz:1 r2sancak:1 r2trdroneop:1 r2turna:1
rr.dustbowl.normal.hezbollah-saudi.r2,dustbowl,normal,2,hezbollah,saudi,1,2,complete,win,hezbollah,conquest,35718,23.81,56.2,1546952726,108,36950,27,55140,25500,r2hzrifle:42 r2hzat:30 r2hztechnical:14 r2hzrecoilless:9 r2hzdrone:5 r2hzrockets:3 htk:2 r2hzscout:2 r2hzescort:1,32,21480,19,25500,55140,r2sang:9 r2saat:8 r2m1a2s:6 dog:3 r2caesar:2 r2ah64sa:1 r2bradley:1 r2f15sa:1 r2sads:1
rr.tournament-2a.normal.iran-israel.r2,tournament-2A,normal,2,iran,israel,1,2,complete,draw,,tick-cap,60001,40.0,82.1,1628339382,99,39970,27,51170,46570,r2basij:53 r2toophan:17 r2karrar:9 r2peykaap:6 r2raad:4 r2fajr:3 r2ghadir:3 r2coast:1 r2loiter:1 r2toufan:1 sapc:1,41,32600,28,43350,50510,r2ilrifle:10 r2ilat:9 r2merkava:5 r2ilhowitzer:3 r2ilshield:3 r2namer:3 dog:2 r2ilfalcon:2 r2ilobserver:2 r2ilgunship:1 r2ilrecon:1
rr.tournament-2a.normal.hezbollah-china.r2,tournament-2A,normal,2,hezbollah,china,1,2,complete,win,hezbollah,conquest,13996,9.33,25.6,2066505992,35,11450,13,17210,4850,r2hzrifle:14 r2hzat:10 r2hzrecoilless:3 r2hztechnical:3 htk:2 r2hzrockets:2 r2hzdrone:1,4,1820,5,4850,17210,r2cnportable:2 r2cnrifle:1 r2zbd:1
rr.tournament-2a.normal.china-yemen.r2,tournament-2A,normal,2,china,yemen,1,2,complete,win,yemen,conquest,8072,5.38,18.1,2108140491,3,740,5,950,15530,r2cnrifle:2 r2cnportable:1,16,4700,6,15530,950,r2ymr:6 r2yrpg:6 r2ytechrr:2 htk:1 r2technical:1
rr.tournament-2a.normal.america-yemen.r2,tournament-2A,normal,2,america,yemen,1,2,complete,win,america,conquest,18964,12.64,31.0,-2006248215,57,23400,19,25900,16400,e1:33 mtnk:12 fv:5 jumpjet:3 aegis:1 dog:1 orca:1 shad:1,25,7800,8,16400,25900,r2ymr:10 r2yrpg:7 r2technical:4 r2ytechrr:2 r2ymlr:1 r2yzu:1
rr.dustbowl.normal.hezbollah-america.r2,dustbowl,normal,2,hezbollah,america,1,2,complete,win,america,conquest,25488,16.99,41.1,-1973744941,33,10500,15,11300,38150,r2hzrifle:13 r2hzat:12 r2hzrecoilless:3 r2hzdrone:2 r2hzescort:1 r2hzrockets:1 r2hztechnical:1,48,24600,20,38150,11300,e1:23 mtnk:8 fv:6 jumpjet:3 cleg:2 orca:2 sref:2 dog:1 shad:1
rr.dustbowl.normal.china-turkey.r2,dustbowl,normal,2,china,turkey,1,2,complete,win,turkey,conquest,28604,19.07,46.3,-1842260921,21,9560,11,12745,38150,r2cnrifle:8 r2cnportable:5 r2qilin:5 r2lynx:2 r2phl:1,49,24610,21,38150,12745,r2trrifle:22 r2bozkir:10 r2trat:8 r2aras:2 r2sahin:2 r2sancak:2 dog:1 r2kuzgun:1 r2yildirim:1
rr.dustbowl.normal.hezbollah-china.r2,dustbowl,normal,2,hezbollah,china,1,2,complete,draw,,tick-cap,60001,40.0,86.7,-1694982610,167,61800,39,89390,66750,r2hzrifle:55 r2hzat:47 r2hztechnical:22 r2hzrecoilless:11 r2hzdrone:9 r2hzrockets:6 r2hzescort:4 htk:3 r2hzmissileboat:2 r2hzscout:2 r2hzskiff:2 r2hzsurvey:2 dog:1 sapc:1,94,58740,48,66750,89390,r2cnrifle:32 r2cnportable:20 r2qilin:18 r2phl:8 r2cloud:5 r2redspear:4 r2skyspear:3 r2lynx:2 r2mantis:1 r2zbd:1
rr.dustbowl.normal.america-saudi.r2,dustbowl,normal,2,america,saudi,1,2,complete,draw,,tick-cap,60001,40.0,84.2,-1561203200,102,60500,36,71110,83400,e1:40 mtnk:15 fv:13 jumpjet:9 orca:8 sref:5 cleg:4 shad:4 mgtk:2 dog:1 tany:1,113,89120,38,83400,71110,r2sang:36 r2saat:20 r2m1a2s:18 r2sads:6 r2f15sa:5 r2sadiq:5 r2ah64sa:4 r2caesar:4 lcrf:3 r2falcon:3 r2riyadh:3 dog:2 r2bradley:2 r2jubail:2
rr.tournament-2a.normal.israel-saudi.r2,tournament-2A,normal,2,israel,saudi,1,2,complete,win,saudi,conquest,37324,24.88,54.3,-1379335626,21,15310,17,22610,52470,r2ilrifle:8 r2ilat:4 r2merkava:4 r2namer:2 amcv:1 dog:1 r2ilhowitzer:1,80,50900,27,53520,23660,r2sang:30 r2saat:21 r2m1a2s:13 r2caesar:4 dog:2 r2ah64sa:2 r2bradley:2 r2f15sa:2 r2sads:2 r2falcon:1 r2sajtac:1
rr.dustbowl.normal.iran-israel.r2,dustbowl,normal,2,iran,israel,1,2,complete,draw,,tick-cap,60001,40.0,92.2,-836537399,272,95220,33,120070,67630,r2basij:153 r2toophan:63 r2karrar:16 r2peykaap:9 r2coast:6 r2ghadir:6 r2raad:4 htk:3 r2fajr:3 sapc:3 dog:2 r2azar:1 r2loiter:1 r2mohajer:1 r2toufan:1,62,49210,40,67830,120270,r2ilrifle:18 r2ilat:16 r2merkava:13 r2ilhowitzer:4 r2ilshield:3 r2ilfalcon:2 r2ilgunship:2 r2ilrecon:2 dog:1 r2namer:1
rr.dustbowl.normal.russia-hezbollah.r2,dustbowl,normal,2,russia,hezbollah,1,2,complete,draw,,tick-cap,60001,40.0,93.9,-827423081,175,66950,38,76900,70750,e2:58 flakt:52 shk:28 htk:14 ttnk:11 htnk:8 dog:2 apoc:1 zep:1,230,98600,35,70750,76900,r2hzrifle:80 r2hzat:57 r2hztechnical:24 r2hzrecoilless:13 r2hzdrone:12 r2hzscout:11 r2hzmissileboat:8 r2hzrockets:7 r2hzspotter:4 sapc:4 htk:3 r2hzskiff:3 r2hzescort:2 r2hzsurvey:2
rr.tournament-2a.normal.china-turkey.r2,tournament-2A,normal,2,china,turkey,1,2,complete,win,turkey,conquest,22862,15.24,36.7,-718635697,25,11730,15,16990,43870,r2cnrifle:9 r2cnportable:5 r2qilin:5 dog:1 r2cloud:1 r2cnnetwork:1 r2lynx:1 r2phl:1 r2zbd:1,57,26385,21,43870,16990,r2trrifle:27 r2trat:10 r2bozkir:8 r2kuzgun:3 r2sancak:2 dog:1 r2aras:1 r2deniz:1 r2gokkalkan:1 r2sahin:1 r2trdroneop:1 r2yildirim:1
rr.dustbowl.normal.china-iran.r2,dustbowl,normal,2,china,iran,1,2,complete,win,china,conquest,39793,26.53,62.6,-351211591,148,71550,27,63950,42420,r2cnrifle:65 r2cnportable:29 r2qilin:24 r2cloud:6 r2lynx:6 r2phl:5 r2mantis:4 r2crane:2 r2redspear:2 r2skyspear:2 dog:1 r2cnnetwork:1 r2zbd:1,77,21460,25,39950,64280,r2basij:49 r2toophan:21 r2karrar:3 r2fajr:2 r2raad:1 r2toufan:1
rr.tournament-2a.normal.iran-saudi.r2,tournament-2A,normal,2,iran,saudi,1,2,complete,win,iran,conquest,13736,9.16,25.0,87506397,32,10570,11,13860,4990,r2basij:18 r2toophan:8 r2karrar:3 htk:1 r2fajr:1 r2raad:1,2,700,4,4990,13860,dog:1 r2saat:1
rr.tournament-2a.normal.yemen-turkey.r2,tournament-2A,normal,2,yemen,turkey,1,2,complete,win,turkey,conquest,24645,16.43,39.1,112161696,13,3450,5,10250,17150,r2ymr:6 r2yrpg:4 r2technical:2 r2ytechrr:1,24,11600,18,17150,10250,r2trrifle:10 r2trat:5 r2bozkir:4 r2yildirim:2 dog:1 r2kuzgun:1 r2sancak:1
rr.dustbowl.normal.yemen-russia.r2,dustbowl,normal,2,yemen,russia,1,2,complete,draw,,tick-cap,60001,40.0,89.4,274461186,209,89700,37,63150,96900,r2yrpg:74 r2ymr:59 r2ytechrr:21 r2wadighost:10 r2ymlr:8 r2yzu:8 r2technical:7 r2hodeidah:5 r2sahaab:5 htk:4 r2mokha:4 r2samad:2 sapc:2,176,66550,39,97600,64450,e2:66 flakt:46 shk:33 htk:10 ttnk:8 htnk:6 apoc:3 dog:2 zep:2
rr.dustbowl.normal.china-saudi.r2,dustbowl,normal,2,china,saudi,1,2,complete,draw,,tick-cap,60001,40.0,90.3,336655297,139,94590,31,92020,59970,r2cnrifle:47 r2qilin:21 r2cnportable:18 r2phl:8 r2haiying:7 r2jiaolong:5 r2luyang:5 r2cloud:4 r2lynx:4 r2redspear:4 r2crane:3 r2mantis:3 r2haiwang:2 r2kunlun:2 r2skyspear:2 r2zbd:2 dog:1 r2cnnetwork:1,72,60420,40,59970,92020,r2saat:24 r2sang:16 r2m1a2s:9 r2caesar:7 r2ah64sa:6 r2f15sa:5 r2sads:2 dog:1 r2bradley:1 r2falcon:1
rr.tournament-2a.normal.china-russia.r2,tournament-2A,normal,2,china,russia,1,2,complete,win,russia,conquest,23640,15.76,38.0,502172392,24,11300,12,9400,39590,r2cnrifle:10 r2cnportable:5 r2qilin:5 r2cloud:2 r2lynx:1 r2phl:1,49,20500,16,39590,9400,e2:19 shk:11 flakt:7 htnk:5 htk:3 ttnk:2 ivan:1 zep:1
rr.dustbowl.normal.china-hezbollah.r2,dustbowl,normal,2,china,hezbollah,1,2,complete,win,hezbollah,conquest,58751,39.17,82.9,884704056,93,51340,47,69400,135080,r2cnrifle:37 r2qilin:18 r2cnportable:17 r2phl:7 r2cloud:3 r2lynx:3 r2crane:2 r2skyspear:2 r2zbd:2 r2mantis:1 r2redspear:1,283,106150,36,135030,69700,r2hzrifle:119 r2hzat:81 r2hztechnical:19 r2hzmissileboat:14 r2hzrecoilless:10 r2hzscout:8 r2hzdrone:7 sapc:7 r2hzrockets:6 htk:4 r2hzskiff:3 dog:2 r2hzsurvey:2 r2hzescort:1
rr.tournament-2a.normal.china-america.r2,tournament-2A,normal,2,china,america,1,2,complete,win,america,conquest,21242,14.16,34.5,1170277067,16,5660,10,14300,29750,r2cnrifle:8 r2cnportable:4 r2qilin:3 r2lynx:1,53,23400,18,30450,15000,e1:30 mtnk:10 fv:6 jumpjet:2 orca:2 aegis:1 dest:1 shad:1
rr.tournament-2a.normal.saudi-america.r2,tournament-2A,normal,2,saudi,america,1,2,complete,win,america,conquest,23817,15.88,36.7,1239459057,17,8940,17,16000,41500,r2sang:7 r2saat:4 r2m1a2s:3 dog:1 r2bradley:1 r2sads:1,60,29000,24,41500,16000,e1:32 mtnk:8 fv:6 shad:3 cleg:2 dog:2 jumpjet:2 orca:2 sref:2 tany:1
rr.dustbowl.normal.israel-turkey.r2,dustbowl,normal,2,israel,turkey,1,2,complete,win,turkey,conquest,30821,20.55,50.9,1515488850,28,19400,17,23435,55760,r2ilrifle:10 r2ilat:7 r2merkava:4 r2ilhowitzer:2 dog:1 r2ilfalcon:1 r2ilgunship:1 r2ilshield:1 r2namer:1,63,33270,27,56710,24385,r2trrifle:24 r2trat:14 r2bozkir:9 r2gokkalkan:3 r2yildirim:3 r2ege:2 r2poyraz:2 dog:1 lcrf:1 r2deniz:1 r2kuzgun:1 r2sahin:1 r2sancak:1
rr.tournament-2a.normal.china-saudi.r2,tournament-2A,normal,2,china,saudi,1,2,complete,win,saudi,conquest,18360,12.24,31.1,1609113797,12,4220,10,8710,28060,r2cnrifle:6 r2cnportable:3 r2qilin:2 r2lynx:1,38,19840,17,28060,8710,r2sang:17 r2saat:8 r2m1a2s:7 dog:2 r2bradley:2 r2caesar:1 r2sads:1
rr.dustbowl.normal.israel-russia.r2,dustbowl,normal,2,israel,russia,1,2,complete,draw,,tick-cap,60001,40.0,97.4,1714374679,120,100140,30,79750,97820,r2ilrifle:32 r2ilat:26 r2merkava:17 r2ilpatrol:8 r2ilfalcon:6 r2ilshield:6 r2ilhowitzer:5 lcrf:4 r2ilfrigate:4 r2ilgunship:4 r2ilrecon:3 r2namer:2 dog:1 r2ilobserver:1 r2iltender:1,251,83300,36,97820,79750,e2:121 flakt:63 shk:25 htnk:13 htk:11 ttnk:11 apoc:4 dog:2 zep:1
rr.dustbowl.normal.yemen-america.r2,dustbowl,normal,2,yemen,america,1,2,complete,win,america,conquest,38077,25.38,64.3,1921909632,72,23500,20,31100,56250,r2ymr:25 r2yrpg:22 r2technical:11 r2ytechrr:7 r2ymlr:3 htk:2 r2yzu:2,99,60100,26,56250,31100,e1:37 mtnk:19 fv:11 jumpjet:8 cleg:6 sref:5 orca:4 mgtk:3 shad:3 tany:2 dog:1
rr.dustbowl.normal.iran-saudi.r2,dustbowl,normal,2,iran,saudi,1,2,complete,win,iran,conquest,36495,24.33,59.1,2023789784,99,34070,24,39540,24760,r2basij:58 r2toophan:21 r2karrar:8 r2coast:3 r2fajr:3 r2raad:3 htk:2 dog:1,15,10780,12,24760,39540,r2m1a2s:4 r2sang:4 r2saat:3 dog:1 r2ah64sa:1 r2bradley:1 r2caesar:1
rr.tournament-2a.normal.turkey-iran.r2,tournament-2A,normal,2,turkey,iran,1,2,complete,win,iran,conquest,37345,24.9,53.8,-1729762830,55,23395,25,37810,71755,r2trrifle:29 r2bozkir:9 r2trat:8 r2aras:3 r2yildirim:3 dog:1 r2kuzgun:1 r2sancak:1,162,51940,37,72755,38810,r2basij:96 r2toophan:39 r2karrar:8 r2fajr:4 htk:3 r2coast:2 r2dronecontrol:2 r2peykaap:2 dog:1 r2azar:1 r2ghadir:1 r2raad:1 r2toufan:1 sapc:1
rr.dustbowl.normal.russia-saudi.r2,dustbowl,normal,2,russia,saudi,1,2,complete,win,saudi,conquest,18227,12.15,32.9,-1680050947,3,1500,5,4770,14200,shk:3,21,12360,14,14200,4770,r2sang:8 r2m1a2s:4 r2saat:4 r2bradley:2 dog:1 r2caesar:1 r2sads:1
rr.dustbowl.normal.israel-saudi.r2,dustbowl,normal,2,israel,saudi,1,2,complete,win,saudi,conquest,46574,31.05,66.9,-1607064553,45,34120,27,37900,86080,r2ilrifle:16 r2ilat:10 r2merkava:9 r2ilfalcon:3 r2ilhowitzer:3 dog:1 r2ilgunship:1 r2ilshield:1 r2namer:1,91,67370,30,86080,37900,r2sang:31 r2saat:17 r2m1a2s:12 r2caesar:5 r2sads:5 r2sadiq:4 r2f15sa:3 r2riyadh:3 lcrf:2 r2ah64sa:2 r2bradley:2 r2jubail:2 dog:1 r2falcon:1 r2sajtac:1
rr.dustbowl.normal.china-yemen.r2,dustbowl,normal,2,china,yemen,1,2,complete,win,yemen,conquest,33880,22.59,52.0,-1350502399,40,19150,19,27600,60140,r2cnrifle:15 r2cnportable:11 r2qilin:7 r2cloud:2 r2phl:2 r2zbd:2 r2lynx:1,101,42550,26,60140,27600,r2ymr:30 r2yrpg:26 r2technical:11 r2ytechrr:10 r2hodeidah:6 r2ymlr:6 htk:3 r2mokha:2 r2sahaab:2 r2yzu:2 r2samad:1 r2wadighost:1 sapc:1
rr.tournament-2a.normal.america-hezbollah.r2,tournament-2A,normal,2,america,hezbollah,1,2,complete,win,hezbollah,conquest,27007,18.0,42.3,-1191160523,30,10500,20,22800,45800,e1:21 mtnk:5 fv:3 shad:1,102,32750,28,45800,22800,r2hzrifle:41 r2hzat:28 r2hztechnical:12 r2hzrecoilless:8 r2hzdrone:5 r2hzrockets:4 r2hzescort:2 dog:1 htk:1
rr.dustbowl.normal.iran-china.r2,dustbowl,normal,2,iran,china,1,2,complete,draw,,tick-cap,60001,40.0,92.9,-937144314,310,122710,38,128540,85450,r2basij:159 r2toophan:69 r2peykaap:16 r2karrar:14 r2ghadir:12 r2coast:7 r2fajr:7 htk:6 sapc:6 r2mohajer:4 dog:3 r2raad:3 r2toufan:2 r2azar:1 r2loiter:1,127,72200,47,85450,128540,r2cnrifle:45 r2cnportable:29 r2qilin:27 r2phl:8 r2lynx:4 r2redspear:4 r2cloud:3 r2skyspear:3 r2mantis:2 r2crane:1 r2zbd:1
rr.tournament-2a.normal.yemen-israel.r2,tournament-2A,normal,2,yemen,israel,1,2,complete,win,israel,conquest,10765,7.18,21.3,-830976147,2,450,4,2540,12350,r2ymr:1 r2yrpg:1,18,8980,10,12350,2540,r2ilrifle:9 r2ilat:4 r2merkava:2 dog:1 r2ilhowitzer:1 r2namer:1
rr.dustbowl.normal.turkey-saudi.r2,dustbowl,normal,2,turkey,saudi,1,2,complete,draw,,tick-cap,60001,40.0,83.2,-767591615,147,96250,33,98570,84140,r2trrifle:50 r2trat:27 r2bozkir:23 r2yildirim:8 r2ege:7 r2poyraz:6 r2sahin:6 r2gokkalkan:4 r2greywolf:4 r2kuzgun:4 lcrf:2 r2marmara:2 r2sancak:2 dog:1 r2turna:1,86,80360,45,84140,98570,r2sang:23 r2saat:19 r2m1a2s:13 r2f15sa:10 r2caesar:7 r2ah64sa:6 r2falcon:4 r2sads:2 dog:1 r2sadiq:1
rr.tournament-2a.normal.hezbollah-yemen.r2,tournament-2A,normal,2,hezbollah,yemen,1,2,complete,draw,,tick-cap,60001,40.0,81.4,-615762160,109,36050,33,67200,73900,r2hzrifle:43 r2hzat:29 r2hztechnical:16 r2hzrecoilless:9 r2hzrockets:4 r2hzdrone:3 htk:2 r2hzescort:2 r2hzscout:1,137,51950,39,73900,67200,r2yrpg:51 r2ymr:32 r2ytechrr:21 r2technical:10 r2ymlr:7 htk:6 r2yzu:4 dog:3 r2wadighost:2 r2samad:1
