match,map,bot,replicate,faction_0,faction_1,spawn_0,spawn_1,status,result,winner,end_reason,end_tick,game_minutes,wall_seconds,engine_seed,units_0,unit_value_0,structures_0,destroyed_0,lost_0,production_0,units_1,unit_value_1,structures_1,destroyed_1,lost_1,production_1
rr.tournament-2a.normal.yemen-russia.r0,tournament-2A,normal,0,yemen,russia,1,2,complete,win,yemen,conquest,24727,16.48,39.3,-1410243978,77,24750,22,36000,16100,r2ymr:29 r2yrpg:22 r2technical:10 r2ytechrr:8 htk:4 r2ymlr:3 r2samad:1,23,9700,15,16100,36000,e2:8 shk:8 htnk:4 htk:2 flakt:1
rr.tournament-2a.normal.yemen-america.r0,tournament-2A,normal,0,yemen,america,1,2,complete,win,america,conquest,22851,15.23,36.4,-1414701540,39,12000,16,20100,42250,r2yrpg:16 r2ymr:13 r2technical:4 r2ytechrr:3 htk:1 r2ymlr:1 r2yzu:1,61,32700,23,42250,20100,e1:28 mtnk:11 fv:5 jumpjet:5 orca:3 shad:3 sref:3 cleg:2 dog:1
rr.dustbowl.normal.russia-israel.r0,dustbowl,normal,0,russia,israel,1,2,complete,win,russia,conquest,48645,32.43,77.0,-1419911216,205,71350,29,118260,44550,e2:99 flakt:45 shk:22 htk:11 htnk:11 ttnk:6 apoc:5 dog:2 ivan:2 zep:2,75,46000,46,44550,118260,r2ilrifle:30 r2ilat:24 r2merkava:8 r2ilhowitzer:5 r2ilfalcon:2 r2ilgunship:2 r2ilshield:2 dog:1 r2namer:1
rr.tournament-2a.normal.saudi-america.r0,tournament-2A,normal,0,saudi,america,1,2,complete,win,saudi,conquest,51932,34.62,71.2,-1050063551,86,54650,34,76700,42870,r2sang:30 r2saat:24 r2m1a2s:17 r2sads:5 dog:2 r2ah64sa:2 r2bradley:2 r2caesar:2 r2f15sa:1 r2falcon:1,125,36100,18,42870,76700,e1:101 mtnk:7 dog:5 fv:5 orca:4 jumpjet:2 shad:1
rr.dustbowl.normal.yemen-saudi.r0,dustbowl,normal,0,yemen,saudi,1,2,complete,win,yemen,conquest,36551,24.37,55.7,-1015516306,119,41675,29,68910,36075,r2ymr:38 r2yrpg:37 r2technical:16 r2ytechrr:14 r2ymlr:6 htk:4 r2yzu:2 r2wadighost:1 r2yspot:1,31,20050,24,36075,68910,r2saat:10 r2sang:10 r2caesar:3 r2m1a2s:3 r2bradley:2 dog:1 r2ah64sa:1 r2f15sa:1
rr.tournament-2a.normal.saudi-yemen.r0,tournament-2A,normal,0,saudi,yemen,1,2,complete,win,saudi,conquest,45269,30.18,63.0,-650550816,67,42350,31,54350,45420,r2sang:25 r2saat:18 r2m1a2s:13 r2caesar:3 r2bradley:2 r2sads:2 dog:1 r2ah64sa:1 r2f15sa:1 r2falcon:1,51,15950,23,45420,54350,r2yrpg:24 r2ymr:15 r2ytechrr:4 r2technical:3 r2ymlr:2 dog:1 htk:1 r2yzu:1
rr.tournament-2a.normal.america-turkey.r0,tournament-2A,normal,0,america,turkey,1,2,complete,win,america,conquest,17133,11.42,29.1,-458993698,45,19000,17,31740,6400,e1:24 mtnk:10 fv:5 jumpjet:3 dog:1 orca:1 shad:1,14,5430,13,6400,31740,r2trrifle:6 r2trat:3 r2aras:2 r2bozkir:2 dog:1
rr.tournament-2a.normal.america-saudi.r0,tournament-2A,normal,0,america,saudi,1,2,complete,draw,,tick-cap,60001,40.0,81.5,-336502058,62,40000,32,71100,55000,e1:21 mtnk:8 fv:7 jumpjet:7 orca:6 cleg:4 shad:3 mgtk:2 sref:2 dog:1 tany:1,88,65730,33,55000,71100,r2sang:29 r2saat:22 r2m1a2s:18 r2ah64sa:5 r2sads:4 r2f15sa:3 r2falcon:3 r2caesar:2 dog:1 r2bradley:1
rr.dustbowl.normal.saudi-hezbollah.r0,dustbowl,normal,0,saudi,hezbollah,1,2,complete,draw,,tick-cap,60001,40.0,85.3,-167517352,83,67000,42,70400,104760,r2sang:25 r2saat:20 r2m1a2s:14 r2ah64sa:7 r2caesar:7 r2f15sa:3 r2falcon:3 r2sads:2 dog:1 r2bradley:1,190,73750,41,104760,70400,r2hzrifle:69 r2hzat:48 r2hztechnical:29 r2hzrecoilless:15 r2hzscout:9 r2hzdrone:8 r2hzrockets:6 htk:3 r2hzescort:3
rr.dustbowl.normal.russia-yemen.r0,dustbowl,normal,0,russia,yemen,1,2,complete,win,russia,conquest,51244,34.16,77.2,-18064636,266,93250,31,83450,60650,e2:123 flakt:59 shk:40 htnk:13 htk:10 ttnk:9 apoc:5 dog:3 yuri:2 zep:2,100,33800,32,58450,83950,r2ymr:35 r2yrpg:29 r2technical:16 r2ytechrr:10 r2ymlr:4 htk:3 r2yzu:2 r2wadighost:1
rr.tournament-2a.normal.turkey-russia.r0,tournament-2A,normal,0,turkey,russia,1,2,complete,win,russia,conquest,34210,22.81,51.5,480013689,46,23145,25,16200,66055,r2trrifle:19 r2trat:10 r2bozkir:9 r2yildirim:3 dog:1 r2aras:1 r2kuzgun:1 r2sahin:1 r2sancak:1,81,36350,25,64155,14300,e2:26 shk:17 flakt:14 htk:9 htnk:6 ttnk:5 apoc:1 dog:1 yuri:1 zep:1
rr.tournament-2a.normal.america-china.r0,tournament-2A,normal,0,america,china,1,2,complete,win,china,conquest,8223,5.48,18.9,687418763,3,600,4,1070,13600,e1:3,11,4200,9,13600,1070,r2cnrifle:5 r2cnportable:3 r2lynx:1 r2qilin:1 r2zbd:1
rr.dustbowl.normal.turkey-yemen.r0,dustbowl,normal,0,turkey,yemen,1,2,complete,win,yemen,conquest,33862,22.57,54.8,754226781,42,18900,19,24250,62010,r2trrifle:20 r2trat:9 r2bozkir:7 r2yildirim:2 dog:1 r2aras:1 r2sahin:1 r2sancak:1,93,34250,28,62610,24850,r2ymr:30 r2yrpg:30 r2ytechrr:12 r2technical:5 r2ymlr:5 r2yzu:5 r2samad:4 dog:1 r2wadighost:1
rr.dustbowl.normal.hezbollah-turkey.r0,dustbowl,normal,0,hezbollah,turkey,1,2,complete,draw,,tick-cap,60001,40.0,92.7,875340366,177,69700,46,86885,87250,r2hzrifle:60 r2hzat:54 r2hzrecoilless:17 r2hzdrone:16 r2hzrockets:8 r2hzescort:7 htk:5 r2hzscout:5 r2hztechnical:4 dog:1,158,84950,35,86950,86585,r2trrifle:70 r2trat:30 r2bozkir:25 r2yildirim:10 r2greywolf:6 r2kuzgun:6 r2gokkalkan:3 r2sancak:3 dog:2 r2turna:2 r2sahin:1
rr.tournament-2a.normal.yemen-hezbollah.r0,tournament-2A,normal,0,yemen,hezbollah,1,2,complete,win,yemen,conquest,32529,21.69,48.0,993125633,92,32300,27,41650,28450,r2ymr:34 r2yrpg:24 r2technical:14 r2ytechrr:9 r2ymlr:6 r2yzu:2 htk:1 r2samad:1 r2wadighost:1,47,14200,16,28450,41650,r2hzrifle:20 r2hzat:12 r2hztechnical:7 r2hzrecoilless:6 r2hzescort:1 r2hzrockets:1
rr.tournament-2a.normal.yemen-china.r0,tournament-2A,normal,0,yemen,china,1,2,complete,win,yemen,conquest,50605,33.74,73.6,1302604168,137,49250,29,67610,40750,r2yrpg:47 r2ymr:43 r2technical:17 r2ytechrr:12 r2ymlr:6 htk:4 r2wadighost:3 r2yspot:2 r2yzu:2 r2samad:1,72,37520,13,40750,67610,r2cnportable:23 r2cnrifle:21 r2qilin:13 r2cloud:7 r2phl:4 r2lynx:3 r2zbd:1
rr.dustbowl.normal.saudi-china.r0,dustbowl,normal,0,saudi,china,1,2,complete,win,saudi,conquest,26358,17.57,46.6,1474447571,51,30870,26,41240,13880,r2sang:21 r2saat:11 r2m1a2s:10 dog:2 r2caesar:2 r2sads:2 r2ah64sa:1 r2bradley:1 r2f15sa:1,24,11150,13,13880,41240,r2cnrifle:10 r2cnportable:5 r2qilin:5 r2cloud:1 r2lynx:1 r2phl:1 r2zbd:1
rr.dustbowl.normal.china-turkey.r0,dustbowl,normal,0,china,turkey,1,2,complete,win,turkey,conquest,40029,26.69,60.9,1803504586,45,25030,20,38420,68720,r2cnrifle:14 r2cnportable:12 r2qilin:9 r2cloud:3 r2crane:2 r2phl:2 r2lynx:1 r2skyspear:1 r2zbd:1,111,53205,35,69670,39370,r2trrifle:51 r2trat:22 r2bozkir:18 r2gokkalkan:5 r2yildirim:4 r2sancak:3 r2aras:2 dog:1 r2deniz:1 r2greywolf:1 r2sahin:1 r2trdroneop:1 r2turna:1
rr.dustbowl.normal.hezbollah-yemen.r0,dustbowl,normal,0,hezbollah,yemen,1,2,complete,win,yemen,conquest,18382,12.25,35.5,1940592842,5,1050,5,8050,15550,r2hzrifle:3 r2hzat:2,38,11800,14,15550,8050,r2ymr:14 r2yrpg:12 r2technical:5 r2ytechrr:4 htk:2 r2ymlr:1
rr.tournament-2a.normal.saudi-hezbollah.r0,tournament-2A,normal,0,saudi,hezbollah,1,2,complete,win,hezbollah,conquest,14950,9.97,26.6,2037526746,2,700,5,4950,16660,dog:1 r2saat:1,29,8600,10,16660,4950,r2hzrifle:13 r2hzat:8 r2hzrecoilless:3 r2hztechnical:3 htk:1 r2hzrockets:1
rr.tournament-2a.normal.yemen-iran.r0,tournament-2A,normal,0,yemen,iran,1,2,complete,win,iran,conquest,44752,29.83,62.2,-1999767267,72,24575,27,51390,66175,r2yrpg:24 r2ymr:22 r2technical:9 r2ytechrr:7 r2yzu:4 r2ymlr:3 htk:2 r2yspot:1,218,70590,30,67675,52890,r2basij:126 r2toophan:51 r2karrar:17 r2fajr:7 dog:4 htk:4 r2coast:2 r2dronecontrol:2 r2raad:2 r2toufan:2 r2mohajer:1
rr.tournament-2a.normal.america-yemen.r0,tournament-2A,normal,0,america,yemen,1,2,complete,win,america,conquest,28502,19.0,43.6,-1988891051,81,38800,24,42400,26500,e1:43 mtnk:15 fv:8 jumpjet:4 cleg:3 sref:3 shad:2 dog:1 mgtk:1 orca:1,44,13150,16,26500,42400,r2ymr:17 r2yrpg:16 r2technical:4 r2ytechrr:4 htk:1 r2ymlr:1 r2yzu:1
rr.dustbowl.normal.russia-iran.r0,dustbowl,normal,0,russia,iran,1,2,complete,draw,,tick-cap,60001,40.0,82.5,-1882991839,230,83750,32,101730,67750,e2:95 flakt:64 shk:33 htk:12 ttnk:11 htnk:6 apoc:5 ivan:2 zep:2,252,84030,39,67150,101130,r2basij:142 r2toophan:71 r2karrar:10 r2fajr:9 htk:5 r2raad:4 r2azar:3 r2coast:3 dog:2 r2loiter:2 r2dronecontrol:1
rr.tournament-2a.normal.russia-israel.r0,tournament-2A,normal,0,russia,israel,1,2,complete,win,israel,conquest,24739,16.49,38.6,-1553381754,14,5200,9,9440,23300,e2:6 shk:4 htnk:2 flakt:1 htk:1,30,20030,18,23520,9660,r2ilrifle:14 r2merkava:6 r2ilat:4 dog:1 r2ilfalcon:1 r2ilgunship:1 r2ilhowitzer:1 r2ilshield:1 r2namer:1
rr.tournament-2a.normal.israel-china.r0,tournament-2A,normal,0,israel,china,1,2,complete,win,china,conquest,30855,20.57,46.7,-1375064747,22,14440,15,20830,46900,r2ilat:8 r2ilrifle:7 r2merkava:2 dog:1 r2ilfalcon:1 r2ilgunship:1 r2ilhowitzer:1 r2namer:1,76,36640,27,46900,20830,r2cnrifle:32 r2cnportable:15 r2qilin:14 r2lynx:3 r2cloud:2 r2mantis:2 r2phl:2 r2zbd:2 dog:1 r2crane:1 r2redspear:1 r2skyspear:1
rr.dustbowl.normal.america-iran.r0,dustbowl,normal,0,america,iran,1,2,complete,win,america,conquest,43056,28.7,61.5,-1166792918,102,65700,24,51650,22500,e1:35 fv:14 mtnk:13 jumpjet:11 cleg:10 mgtk:5 shad:5 sref:5 orca:2 dog:1 tany:1,50,20380,20,22500,51650,r2basij:22 r2toophan:17 r2karrar:4 r2fajr:3 htk:2 r2raad:1 r2toufan:1
rr.tournament-2a.normal.russia-turkey.r0,tournament-2A,normal,0,russia,turkey,1,2,complete,win,turkey,conquest,24419,16.28,37.7,-1058350066,17,7200,14,15850,31700,e2:6 shk:5 flakt:2 htnk:2 htk:1 ttnk:1,74,32530,27,31700,15850,r2trrifle:36 r2trat:15 r2bozkir:11 r2yildirim:3 dog:2 r2deniz:2 r2sancak:2 r2aras:1 r2kuzgun:1 r2sahin:1
rr.tournament-2a.normal.america-hezbollah.r0,tournament-2A,normal,0,america,hezbollah,1,2,complete,win,america,conquest,21278,14.19,33.8,-909680900,56,28200,23,30200,14200,e1:28 mtnk:10 fv:6 cleg:2 jumpjet:2 shad:2 sref:2 dog:1 mgtk:1 orca:1 tany:1,29,9100,11,14200,30200,r2hzat:10 r2hzrifle:10 r2hzrecoilless:4 htk:2 r2hztechnical:2 r2hzescort:1
rr.dustbowl.normal.iran-china.r0,dustbowl,normal,0,iran,china,1,2,complete,win,iran,conquest,53200,35.47,76.3,-680533004,207,63890,29,87260,41210,r2basij:121 r2toophan:51 r2karrar:10 r2fajr:6 htk:5 dog:3 r2loiter:3 r2raad:3 r2coast:2 r2dronecontrol:2 r2azar:1,62,30120,32,40210,86260,r2cnrifle:26 r2cnportable:13 r2qilin:12 r2cloud:3 r2phl:3 r2lynx:2 r2zbd:2 r2skyspear:1
rr.dustbowl.normal.iran-russia.r0,dustbowl,normal,0,iran,russia,1,2,complete,win,russia,conquest,42045,28.03,61.1,-569035750,58,21970,20,25100,61990,r2basij:28 r2toophan:18 r2karrar:5 r2fajr:2 r2raad:2 htk:1 r2coast:1 r2loiter:1,103,42650,26,60990,25000,e2:40 flakt:19 shk:19 htnk:8 htk:7 ttnk:7 apoc:1 ivan:1 zep:1
rr.tournament-2a.normal.saudi-iran.r0,tournament-2A,normal,0,saudi,iran,1,2,complete,win,saudi,conquest,27711,18.47,42.6,-552257695,63,39440,27,37050,21590,r2sang:22 r2saat:17 r2m1a2s:12 r2bradley:3 r2sads:3 r2caesar:2 dog:1 r2ah64sa:1 r2f15sa:1 r2sajtac:1,30,9330,11,19490,34950,r2basij:17 r2toophan:8 r2karrar:2 r2raad:2 htk:1
rr.dustbowl.normal.yemen-china.r0,dustbowl,normal,0,yemen,china,1,2,complete,win,yemen,conquest,18182,12.12,34.7,-123779203,50,16200,16,32350,11550,r2yrpg:17 r2ymr:16 r2technical:7 r2ytechrr:6 r2yzu:2 htk:1 r2ymlr:1,15,5060,12,11550,32350,r2cnrifle:8 r2cnportable:4 r2qilin:3
rr.dustbowl.normal.saudi-israel.r0,dustbowl,normal,0,saudi,israel,1,2,complete,win,saudi,conquest,16377,10.92,31.0,43061448,27,14770,15,29350,8280,r2sang:11 r2saat:7 r2m1a2s:5 dog:1 r2bradley:1 r2caesar:1 r2sads:1,9,6240,9,8280,29350,r2ilat:2 r2ilrifle:2 r2merkava:2 r2namer:2 dog:1
rr.tournament-2a.normal.turkey-saudi.r0,tournament-2A,normal,0,turkey,saudi,1,2,complete,win,turkey,conquest,29808,19.87,45.2,84860568,57,26835,22,49290,21230,r2trrifle:27 r2bozkir:11 r2trat:10 r2kuzgun:2 r2sancak:2 r2yildirim:2 dog:1 r2aras:1 r2sahin:1,24,14830,15,21230,49290,r2sang:9 r2saat:5 r2m1a2s:4 dog:2 r2caesar:2 r2bradley:1 r2f15sa:1
rr.tournament-2a.normal.russia-yemen.r0,tournament-2A,normal,0,russia,yemen,1,2,complete,win,yemen,conquest,18137,12.09,30.0,221377368,21,9200,8,13500,26800,e2:7 shk:7 htnk:3 flakt:2 htk:1 ttnk:1,65,20250,21,26800,13500,r2ymr:26 r2yrpg:18 r2technical:9 r2ytechrr:7 r2ymlr:2 r2yzu:2 htk:1
rr.tournament-2a.normal.russia-iran.r0,tournament-2A,normal,0,russia,iran,1,2,complete,win,iran,conquest,22829,15.22,36.0,351281337,13,4700,8,12800,22100,e2:6 shk:3 htnk:2 flakt:1 htk:1,51,17860,17,22100,12800,r2basij:29 r2toophan:12 r2karrar:5 r2raad:3 r2fajr:2
rr.tournament-2a.normal.hezbollah-israel.r0,tournament-2A,normal,0,hezbollah,israel,1,2,complete,win,israel,conquest,12335,8.22,23.6,522542568,2,450,4,4850,11850,r2hzat:1 r2hzrifle:1,16,8820,13,11850,4850,r2ilrifle:6 r2ilat:5 r2merkava:2 dog:1 r2ilhowitzer:1 r2namer:1
rr.dustbowl.normal.china-russia.r0,dustbowl,normal,0,china,russia,1,2,complete,win,china,conquest,49551,33.03,70.9,536238722,150,75110,28,58650,57330,r2cnrifle:63 r2qilin:28 r2cnportable:26 r2lynx:7 r2cloud:5 r2phl:5 r2zbd:4 r2cnnetwork:3 r2mantis:3 r2redspear:3 r2crane:2 r2skyspear:1,57,24150,22,56870,62850,e2:23 shk:11 flakt:8 htnk:6 htk:4 ttnk:4 apoc:1
rr.tournament-2a.normal.america-iran.r0,tournament-2A,normal,0,america,iran,1,2,complete,win,america,conquest,14889,9.93,27.0,712919758,35,12300,13,25230,7200,e1:24 mtnk:5 fv:3 shad:2 dog:1,17,5810,10,7200,25230,r2basij:9 r2toophan:4 r2karrar:2 htk:1 r2raad:1
rr.dustbowl.normal.hezbollah-israel.r0,dustbowl,normal,0,hezbollah,israel,1,2,complete,draw,,tick-cap,60001,40.0,82.6,758154091,126,47500,37,71130,70800,r2hzrifle:47 r2hzat:33 r2hztechnical:19 r2hzrecoilless:10 r2hzrockets:6 r2hzscout:5 r2hzdrone:4 htk:2,108,77510,45,71900,72230,r2ilrifle:38 r2ilat:25 r2merkava:21 r2ilhowitzer:7 dog:3 r2ilgunship:3 r2ilrecon:3 r2ilshield:3 r2ilfalcon:2 r2namer:2 r2ilobserver:1
rr.tournament-2a.normal.hezbollah-turkey.r0,tournament-2A,normal,0,hezbollah,turkey,1,2,complete,win,hezbollah,conquest,27321,18.21,41.6,982605903,98,29750,25,48920,19850,r2hzrifle:40 r2hzat:31 r2hztechnical:10 r2hzrecoilless:6 r2hzdrone:4 htk:3 r2hzrockets:2 r2hzspotter:2,37,17610,14,19850,48920,r2trrifle:12 r2trat:10 r2bozkir:6 r2aras:5 r2sancak:2 dog:1 r2yildirim:1
rr.dustbowl.normal.iran-israel.r0,dustbowl,normal,0,iran,israel,1,2,complete,win,iran,conquest,36828,24.55,54.1,1246691426,159,53410,28,59220,34940,r2basij:89 r2toophan:38 r2karrar:10 r2fajr:5 dog:4 htk:3 r2coast:3 r2raad:3 r2dronecontrol:2 r2mohajer:1 r2toufan:1,33,20660,20,34940,59220,r2ilat:14 r2ilrifle:8 r2merkava:4 r2ilhowitzer:2 r2ilshield:2 r2namer:2 dog:1
rr.tournament-2a.normal.china-yemen.r0,tournament-2A,normal,0,china,yemen,1,2,complete,win,yemen,conquest,27115,18.08,42.4,1401431262,23,10530,13,14650,38420,r2cnrifle:9 r2qilin:7 r2cnportable:3 r2lynx:2 r2zbd:2,59,18450,18,39020,15250,r2ymr:22 r2yrpg:18 r2technical:7 r2ytechrr:7 htk:2 r2yzu:2 r2ymlr:1
rr.dustbowl.normal.hezbollah-saudi.r0,dustbowl,normal,0,hezbollah,saudi,1,2,complete,win,saudi,conquest,58045,38.7,83.7,1586780130,99,34200,24,51080,85650,r2hzrifle:34 r2hzat:33 r2hztechnical:14 r2hzrecoilless:8 r2hzrockets:4 htk:2 r2hzscout:2 r2hzdrone:1 r2hzescort:1,106,73410,35,87250,53680,r2sang:33 r2saat:27 r2m1a2s:15 r2caesar:7 r2sads:7 r2bradley:5 dog:4 r2ah64sa:4 r2f15sa:2 r2falcon:2
rr.tournament-2a.normal.yemen-israel.r0,tournament-2A,normal,0,yemen,israel,1,2,complete,win,yemen,conquest,24710,16.47,38.2,1787296899,77,24575,21,48500,16350,r2ymr:29 r2yrpg:23 r2technical:10 r2ytechrr:6 htk:3 r2ymlr:3 r2samad:1 r2yspot:1 r2yzu:1,29,17740,14,16350,48500,r2ilrifle:12 r2ilat:6 r2merkava:6 r2namer:3 dog:1 r2ilhowitzer:1
rr.dustbowl.normal.turkey-iran.r0,dustbowl,normal,0,turkey,iran,1,2,complete,win,iran,conquest,43811,29.21,65.9,1824073946,53,26315,29,33260,77075,r2trrifle:23 r2trat:11 r2bozkir:10 r2yildirim:3 r2aras:2 dog:1 r2sahin:1 r2sancak:1 r2turna:1,238,51440,31,77075,33260,r2basij:156 r2toophan:72 dog:4 r2dronecontrol:4 r2raad:2
rr.dustbowl.normal.israel-yemen.r0,dustbowl,normal,0,israel,yemen,1,2,complete,win,yemen,conquest,52726,35.15,76.0,-2123207708,44,35870,23,37975,76130,r2ilrifle:16 r2ilat:9 r2merkava:7 r2ilfalcon:4 r2ilhowitzer:3 r2ilgunship:2 dog:1 r2ilrecon:1 r2namer:1,162,60025,29,75930,37975,r2ymr:59 r2yrpg:46 r2technical:20 r2ytechrr:12 r2ymlr:8 r2wadighost:6 htk:4 r2yspot:3 r2yzu:2 dog:1 r2samad:1
rr.dustbowl.normal.saudi-russia.r0,dustbowl,normal,0,saudi,russia,1,2,complete,win,russia,conquest,45043,30.03,67.1,-1871140577,46,39570,32,34250,93530,r2saat:13 r2sang:11 r2m1a2s:8 r2caesar:4 r2f15sa:4 r2ah64sa:3 dog:1 r2bradley:1 r2falcon:1,167,63900,27,93630,34350,e2:72 flakt:30 shk:30 htnk:12 htk:8 ttnk:8 apoc:2 dog:2 yuri:2 zep:1
rr.tournament-2a.normal.saudi-china.r0,tournament-2A,normal,0,saudi,china,1,2,complete,win,china,conquest,26607,17.74,41.5,-1810080390,13,6950,11,15470,33810,r2sang:5 r2m1a2s:3 r2saat:3 dog:1 r2bradley:1,64,28750,27,33810,15470,r2cnrifle:30 r2cnportable:12 r2qilin:10 r2lynx:3 r2phl:3 r2zbd:2 dog:1 r2cloud:1 r2mantis:1 r2skyspear:1
rr.tournament-2a.normal.china-russia.r0,tournament-2A,normal,0,china,russia,1,2,complete,win,russia,conquest,31438,20.96,46.9,-1394153425,44,22000,24,22800,63690,r2cnrifle:20 r2qilin:9 r2cnportable:7 r2phl:3 r2zbd:2 r2cloud:1 r2lynx:1 r2skyspear:1,80,34450,24,63690,22800,e2:29 shk:20 flakt:13 htnk:6 htk:5 ttnk:5 apoc:1 zep:1
rr.tournament-2a.normal.israel-turkey.r0,tournament-2A,normal,0,israel,turkey,1,2,complete,draw,,tick-cap,60001,40.0,80.7,-1364718845,49,40990,28,62110,31350,r2ilat:13 r2ilrifle:12 r2merkava:9 r2ilshield:3 r2namer:3 r2ilfalcon:2 r2ilgunship:2 r2ilhowitzer:2 r2ilrecon:2 dog:1,51,27960,27,31350,62110,r2trrifle:22 r2bozkir:10 r2trat:7 r2yildirim:7 r2sancak:2 dog:1 r2aras:1 r2sahin:1
rr.tournament-2a.normal.russia-china.r0,tournament-2A,normal,0,russia,china,1,2,complete,win,china,conquest,30508,20.34,44.7,-1200107927,22,8900,16,26040,36200,shk:8 e2:6 flakt:4 htk:2 htnk:1 ttnk:1,93,40040,25,36600,26440,r2cnrifle:47 r2cnportable:13 r2qilin:13 r2lynx:5 r2cloud:3 r2mantis:3 r2cnnetwork:2 r2phl:2 r2zbd:2 dog:1 r2crane:1 r2skyspear:1
rr.tournament-2a.normal.yemen-saudi.r0,tournament-2A,normal,0,yemen,saudi,1,2,complete,win,yemen,conquest,13303,8.87,24.2,-927089183,34,11250,13,18220,6500,r2ymr:12 r2yrpg:11 r2technical:4 r2ytechrr:3 r2ymlr:2 htk:1 r2yzu:1,5,2260,6,6500,18220,r2sang:3 r2m1a2s:1 r2saat:1
rr.tournament-2a.normal.saudi-russia.r0,tournament-2A,normal,0,saudi,russia,1,2,complete,win,saudi,conquest,20184,13.46,33.4,-753289269,29,17120,16,12700,9880,r2sang:11 r2saat:7 r2m1a2s:6 r2caesar:2 dog:1 r2bradley:1 r2sads:1,1,500,4,9880,12700,shk:1
rr.dustbowl.normal.turkey-israel.r0,dustbowl,normal,0,turkey,israel,1,2,complete,draw,,tick-cap,60001,40.0,84.2,-682444071,151,78425,38,115290,83125,r2trrifle:65 r2trat:30 r2bozkir:27 r2yildirim:7 r2sancak:5 r2aras:4 r2greywolf:3 r2gokkalkan:2 r2sahin:2 r2turna:2 dog:1 r2deniz:1 r2kuzgun:1 r2trdroneop:1,81,67040,47,83125,115290,r2ilat:24 r2ilrifle:22 r2merkava:8 r2ilhowitzer:7 r2ilfalcon:5 r2ilgunship:4 r2ilrecon:4 r2namer:3 r2ilshield:2 dog:1 r2ilobserver:1
rr.tournament-2a.normal.hezbollah-saudi.r0,tournament-2A,normal,0,hezbollah,saudi,1,2,complete,draw,,tick-cap,60001,40.0,81.4,-557025126,146,55150,39,100350,82450,r2hzrifle:49 r2hzat:40 r2hztechnical:25 r2hzrecoilless:12 r2hzscout:6 r2hzrockets:5 htk:4 r2hzdrone:2 r2hzescort:2 dog:1,102,75800,49,83100,101000,r2sang:35 r2saat:24 r2m1a2s:18 r2ah64sa:6 r2caesar:6 r2falcon:4 r2f15sa:3 r2sads:3 dog:2 r2bradley:1
rr.dustbowl.normal.china-america.r0,dustbowl,normal,0,china,america,1,2,complete,win,china,conquest,44762,29.84,67.0,-417554488,140,68940,26,82800,50510,r2cnrifle:57 r2qilin:30 r2cnportable:25 r2lynx:9 r2mantis:6 r2cloud:3 r2phl:3 r2redspear:3 dog:1 r2crane:1 r2skyspear:1 r2zbd:1,66,28400,28,50510,82800,e1:37 mtnk:14 fv:9 orca:3 jumpjet:2 shad:1
rr.tournament-2a.normal.china-turkey.r0,tournament-2A,normal,0,china,turkey,1,2,complete,win,turkey,conquest,14383,9.59,26.9,160503849,2,570,4,4490,13160,r2cnportable:1 r2cnrifle:1,21,8750,10,13160,4490,r2trrifle:10 r2trat:4 r2bozkir:3 dog:1 r2aras:1 r2sancak:1 r2yildirim:1
rr.tournament-2a.normal.china-saudi.r0,tournament-2A,normal,0,china,saudi,1,2,complete,win,china,conquest,28414,18.94,43.0,253388112,98,42510,27,48890,22610,r2cnrifle:53 r2cnportable:14 r2qilin:10 r2cloud:5 r2phl:5 r2lynx:4 r2cnnetwork:2 dog:1 r2crane:1 r2mantis:1 r2skyspear:1 r2zbd:1,26,16130,18,22610,48890,r2sang:9 r2saat:6 r2m1a2s:5 r2caesar:2 r2sads:2 dog:1 r2bradley:1
rr.tournament-2a.normal.iran-israel.r0,tournament-2A,normal,0,iran,israel,1,2,complete,win,israel,conquest,13237,8.82,24.4,257304868,2,540,5,4510,13360,r2basij:1 r2toophan:1,15,9070,12,13360,4510,r2ilrifle:6 r2ilat:3 r2merkava:3 dog:1 r2ilhowitzer:1 r2namer:1
rr.dustbowl.normal.israel-iran.r0,dustbowl,normal,0,israel,iran,1,2,complete,win,iran,conquest,58012,38.67,86.1,429984822,72,63360,44,69350,132370,r2ilat:18 r2ilrifle:18 r2merkava:11 r2ilhowitzer:8 r2ilgunship:5 r2ilrecon:4 r2ilfalcon:3 r2ilshield:2 dog:1 r2ilobserver:1 r2namer:1,299,96150,32,132370,69350,r2basij:170 r2toophan:77 r2karrar:16 r2fajr:8 r2raad:8 htk:5 dog:4 r2dronecontrol:3 r2mohajer:3 r2coast:2 r2toufan:2 r2loiter:1
rr.tournament-2a.normal.china-iran.r0,tournament-2A,normal,0,china,iran,1,2,complete,win,china,conquest,27099,18.07,41.0,502216332,95,42020,26,40010,24800,r2cnrifle:46 r2cnportable:18 r2qilin:14 r2cloud:3 r2lynx:3 r2phl:3 r2crane:2 r2mantis:2 r2zbd:2 dog:1 r2skyspear:1,46,14990,15,25550,43360,r2basij:26 r2toophan:11 r2karrar:4 htk:2 r2raad:2 r2fajr:1
rr.dustbowl.normal.israel-hezbollah.r0,dustbowl,normal,0,israel,hezbollah,1,2,complete,win,hezbollah,conquest,47436,31.62,69.9,683247619,46,38810,32,46550,97570,r2ilrifle:13 r2ilat:11 r2merkava:9 r2ilfalcon:3 r2ilhowitzer:3 r2ilrecon:2 r2ilshield:2 dog:1 r2ilgunship:1 r2namer:1,211,75650,36,96520,45500,r2hzrifle:84 r2hzat:63 r2hzrecoilless:17 r2hzdrone:12 r2hzrockets:9 r2hztechnical:9 r2hzscout:6 r2hzescort:5 dog:4 htk:2
rr.dustbowl.normal.america-saudi.r0,dustbowl,normal,0,america,saudi,1,2,complete,draw,,tick-cap,60001,40.0,85.3,913739020,117,75500,25,60580,60500,e1:35 jumpjet:19 fv:18 mtnk:13 shad:9 cleg:6 orca:6 sref:5 mgtk:4 tany:2,54,42070,38,59900,59980,r2sang:16 r2saat:13 r2m1a2s:10 r2sads:4 r2ah64sa:3 r2caesar:2 r2f15sa:2 r2falcon:2 dog:1 r2bradley:1
rr.tournament-2a.normal.iran-saudi.r0,tournament-2A,normal,0,iran,saudi,1,2,complete,win,iran,conquest,30893,20.6,46.1,1291150713,112,35850,26,53390,23730,r2basij:70 r2toophan:21 r2karrar:7 r2fajr:5 htk:3 r2raad:3 dog:1 r2coast:1 r2toufan:1,28,16230,18,23730,53390,r2saat:9 r2sang:9 r2m1a2s:6 r2bradley:2 dog:1 r2caesar:1
rr.dustbowl.normal.america-china.r0,dustbowl,normal,0,america,china,1,2,complete,draw,,tick-cap,60001,40.0,97.2,1383203864,147,86000,34,112050,79200,e1:54 fv:23 jumpjet:23 mtnk:15 shad:9 sref:8 cleg:7 orca:4 mgtk:2 dog:1 tany:1,183,100540,40,79450,112300,r2cnrifle:72 r2cnportable:36 r2qilin:29 r2mantis:11 r2cloud:10 r2phl:7 r2redspear:6 r2lynx:3 r2zbd:3 r2cnnetwork:2 r2crane:2 r2skyspear:2
rr.dustbowl.normal.america-turkey.r0,dustbowl,normal,0,america,turkey,1,2,complete,win,america,conquest,55357,36.9,86.0,1753812776,145,93400,26,109440,55000,e1:41 jumpjet:28 fv:24 mtnk:14 cleg:10 mgtk:8 sref:8 shad:6 tany:3 orca:2 dog:1,75,46780,38,54200,108640,r2trrifle:26 r2bozkir:14 r2trat:12 r2gokkalkan:6 r2yildirim:6 dog:4 r2greywolf:3 r2sahin:3 r2sancak:1
rr.dustbowl.normal.china-hezbollah.r0,dustbowl,normal,0,china,hezbollah,1,2,complete,draw,,tick-cap,60001,40.0,87.2,1767141681,134,72030,36,67500,134220,r2cnrifle:54 r2cnportable:27 r2qilin:23 r2phl:9 r2cloud:5 r2lynx:4 r2mantis:3 r2redspear:3 r2skyspear:2 r2zbd:2 dog:1 r2crane:1,200,79600,41,133650,68000,r2hzrifle:68 r2hzat:53 r2hztechnical:26 r2hzrecoilless:15 r2hzdrone:12 r2hzscout:9 r2hzrockets:7 htk:4 r2hzspotter:4 r2hzescort:2
rr.dustbowl.normal.turkey-russia.r0,dustbowl,normal,0,turkey,russia,1,2,complete,draw,,tick-cap,60001,40.0,92.9,-1938619409,150,80365,40,63300,87100,r2trrifle:63 r2trat:31 r2bozkir:26 r2yildirim:6 r2greywolf:5 r2gokkalkan:4 r2aras:3 r2sahin:3 r2sancak:3 dog:2 r2deniz:2 r2kuzgun:1 r2turna:1,206,69100,34,85100,61300,e2:96 flakt:49 shk:24 htnk:14 htk:10 ttnk:9 dog:2 zep:2
rr.dustbowl.normal.israel-russia.r0,dustbowl,normal,0,israel,russia,1,2,complete,win,russia,conquest,41908,27.94,63.0,-1679507864,60,29850,20,24050,69660,r2ilrifle:25 r2ilat:21 dog:4 r2merkava:4 r2ilhowitzer:2 r2ilfalcon:1 r2ilgunship:1 r2ilobserver:1 r2namer:1,93,37750,24,69660,24050,e2:39 flakt:17 shk:17 htk:5 htnk:5 ttnk:4 apoc:3 ivan:2 zep:1
rr.dustbowl.normal.china-iran.r0,dustbowl,normal,0,china,iran,1,2,complete,win,china,conquest,37461,24.97,58.6,-1655765015,104,50150,28,49320,31620,r2cnrifle:45 r2cnportable:20 r2qilin:16 r2lynx:5 r2phl:4 r2cloud:3 r2mantis:3 r2crane:2 r2zbd:2 dog:1 r2cnnetwork:1 r2redspear:1 r2skyspear:1,56,20140,15,31360,51510,r2basij:31 r2toophan:15 r2karrar:5 r2raad:3 r2azar:1 r2fajr:1
rr.tournament-2a.normal.iran-russia.r0,tournament-2A,normal,0,iran,russia,1,2,complete,win,iran,conquest,37881,25.25,53.7,-1070387901,175,43750,30,45000,33530,r2basij:120 r2toophan:40 r2karrar:6 r2coast:3 r2dronecontrol:2 htk:1 r2fajr:1 r2raad:1 r2toufan:1,39,17800,16,33530,45100,e2:14 htnk:7 shk:7 flakt:5 htk:3 ttnk:3
rr.tournament-2a.normal.turkey-yemen.r0,tournament-2A,normal,0,turkey,yemen,1,2,complete,win,yemen,conquest,22990,15.33,36.2,-1049546898,21,9690,12,11000,37450,r2trrifle:8 r2bozkir:5 r2trat:4 r2aras:2 dog:1 r2sancak:1,79,21200,22,37600,11150,r2ymr:36 r2yrpg:27 r2technical:7 r2ytechrr:4 htk:2 dog:1 r2ymlr:1 r2yzu:1
rr.tournament-2a.normal.china-israel.r0,tournament-2A,normal,0,china,israel,1,2,complete,win,israel,conquest,40323,26.88,56.6,-1011564890,35,21910,10,29480,44700,r2qilin:10 r2cnrifle:8 r2cnportable:5 r2zbd:4 r2cloud:3 r2lynx:2 r2phl:2 r2mantis:1,68,44430,31,44920,29700,r2ilrifle:29 r2ilat:15 r2merkava:10 r2ilhowitzer:3 r2ilshield:3 dog:2 r2ilfalcon:2 r2ilgunship:2 r2ilrecon:1 r2namer:1
rr.tournament-2a.normal.israel-saudi.r0,tournament-2A,normal,0,israel,saudi,1,2,complete,win,saudi,conquest,19013,12.68,31.1,-688935991,7,3940,5,11230,19850,r2ilat:2 r2ilrifle:2 dog:1 r2merkava:1 r2namer:1,41,21960,19,19850,11230,r2sang:18 r2saat:10 r2m1a2s:8 r2bradley:2 dog:1 r2caesar:1 r2sads:1
rr.tournament-2a.normal.hezbollah-china.r0,tournament-2A,normal,0,hezbollah,china,1,2,complete,win,hezbollah,conquest,28800,19.2,43.3,-530447992,121,38925,30,57390,18675,r2hzrifle:49 r2hzat:31 r2hzrecoilless:11 r2hztechnical:11 r2hzdrone:5 r2hzrockets:5 dog:3 htk:3 r2hzescort:2 r2hzspotter:1,35,16100,23,18675,57390,r2cnrifle:15 r2cnportable:9 r2qilin:5 r2cloud:2 r2phl:2 r2lynx:1 r2zbd:1
rr.dustbowl.normal.israel-china.r0,dustbowl,normal,0,israel,china,1,2,complete,draw,,tick-cap,60001,40.0,85.5,-443374557,99,70480,43,93190,138790,r2ilrifle:39 r2ilat:19 r2merkava:12 r2ilshield:9 r2ilhowitzer:6 r2ilgunship:4 r2ilrecon:3 r2namer:3 dog:2 r2ilfalcon:2,191,97930,39,138790,93190,r2cnrifle:84 r2cnportable:34 r2qilin:32 r2cloud:9 r2phl:9 r2lynx:6 r2redspear:5 r2mantis:4 r2crane:3 dog:2 r2skyspear:2 r2zbd:1
rr.tournament-2a.normal.hezbollah-yemen.r0,tournament-2A,normal,0,hezbollah,yemen,1,2,complete,win,yemen,conquest,24687,16.46,38.9,-375627596,38,11500,11,16500,34450,r2hzrifle:16 r2hzat:10 r2hztechnical:6 r2hzrecoilless:4 r2hzescort:1 r2hzrockets:1,75,24200,21,34450,16500,r2yrpg:26 r2ymr:24 r2technical:10 r2ytechrr:8 htk:3 r2ymlr:3 dog:1
rr.tournament-2a.normal.iran-turkey.r0,tournament-2A,normal,0,iran,turkey,1,2,complete,win,iran,conquest,14272,9.51,26.3,-97270970,29,10300,10,17020,5460,r2basij:15 r2toophan:8 r2karrar:3 htk:1 r2fajr:1 r2raad:1,5,1560,5,5460,17020,r2trrifle:2 dog:1 r2aras:1 r2trat:1
rr.dustbowl.normal.china-yemen.r0,dustbowl,normal,0,china,yemen,1,2,complete,win,yemen,conquest,18628,12.42,33.5,13831199,16,7640,11,8250,34530,r2cnrifle:7 r2cnportable:3 r2lynx:2 r2cloud:1 r2phl:1 r2qilin:1 r2zbd:1,45,15000,15,34530,8250,r2ymr:15 r2yrpg:14 r2technical:6 r2ytechrr:5 htk:2 r2ymlr:2 r2yzu:1
rr.dustbowl.normal.iran-hezbollah.r0,dustbowl,normal,0,iran,hezbollah,1,2,complete,win,hezbollah,conquest,44152,29.43,67.3,167523980,77,27590,29,40550,70260,r2basij:41 r2toophan:17 r2karrar:5 r2fajr:4 htk:3 dog:2 r2loiter:2 r2toufan:2 r2raad:1,205,70500,35,67910,40200,r2hzrifle:86 r2hzat:52 r2hztechnical:24 r2hzdrone:12 r2hzrecoilless:12 r2hzrockets:6 r2hzscout:5 r2hzescort:3 dog:2 r2hzspotter:2 htk:1
rr.tournament-2a.normal.israel-america.r0,tournament-2A,normal,0,israel,america,1,2,complete,win,america,conquest,13022,8.68,24.5,350404445,2,700,5,5000,14210,dog:1 r2ilat:1,23,9100,13,14210,5000,e1:14 mtnk:5 fv:3 shad:1
rr.dustbowl.normal.hezbollah-america.r0,dustbowl,normal,0,hezbollah,america,1,2,complete,win,america,conquest,53559,35.71,76.6,411615393,100,35350,24,47500,76850,r2hzrifle:37 r2hzat:31 r2hzrecoilless:10 r2hztechnical:8 r2hzrockets:4 r2hzdrone:3 r2hzescort:3 htk:2 r2hzscout:2,102,65100,37,75650,47500,e1:37 fv:14 jumpjet:10 mtnk:9 cleg:8 mgtk:8 shad:5 sref:5 orca:4 dog:1 tany:1
rr.tournament-2a.normal.hezbollah-iran.r0,tournament-2A,normal,0,hezbollah,iran,1,2,complete,win,hezbollah,conquest,24683,16.46,38.8,596521437,89,29175,25,27670,15550,r2hzrifle:35 r2hzat:23 r2hztechnical:14 r2hzrecoilless:6 r2hzdrone:4 r2hzrockets:4 r2hzescort:2 r2hzspotter:1,28,6800,10,15550,27670,r2basij:20 r2toophan:4 r2karrar:2 htk:1 r2raad:1
rr.dustbowl.normal.iran-saudi.r0,dustbowl,normal,0,iran,saudi,1,2,complete,win,iran,conquest,43794,29.2,64.9,840491437,174,55670,30,66420,33580,r2basij:108 r2toophan:32 r2karrar:13 r2fajr:5 r2dronecontrol:4 r2raad:3 dog:2 htk:2 r2toufan:2 r2azar:1 r2coast:1 r2mohajer:1,34,23020,26,33040,65880,r2sang:11 r2saat:8 r2m1a2s:7 r2caesar:3 r2bradley:2 dog:1 r2f15sa:1 r2sads:1
rr.dustbowl.normal.america-yemen.r0,dustbowl,normal,0,america,yemen,1,2,complete,win,america,conquest,14659,9.77,30.0,984835493,32,12800,15,17100,6600,e1:19 mtnk:6 fv:3 dog:1 jumpjet:1 orca:1 shad:1,11,2900,5,6600,17100,r2ymr:5 r2yrpg:4 r2technical:1 r2ytechrr:1
rr.tournament-2a.normal.israel-hezbollah.r0,tournament-2A,normal,0,israel,hezbollah,1,2,complete,win,hezbollah,conquest,10757,7.17,22.0,1179270003,5,2390,5,5150,18300,r2ilrifle:2 dog:1 r2ilat:1 r2merkava:1,27,7650,9,18300,5150,r2hzrifle:11 r2hzat:8 r2hztechnical:5 r2hzrecoilless:2 htk:1
rr.tournament-2a.normal.russia-hezbollah.r0,tournament-2A,normal,0,russia,hezbollah,1,2,complete,win,hezbollah,conquest,30293,20.2,45.5,1284742271,37,14200,14,19200,40100,e2:16 shk:8 htnk:5 htk:4 flakt:3 ttnk:1,99,31475,25,40700,19800,r2hzrifle:42 r2hzat:23 r2hztechnical:13 r2hzdrone:8 r2hzrecoilless:7 htk:2 r2hzescort:2 r2hzrockets:1 r2hzspotter:1
rr.dustbowl.normal.saudi-yemen.r0,dustbowl,normal,0,saudi,yemen,1,2,complete,draw,,tick-cap,60001,40.0,83.8,1399173368,64,54110,41,56850,121470,r2sang:18 r2saat:13 r2m1a2s:12 r2caesar:6 r2f15sa:4 r2ah64sa:3 r2falcon:3 dog:2 r2sads:2 r2bradley:1,211,78750,33,121270,56850,r2ymr:74 r2yrpg:63 r2technical:26 r2ytechrr:16 r2ymlr:9 r2wadighost:8 r2yspot:6 htk:5 r2samad:2 r2yzu:2
rr.tournament-2a.normal.china-america.r0,tournament-2A,normal,0,china,america,1,2,complete,win,america,conquest,26090,17.39,40.5,1489125297,28,15050,14,19800,43740,r2cnrifle:10 r2cnportable:7 r2qilin:5 r2lynx:2 r2skyspear:2 r2mantis:1 r2phl:1,68,35300,23,43740,19800,e1:30 mtnk:11 jumpjet:9 fv:7 shad:4 cleg:2 orca:2 sref:2 dog:1
rr.tournament-2a.normal.saudi-turkey.r0,tournament-2A,normal,0,saudi,turkey,1,2,complete,win,saudi,conquest,37824,25.22,54.6,1740028009,89,57190,30,61670,32770,r2sang:32 r2saat:22 r2m1a2s:16 r2sads:5 dog:3 r2bradley:3 r2caesar:3 r2ah64sa:2 r2falcon:2 r2f15sa:1,61,23160,21,32770,61670,r2trrifle:32 r2trat:17 r2bozkir:5 r2yildirim:2 dog:1 r2aras:1 r2kuzgun:1 r2sahin:1 r2sancak:1
rr.tournament-2a.normal.china-hezbollah.r0,tournament-2A,normal,0,china,hezbollah,1,2,complete,win,hezbollah,conquest,21411,14.27,33.8,1892619504,25,7220,15,14350,33560,r2cnrifle:16 r2cnportable:6 r2qilin:3,112,34650,26,33560,14350,r2hzrifle:47 r2hzat:29 r2hztechnical:13 r2hzrecoilless:8 r2hzdrone:7 dog:3 r2hzrockets:3 htk:1 r2hzescort:1
rr.dustbowl.normal.iran-america.r0,dustbowl,normal,0,iran,america,1,2,complete,win,america,conquest,15752,10.5,29.8,-2061830875,11,3230,5,3300,17450,r2basij:7 r2karrar:2 r2toophan:2,39,15900,16,17450,3300,e1:21 mtnk:7 fv:4 jumpjet:3 dog:2 orca:1 shad:1
rr.dustbowl.normal.hezbollah-russia.r0,dustbowl,normal,0,hezbollah,russia,1,2,complete,win,russia,conquest,43865,29.24,64.2,-2058368118,61,19050,24,28400,58500,r2hzrifle:26 r2hzat:14 r2hztechnical:10 r2hzrecoilless:7 r2hzrockets:2 r2hzdrone:1 r2hzescort:1,123,49550,27,56300,29500,e2:49 flakt:27 shk:20 htk:8 htnk:7 ttnk:7 apoc:3 ivan:1 zep:1
rr.dustbowl.normal.america-israel.r0,dustbowl,normal,0,america,israel,1,2,complete,win,america,conquest,39408,26.27,59.9,-2008690982,115,71400,24,45790,24200,e1:45 mtnk:17 fv:13 cleg:11 jumpjet:9 mgtk:6 sref:6 shad:4 orca:2 dog:1 tany:1,18,14230,14,24200,45790,r2ilat:4 r2ilrifle:4 r2merkava:3 r2ilhowitzer:2 dog:1 r2ilfalcon:1 r2ilobserver:1 r2ilshield:1 r2namer:1
rr.tournament-2a.normal.yemen-turkey.r0,tournament-2A,normal,0,yemen,turkey,1,2,complete,win,yemen,conquest,49587,33.06,68.6,-1764150323,176,65500,34,86220,48500,r2yrpg:63 r2ymr:57 r2ytechrr:19 r2technical:10 r2ymlr:8 htk:7 r2wadighost:6 dog:2 r2samad:2 r2yzu:2,59,30510,32,48500,86220,r2trrifle:22 r2trat:14 r2bozkir:8 r2yildirim:7 r2kuzgun:3 r2aras:2 dog:1 r2sancak:1 r2trdroneop:1
rr.dustbowl.normal.yemen-america.r0,dustbowl,normal,0,yemen,america,1,2,complete,win,america,conquest,27764,18.51,45.2,-1415410082,33,10200,13,12800,36950,r2ymr:14 r2yrpg:9 r2technical:4 r2yzu:3 r2ytechrr:2 r2ymlr:1,42,22200,25,36950,12800,e1:20 fv:7 mtnk:6 cleg:2 jumpjet:2 shad:2 sref:2 orca:1
rr.dustbowl.normal.turkey-saudi.r0,dustbowl,normal,0,turkey,saudi,1,2,complete,win,saudi,conquest,21518,14.35,37.6,-1408479808,18,7785,10,12580,31195,r2trrifle:7 r2bozkir:4 r2trat:4 r2aras:2 dog:1,28,17500,16,31195,12580,r2sang:10 r2m1a2s:7 r2saat:6 r2caesar:2 dog:1 r2bradley:1 r2sads:1
rr.tournament-2a.normal.israel-yemen.r0,tournament-2A,normal,0,israel,yemen,1,2,complete,win,yemen,conquest,20866,13.91,33.7,-1077320483,7,3940,7,12050,25250,r2ilat:2 r2ilrifle:2 dog:1 r2merkava:1 r2namer:1,46,14350,16,25250,12050,r2ymr:18 r2yrpg:13 r2technical:6 r2ytechrr:5 r2yzu:2 htk:1 r2ymlr:1
rr.dustbowl.normal.russia-hezbollah.r0,dustbowl,normal,0,russia,hezbollah,1,2,complete,win,russia,conquest,50665,33.78,71.8,-1031653396,196,78350,31,74250,46650,e2:82 flakt:40 shk:36 htnk:10 ttnk:9 htk:8 apoc:5 ivan:2 yuri:2 zep:2,82,29900,24,42850,75050,r2hzrifle:31 r2hzat:19 r2hztechnical:13 r2hzrecoilless:9 r2hzrockets:4 r2hzdrone:2 r2hzscout:2 htk:1 r2hzescort:1
rr.dustbowl.normal.russia-saudi.r0,dustbowl,normal,0,russia,saudi,1,2,complete,win,russia,conquest,54202,36.13,75.4,-961493082,163,58950,30,80350,37450,e2:74 flakt:34 shk:25 htnk:9 ttnk:8 htk:7 apoc:3 dog:2 zep:1,44,33090,26,34150,78050,r2sang:12 r2m1a2s:11 r2saat:10 r2sads:3 r2bradley:2 r2caesar:2 dog:1 r2ah64sa:1 r2f15sa:1 r2falcon:1
rr.tournament-2a.normal.iran-america.r0,tournament-2A,normal,0,iran,america,1,2,complete,win,iran,conquest,45113,30.08,63.4,-739522454,187,62870,32,55500,40050,r2basij:108 r2toophan:45 r2karrar:13 r2fajr:6 r2coast:4 r2dronecontrol:3 dog:2 htk:2 r2raad:2 r2azar:1 r2mohajer:1,49,17100,19,40050,55500,e1:33 mtnk:9 fv:5 dog:1 shad:1
rr.dustbowl.normal.iran-turkey.r0,dustbowl,normal,0,iran,turkey,1,2,complete,win,iran,conquest,45498,30.33,72.2,-312811359,245,76010,29,80960,51980,r2basij:144 r2toophan:60 r2karrar:16 r2fajr:6 dog:4 htk:4 r2raad:3 r2coast:2 r2mohajer:2 r2toufan:2 r2dronecontrol:1 r2loiter:1,53,29005,29,51630,80610,r2trrifle:21 r2bozkir:11 r2trat:11 r2yildirim:3 dog:1 r2aras:1 r2gokkalkan:1 r2greywolf:1 r2sahin:1 r2sancak:1 r2turna:1
rr.dustbowl.normal.israel-turkey.r0,dustbowl,normal,0,israel,turkey,1,2,complete,win,israel,conquest,36188,24.13,56.4,-207201286,71,46230,31,45820,21520,r2ilrifle:29 r2ilat:16 r2merkava:11 r2ilhowitzer:5 r2ilshield:3 r2namer:2 dog:1 r2ilfalcon:1 r2ilgunship:1 r2ilobserver:1 r2ilrecon:1,31,15460,17,21520,45820,r2trrifle:12 r2bozkir:7 r2trat:6 r2aras:2 r2yildirim:2 dog:1 r2kuzgun:1
rr.dustbowl.normal.iran-yemen.r0,dustbowl,normal,0,iran,yemen,1,2,complete,win,yemen,conquest,57893,38.6,90.8,-104755236,181,62270,44,81450,132690,r2basij:103 r2toophan:43 r2karrar:15 r2fajr:6 dog:3 r2coast:3 r2raad:3 r2loiter:2 htk:1 r2azar:1 r2toufan:1,270,92500,34,128590,78050,r2ymr:101 r2yrpg:90 r2technical:31 r2ytechrr:14 r2ymlr:9 r2wadighost:8 htk:7 r2samad:4 dog:2 r2yspot:2 r2yzu:2
rr.dustbowl.normal.yemen-turkey.r0,dustbowl,normal,0,yemen,turkey,1,2,complete,win,yemen,conquest,28088,18.73,46.3,358176897,79,23750,18,51640,15100,r2ymr:34 r2yrpg:23 r2ytechrr:8 r2technical:7 r2ymlr:2 r2yspot:2 r2yzu:2 htk:1,35,13730,17,15100,51640,r2trrifle:16 r2trat:8 r2bozkir:4 r2sancak:4 dog:2 r2aras:1
rr.dustbowl.normal.saudi-iran.r0,dustbowl,normal,0,saudi,iran,1,2,complete,win,iran,conquest,38951,25.97,58.3,409500020,46,29120,31,48730,84680,r2sang:16 r2saat:14 r2m1a2s:9 r2caesar:3 dog:1 r2ah64sa:1 r2bradley:1 r2f15sa:1,236,76970,30,84460,48510,r2basij:138 r2toophan:54 r2karrar:12 r2dronecontrol:8 r2fajr:6 r2raad:4 htk:3 dog:2 r2azar:2 r2coast:2 r2loiter:2 r2toufan:2 r2mohajer:1
rr.tournament-2a.normal.turkey-iran.r0,tournament-2A,normal,0,turkey,iran,1,2,complete,win,iran,conquest,16636,11.09,28.4,804002640,7,2160,6,7960,18120,dog:2 r2trat:2 r2trrifle:2 r2aras:1,53,16690,16,18120,7960,r2basij:31 r2toophan:12 r2karrar:5 r2fajr:2 dog:1 htk:1 r2mohajer:1
rr.tournament-2a.normal.iran-hezbollah.r0,tournament-2A,normal,0,iran,hezbollah,1,2,complete,win,hezbollah,conquest,23309,15.54,37.0,822123278,25,8830,9,14400,30300,r2basij:12 r2toophan:9 r2karrar:2 r2raad:2,88,26775,23,30300,14400,r2hzrifle:40 r2hzat:24 r2hztechnical:9 r2hzrecoilless:5 r2hzdrone:4 r2hzrockets:3 r2hzescort:2 r2hzspotter:1
rr.tournament-2a.normal.hezbollah-america.r0,tournament-2A,normal,0,hezbollah,america,1,2,complete,win,hezbollah,conquest,23855,15.9,37.5,993426996,74,24450,23,37700,11900,r2hzrifle:26 r2hzat:23 r2hztechnical:8 r2hzrecoilless:7 r2hzdrone:3 r2hzrockets:3 htk:2 dog:1 r2hzescort:1,18,8200,14,11900,37700,e1:10 mtnk:4 fv:1 jumpjet:1 orca:1 shad:1
rr.dustbowl.normal.hezbollah-china.r0,dustbowl,normal,0,hezbollah,china,1,2,complete,win,hezbollah,conquest,21070,14.05,36.6,1089744601,64,19700,19,35270,12550,r2hzrifle:28 r2hzat:17 r2hztechnical:6 r2hzrecoilless:4 r2hzdrone:3 r2hzescort:2 r2hzrockets:2 dog:1 htk:1,19,8430,12,12550,35270,r2cnrifle:9 r2cnportable:4 r2qilin:3 r2zbd:2 r2phl:1
rr.dustbowl.normal.yemen-israel.r0,dustbowl,normal,0,yemen,israel,1,2,complete,win,israel,conquest,37231,24.82,56.1,1192046282,36,9400,21,32530,44050,r2yrpg:19 r2ymr:15 r2ymlr:1 r2ytechrr:1,85,53580,31,44050,32530,r2ilrifle:34 r2ilat:21 r2merkava:15 r2ilshield:4 r2ilhowitzer:3 dog:2 r2namer:2 r2ilfalcon:1 r2ilgunship:1 r2ilobserver:1 r2ilrecon:1
rr.tournament-2a.normal.turkey-israel.r0,tournament-2A,normal,0,turkey,israel,1,2,complete,win,israel,conquest,41206,27.47,58.7,1368868609,47,19805,22,29480,63665,r2trrifle:21 r2trat:12 r2bozkir:5 r2aras:3 r2sancak:2 r2yildirim:2 dog:1 r2kuzgun:1,65,43510,29,63665,29480,r2ilrifle:28 r2merkava:15 r2ilat:11 r2ilhowitzer:3 dog:2 r2namer:2 r2ilfalcon:1 r2ilgunship:1 r2ilrecon:1 r2ilshield:1
rr.dustbowl.normal.russia-china.r0,dustbowl,normal,0,russia,china,1,2,complete,win,russia,conquest,47489,31.66,73.6,1455212494,226,81500,28,91530,43900,e2:104 shk:47 flakt:44 apoc:8 htk:8 ttnk:6 htnk:4 ivan:2 yuri:2 zep:1,63,34440,32,43900,91530,r2cnrifle:22 r2cnportable:15 r2qilin:11 r2phl:5 r2cloud:4 dog:1 r2crane:1 r2lynx:1 r2mantis:1 r2skyspear:1 r2zbd:1
rr.dustbowl.normal.turkey-hezbollah.r0,dustbowl,normal,0,turkey,hezbollah,1,2,complete,draw,,tick-cap,60001,40.0,90.5,1753564820,168,89585,38,71000,90750,r2trrifle:67 r2trat:36 r2bozkir:28 r2yildirim:9 r2sancak:8 r2greywolf:6 r2aras:5 r2deniz:3 r2kuzgun:2 r2trdroneop:2 dog:1 r2sahin:1,117,45300,37,90690,72550,r2hzrifle:42 r2hzat:33 r2hztechnical:19 r2hzrecoilless:8 r2hzscout:6 r2hzrockets:5 r2hzdrone:3 r2hzescort:1
rr.dustbowl.normal.israel-america.r0,dustbowl,normal,0,israel,america,1,2,complete,win,america,conquest,26618,17.75,46.1,1959141656,30,16190,17,17800,49400,r2ilrifle:12 r2ilat:10 r2merkava:4 dog:1 r2ilhowitzer:1 r2ilshield:1 r2namer:1,72,39500,23,49400,17800,e1:33 mtnk:11 fv:8 cleg:4 jumpjet:4 mgtk:4 sref:3 shad:2 dog:1 orca:1 tany:1
rr.dustbowl.normal.turkey-america.r0,dustbowl,normal,0,turkey,america,1,2,complete,win,america,conquest,21061,14.04,38.1,-2099541208,24,10190,17,12100,42750,r2trrifle:8 r2trat:6 dog:3 r2bozkir:3 r2aras:1 r2sancak:1 r2trdroneop:1 r2yildirim:1,52,22600,21,42750,12100,e1:27 mtnk:12 jumpjet:5 fv:4 shad:2 dog:1 orca:1
rr.dustbowl.normal.hezbollah-iran.r0,dustbowl,normal,0,hezbollah,iran,1,2,complete,draw,,tick-cap,60001,40.0,89.4,-1874633119,358,123700,35,137400,104700,r2hzrifle:150 r2hzat:100 r2hztechnical:38 r2hzrecoilless:23 r2hzrockets:13 r2hzdrone:12 r2hzscout:11 htk:7 dog:2 r2hzescort:2,192,67650,47,102440,137470,r2basij:100 r2toophan:46 r2karrar:18 r2fajr:8 htk:5 r2dronecontrol:4 dog:3 r2loiter:3 r2raad:3 r2coast:1 r2mohajer:1
rr.dustbowl.normal.saudi-turkey.r0,dustbowl,normal,0,saudi,turkey,1,2,complete,win,turkey,conquest,49325,32.88,71.5,-1718544863,62,49380,38,56610,113340,r2sang:19 r2saat:15 r2m1a2s:12 r2caesar:5 r2ah64sa:4 r2f15sa:3 r2falcon:2 dog:1 r2bradley:1,159,76220,33,113340,56610,r2trrifle:74 r2trat:30 r2bozkir:27 r2gokkalkan:6 r2yildirim:6 dog:3 r2greywolf:3 r2sancak:3 r2aras:2 r2deniz:2 r2kuzgun:2 r2sahin:1
rr.tournament-2a.normal.iran-yemen.r0,tournament-2A,normal,0,iran,yemen,1,2,complete,win,yemen,conquest,20419,13.61,33.6,-1637743882,38,11430,9,18350,34300,r2basij:22 r2toophan:9 r2karrar:4 htk:2 r2raad:1,92,29425,24,34300,18350,r2ymr:36 r2yrpg:26 r2technical:11 r2ytechrr:8 htk:3 r2samad:3 r2ymlr:3 r2yspot:1 r2yzu:1
rr.tournament-2a.normal.america-israel.r0,tournament-2A,normal,0,america,israel,1,2,complete,win,israel,conquest,26609,17.74,41.6,-1299238700,24,8900,13,15080,37200,e1:15 mtnk:5 fv:2 dog:1 shad:1,38,25520,25,37200,15080,r2ilrifle:16 r2ilat:7 r2merkava:6 r2ilhowitzer:3 r2ilshield:2 dog:1 r2ilfalcon:1 r2ilgunship:1 r2namer:1
rr.tournament-2a.normal.russia-saudi.r0,tournament-2A,normal,0,russia,saudi,1,2,complete,win,saudi,conquest,23198,15.47,36.4,-1004674322,23,10600,13,18310,35000,shk:8 e2:7 htnk:4 flakt:2 htk:1 ttnk:1,59,29200,25,35000,18310,r2sang:30 r2saat:12 r2m1a2s:9 dog:2 r2bradley:2 r2caesar:2 r2sads:2
rr.dustbowl.normal.saudi-america.r0,dustbowl,normal,0,saudi,america,1,2,complete,win,america,conquest,56477,37.65,77.0,-979931492,49,40760,32,61700,98020,r2sang:13 r2saat:11 r2m1a2s:9 r2caesar:4 r2ah64sa:3 r2sads:3 r2f15sa:2 r2falcon:2 dog:1 r2bradley:1,144,85000,33,98220,61900,e1:61 fv:18 mtnk:14 jumpjet:12 sref:10 cleg:8 mgtk:8 shad:6 orca:4 tany:2 dog:1
rr.dustbowl.normal.yemen-russia.r0,dustbowl,normal,0,yemen,russia,1,2,complete,win,yemen,conquest,18961,12.64,34.3,-883689380,50,15700,16,21300,11550,r2ymr:18 r2yrpg:16 r2technical:7 r2ytechrr:6 r2yzu:2 r2ymlr:1,8,3600,9,11550,21300,shk:4 e2:2 htk:1 htnk:1
rr.tournament-2a.normal.israel-russia.r0,tournament-2A,normal,0,israel,russia,1,2,complete,win,russia,conquest,21411,14.27,35.1,-637472953,2,700,5,5700,14810,dog:1 r2ilat:1,17,7800,10,12810,3700,shk:6 e2:3 flakt:3 htk:3 htnk:1 ttnk:1
rr.tournament-2a.normal.turkey-america.r0,tournament-2A,normal,0,turkey,america,1,2,complete,win,america,conquest,18174,12.12,30.6,-540088819,22,9445,16,11100,39555,r2trrifle:9 r2bozkir:4 r2trat:4 dog:2 r2aras:1 r2gokkalkan:1 r2sancak:1,64,23100,20,39555,11100,e1:41 mtnk:9 fv:6 dog:3 jumpjet:2 shad:2 orca:1
rr.dustbowl.normal.yemen-iran.r0,dustbowl,normal,0,yemen,iran,1,2,complete,win,yemen,conquest,38837,25.89,57.7,-286625640,168,55500,27,48920,33950,r2ymr:64 r2yrpg:51 r2technical:21 r2ytechrr:15 r2ymlr:5 htk:3 r2wadighost:3 dog:2 r2samad:2 r2yzu:2,50,18600,18,32600,50720,r2basij:25 r2toophan:13 r2karrar:5 r2fajr:2 r2raad:2 dog:1 r2loiter:1 r2mohajer:1
rr.dustbowl.normal.israel-saudi.r0,dustbowl,normal,0,israel,saudi,1,2,complete,draw,,tick-cap,60001,40.0,83.2,-233099872,91,77110,45,92300,102630,r2ilrifle:28 r2ilat:20 r2merkava:16 r2ilhowitzer:7 r2ilfalcon:6 r2ilshield:5 r2ilgunship:4 r2ilrecon:3 dog:1 r2namer:1,128,97060,31,102410,92080,r2sang:43 r2saat:31 r2m1a2s:22 r2caesar:7 r2f15sa:6 r2sads:6 r2ah64sa:5 r2falcon:5 dog:1 r2bradley:1 r2sajtac:1
rr.tournament-2a.normal.turkey-hezbollah.r0,tournament-2A,normal,0,turkey,hezbollah,1,2,complete,win,hezbollah,conquest,46081,30.72,64.4,-210777863,52,28045,28,40300,80305,r2trrifle:19 r2trat:13 r2bozkir:10 r2yildirim:4 r2aras:2 dog:1 r2greywolf:1 r2kuzgun:1 r2sahin:1,172,61750,34,78305,38300,r2hzrifle:76 r2hzat:42 r2hztechnical:14 r2hzrecoilless:12 r2hzdrone:11 r2hzscout:6 r2hzrockets:5 r2hzescort:4 r2hzspotter:2
rr.dustbowl.normal.turkey-china.r0,dustbowl,normal,0,turkey,china,1,2,complete,win,turkey,conquest,53125,35.42,74.8,293407967,192,88635,29,119170,67100,r2trrifle:97 r2trat:34 r2bozkir:30 r2gokkalkan:5 r2sancak:5 r2yildirim:5 r2turna:4 r2aras:3 r2deniz:3 dog:2 r2greywolf:2 r2kuzgun:1 r2sahin:1,84,47530,40,70050,122120,r2cnrifle:34 r2cnportable:17 r2qilin:9 r2phl:7 r2cloud:5 r2lynx:3 r2mantis:2 r2redspear:2 r2skyspear:2 dog:1 r2crane:1 r2zbd:1
rr.tournament-2a.normal.iran-china.r0,tournament-2A,normal,0,iran,china,1,2,complete,win,iran,conquest,26657,17.77,41.7,435868989,75,26240,20,38800,17420,r2basij:41 r2toophan:17 r2karrar:7 r2fajr:3 r2raad:3 htk:2 r2dronecontrol:1 r2loiter:1,27,13060,13,17420,38800,r2cnportable:8 r2cnrifle:8 r2qilin:5 r2zbd:2 dog:1 r2cloud:1 r2lynx:1 r2phl:1
rr.tournament-2a.normal.hezbollah-russia.r0,tournament-2A,normal,0,hezbollah,russia,1,2,complete,win,russia,conquest,30354,20.24,46.5,600030135,56,17200,19,25100,48950,r2hzrifle:23 r2hzat:16 r2hztechnical:8 r2hzrecoilless:5 r2hzrockets:2 htk:1 r2hzdrone:1,81,32800,23,44450,21400,e2:33 flakt:14 shk:14 htnk:8 htk:5 ttnk:5 ivan:1 zep:1
rr.tournament-2a.normal.israel-iran.r0,tournament-2A,normal,0,israel,iran,1,2,complete,win,iran,conquest,19579,13.05,32.7,853665747,11,7240,7,10250,28550,r2ilat:4 r2ilrifle:2 r2merkava:2 r2namer:2 dog:1,51,17010,15,28640,10340,r2basij:29 r2toophan:10 r2karrar:6 htk:2 r2fajr:2 dog:1 r2raad:1
rr.dustbowl.normal.china-saudi.r0,dustbowl,normal,0,china,saudi,1,2,complete,win,saudi,conquest,24898,16.6,40.4,1040478975,20,9260,13,8020,39850,r2cnrifle:8 r2cnportable:5 r2qilin:4 r2cloud:1 r2lynx:1 r2phl:1,41,23910,23,39850,8020,r2sang:18 r2saat:8 r2m1a2s:6 dog:2 r2bradley:2 r2sads:2 r2ah64sa:1 r2caesar:1 r2f15sa:1
rr.dustbowl.normal.yemen-hezbollah.r0,dustbowl,normal,0,yemen,hezbollah,1,2,complete,win,yemen,conquest,41411,27.61,62.3,1065862040,266,77450,31,70400,56350,r2ymr:122 r2yrpg:96 r2technical:15 r2ytechrr:13 r2ymlr:7 htk:5 r2wadighost:4 dog:2 r2samad:2,85,25750,25,54250,70900,r2hzrifle:35 r2hzat:25 r2hztechnical:12 r2hzrecoilless:8 r2hzdrone:2 r2hzrockets:2 r2hzescort:1
rr.tournament-2a.normal.turkey-china.r0,tournament-2A,normal,0,turkey,china,1,2,complete,draw,,tick-cap,60001,40.0,83.5,1182238586,57,31765,29,66300,49325,r2trrifle:23 r2trat:11 r2bozkir:10 r2yildirim:5 r2gokkalkan:2 dog:1 r2aras:1 r2greywolf:1 r2sahin:1 r2sancak:1 r2turna:1,117,47340,14,49325,66300,r2cnrifle:52 r2cnportable:27 r2qilin:20 r2zbd:8 r2lynx:7 dog:1 r2cloud:1 r2phl:1
rr.dustbowl.normal.china-israel.r0,dustbowl,normal,0,china,israel,1,2,complete,win,israel,conquest,35114,23.41,52.4,1443977256,46,23480,24,26580,72620,r2cnrifle:19 r2cnportable:10 r2cloud:6 r2qilin:5 r2lynx:2 r2phl:2 r2skyspear:1 r2zbd:1,89,56530,27,72620,26580,r2ilrifle:39 r2ilat:18 r2merkava:15 r2ilhowitzer:4 r2ilshield:4 r2ilgunship:2 r2ilobserver:2 r2namer:2 dog:1 r2ilfalcon:1 r2ilrecon:1
rr.dustbowl.normal.russia-turkey.r0,dustbowl,normal,0,russia,turkey,1,2,complete,win,russia,conquest,47182,31.45,74.7,1689331128,254,99900,30,115195,53350,e2:101 shk:58 flakt:43 htk:16 ttnk:14 htnk:11 apoc:4 ivan:3 dog:2 zep:2,83,41335,41,52850,114695,r2trrifle:37 r2trat:17 r2bozkir:15 r2yildirim:4 r2kuzgun:3 r2gokkalkan:2 dog:1 r2deniz:1 r2greywolf:1 r2sahin:1 r2sancak:1
rr.tournament-2a.normal.saudi-israel.r0,tournament-2A,normal,0,saudi,israel,1,2,complete,win,israel,conquest,16209,10.81,29.1,1969750732,4,1140,6,5230,17700,r2sang:2 dog:1 r2saat:1,21,14130,12,17700,5230,r2ilrifle:9 r2ilat:4 r2merkava:3 dog:1 r2ilfalcon:1 r2ilgunship:1 r2ilhowitzer:1 r2namer:1
rr.dustbowl.normal.america-hezbollah.r0,dustbowl,normal,0,america,hezbollah,1,2,complete,win,america,conquest,21721,14.48,38.3,2016495860,26,14300,18,34650,8500,e1:13 mtnk:5 cleg:2 fv:2 jumpjet:1 orca:1 shad:1 sref:1,33,10150,12,8500,35150,r2hzrifle:13 r2hzat:10 r2hztechnical:5 r2hzrecoilless:2 htk:1 r2hzdrone:1 r2hzrockets:1
rr.tournament-2a.normal.china-yemen.r1,tournament-2A,normal,1,china,yemen,1,2,complete,win,yemen,conquest,32770,21.85,49.1,-2033189764,40,20210,20,25675,62350,r2cnrifle:18 r2cnportable:8 r2qilin:7 r2phl:3 r2cloud:2 r2skyspear:1 r2zbd:1,98,35575,24,62750,26075,r2ymr:31 r2yrpg:27 r2technical:13 r2ytechrr:9 r2ymlr:5 r2samad:4 r2yzu:3 dog:2 htk:2 r2wadighost:1 r2yspot:1
rr.tournament-2a.normal.america-china.r1,tournament-2A,normal,1,america,china,1,2,complete,win,america,conquest,32516,21.68,48.0,-1894784106,108,59400,24,56430,31300,e1:48 mtnk:17 fv:13 jumpjet:9 cleg:7 mgtk:4 sref:4 shad:3 dog:1 orca:1 tany:1,43,19590,19,31300,56430,r2cnrifle:17 r2cnportable:14 r2qilin:6 r2lynx:2 r2phl:2 r2cloud:1 r2skyspear:1
rr.tournament-2a.normal.iran-russia.r1,tournament-2A,normal,1,iran,russia,1,2,complete,win,russia,conquest,38167,25.44,54.3,-1860018989,58,20590,20,26900,55610,r2basij:31 r2toophan:14 r2karrar:7 r2fajr:2 htk:1 r2loiter:1 r2mohajer:1 r2raad:1,81,32050,21,54710,28100,e2:35 shk:16 flakt:12 htk:6 htnk:6 ttnk:4 apoc:1 zep:1
rr.tournament-2a.normal.russia-israel.r1,tournament-2A,normal,1,russia,israel,1,2,complete,win,israel,conquest,55046,36.7,75.0,-1543967945,73,33050,28,65430,79950,e2:25 shk:19 flakt:9 htnk:9 htk:5 ttnk:5 apoc:1,126,80950,35,78000,71880,r2ilrifle:55 r2ilat:28 r2merkava:19 r2ilhowitzer:8 r2ilshield:4 r2ilfalcon:3 dog:2 r2ilgunship:2 r2ilrecon:2 r2namer:2 r2ilobserver:1
rr.dustbowl.normal.yemen-israel.r1,dustbowl,normal,1,yemen,israel,1,2,complete,win,yemen,conquest,34174,22.78,52.0,-1414782274,104,36650,28,49240,27500,r2ymr:36 r2yrpg:28 r2technical:18 r2ytechrr:11 r2ymlr:4 htk:3 r2wadighost:2 r2yzu:2,18,14880,18,27500,49240,r2ilat:4 r2ilrifle:4 r2merkava:3 r2ilhowitzer:2 dog:1 r2ilfalcon:1 r2ilgunship:1 r2ilobserver:1 r2namer:1
rr.tournament-2a.normal.turkey-iran.r1,tournament-2A,normal,1,turkey,iran,1,2,complete,win,iran,conquest,39009,26.01,55.9,-1316472632,46,27930,23,35680,70940,r2trrifle:16 r2trat:9 r2bozkir:8 r2yildirim:3 dog:2 r2aras:2 r2gokkalkan:2 amcv:1 r2greywolf:1 r2sahin:1 r2sancak:1,159,54300,30,70940,35680,r2basij:90 r2toophan:40 r2karrar:9 htk:4 r2coast:3 r2fajr:3 r2dronecontrol:2 r2mohajer:2 r2raad:2 r2toufan:2 dog:1 r2azar:1
rr.tournament-2a.normal.yemen-israel.r1,tournament-2A,normal,1,yemen,israel,1,2,complete,win,israel,conquest,44789,29.86,63.6,-894139528,58,18400,20,37080,48500,r2ymr:19 r2yrpg:18 r2technical:10 r2ytechrr:7 r2yzu:3 htk:1,76,49560,33,48500,37080,r2ilrifle:33 r2ilat:15 r2merkava:12 r2ilhowitzer:5 r2ilshield:4 r2ilgunship:2 dog:1 r2ilfalcon:1 r2ilobserver:1 r2ilrecon:1 r2namer:1
rr.tournament-2a.normal.america-yemen.r1,tournament-2A,normal,1,america,yemen,1,2,complete,win,america,conquest,52657,35.1,71.4,-793583708,123,75400,27,84800,51800,e1:42 jumpjet:21 fv:17 mtnk:12 cleg:8 mgtk:8 shad:5 sref:5 orca:3 dog:1 tany:1,110,38350,28,51800,84800,r2ymr:38 r2yrpg:32 r2technical:15 r2ytechrr:9 r2ymlr:5 r2yzu:4 htk:3 dog:2 r2wadighost:2
rr.dustbowl.normal.america-yemen.r1,dustbowl,normal,1,america,yemen,1,2,complete,draw,,tick-cap,60001,40.0,83.8,-755559004,176,105400,26,101750,75400,e1:64 jumpjet:29 fv:21 mtnk:15 mgtk:13 shad:10 sref:10 cleg:7 tany:4 orca:2 dog:1,178,70800,43,75400,101750,r2ymr:57 r2yrpg:54 r2technical:21 r2ytechrr:17 r2yzu:10 r2ymlr:9 r2wadighost:8 htk:2
rr.tournament-2a.normal.america-hezbollah.r1,tournament-2A,normal,1,america,hezbollah,1,2,complete,win,america,conquest,35158,23.44,52.0,-258089728,101,63300,24,43650,24500,e1:42 fv:10 mtnk:10 cleg:9 mgtk:9 jumpjet:6 sref:6 shad:3 tany:3 orca:2 dog:1,65,17600,15,23550,44600,r2hzrifle:33 r2hzat:17 r2hztechnical:6 r2hzrecoilless:4 htk:2 r2hzspotter:2 r2hzrockets:1
rr.dustbowl.normal.hezbollah-saudi.r1,dustbowl,normal,1,hezbollah,saudi,1,2,complete,win,hezbollah,conquest,37130,24.75,59.0,-76342153,197,62000,34,78650,40450,r2hzrifle:85 r2hzat:63 r2hztechnical:17 r2hzrecoilless:11 r2hzdrone:8 r2hzrockets:4 r2hzscout:4 dog:3 htk:1 r2hzescort:1,45,26590,27,40450,78650,r2sang:17 r2saat:12 r2m1a2s:10 r2caesar:3 dog:1 r2bradley:1 r2sads:1
rr.dustbowl.normal.yemen-america.r1,dustbowl,normal,1,yemen,america,1,2,complete,draw,,tick-cap,60001,40.0,87.0,82995456,338,122200,31,98900,121200,r2ymr:128 r2yrpg:100 r2technical:32 r2ytechrr:29 r2ymlr:13 r2wadighost:12 htk:9 r2yzu:9 dog:2 r2samad:2 r2yspot:2,188,98900,40,121200,98900,e1:84 fv:33 jumpjet:18 mtnk:18 shad:11 mgtk:8 cleg:7 sref:4 orca:2 tany:2 dog:1
rr.tournament-2a.normal.saudi-china.r1,tournament-2A,normal,1,saudi,china,1,2,complete,win,saudi,conquest,42715,28.48,61.4,264168988,77,50520,32,68500,31420,r2sang:31 r2saat:16 r2m1a2s:11 r2sads:4 r2ah64sa:3 r2f15sa:3 dog:2 r2bradley:2 r2caesar:2 r2sajtac:2 r2falcon:1,43,22710,24,31420,68500,r2cnrifle:18 r2cnportable:11 r2qilin:5 r2cloud:3 r2phl:3 r2skyspear:2 r2zbd:1
rr.dustbowl.normal.turkey-yemen.r1,dustbowl,normal,1,turkey,yemen,1,2,complete,win,yemen,conquest,31196,20.8,47.9,514519129,33,14320,21,24525,50330,r2trrifle:14 r2trat:9 r2bozkir:4 r2sancak:2 r2yildirim:2 dog:1 r2aras:1,106,39525,28,50330,24525,r2ymr:35 r2yrpg:33 r2ytechrr:12 r2technical:7 r2ymlr:6 htk:4 r2samad:3 r2yspot:3 r2wadighost:2 r2yzu:1
rr.tournament-2a.normal.yemen-hezbollah.r1,tournament-2A,normal,1,yemen,hezbollah,1,2,complete,win,yemen,conquest,28308,18.87,44.0,879523727,124,38925,28,46900,23200,r2ymr:48 r2yrpg:38 r2technical:15 r2ytechrr:12 r2ymlr:4 htk:3 r2samad:3 r2yspot:1,43,12750,20,23200,46900,r2hzat:17 r2hzrifle:17 r2hzrecoilless:4 r2hztechnical:2 htk:1 r2hzdrone:1 r2hzrockets:1
rr.tournament-2a.normal.america-israel.r1,tournament-2A,normal,1,america,israel,1,2,complete,win,america,conquest,35371,23.58,52.0,954078018,76,48400,25,70850,29200,e1:26 mtnk:14 jumpjet:8 fv:7 cleg:6 shad:4 sref:4 mgtk:2 orca:2 tany:2 dog:1,44,29140,26,29200,70850,r2ilat:14 r2ilrifle:12 r2merkava:6 r2ilhowitzer:4 dog:3 r2ilshield:3 r2ilfalcon:1 r2namer:1
rr.dustbowl.normal.turkey-america.r1,dustbowl,normal,1,turkey,america,1,2,complete,win,turkey,conquest,48920,32.61,70.5,993181024,147,74190,26,115450,50355,r2trrifle:68 r2trat:27 r2bozkir:24 r2gokkalkan:9 r2greywolf:4 r2yildirim:4 dog:2 r2kuzgun:2 r2sancak:2 r2turna:2 r2aras:1 r2deniz:1 r2sahin:1,74,45100,38,49405,114500,e1:28 jumpjet:10 shad:9 fv:8 orca:7 mtnk:6 cleg:3 sref:2 dog:1
rr.tournament-2a.normal.iran-america.r1,tournament-2A,normal,1,iran,america,1,2,complete,win,america,conquest,31766,21.18,48.4,1319845461,28,9410,9,17100,29880,r2basij:14 r2toophan:8 r2karrar:3 htk:2 r2raad:1,49,26800,24,30280,17500,e1:22 mtnk:10 fv:5 jumpjet:3 cleg:2 orca:2 shad:2 mgtk:1 sref:1 tany:1
rr.dustbowl.normal.israel-hezbollah.r1,dustbowl,normal,1,israel,hezbollah,1,2,complete,win,israel,conquest,26528,17.69,45.0,1476284081,34,22300,23,13050,13180,r2ilrifle:15 r2ilat:6 r2merkava:5 r2ilhowitzer:2 r2ilshield:2 dog:1 r2ilfalcon:1 r2ilgunship:1 r2namer:1,2,450,5,13180,13050,r2hzat:1 r2hzrifle:1
rr.tournament-2a.normal.america-turkey.r1,tournament-2A,normal,1,america,turkey,1,2,complete,win,america,conquest,29415,19.61,45.3,1699610870,42,16900,15,46180,19600,e1:25 mtnk:7 fv:5 shad:2 dog:1 jumpjet:1 orca:1,34,15070,13,19600,46180,r2trrifle:14 r2trat:8 r2bozkir:5 r2gokkalkan:3 r2aras:2 dog:1 r2sancak:1
rr.dustbowl.normal.china-yemen.r1,dustbowl,normal,1,china,yemen,1,2,complete,win,yemen,conquest,17735,11.82,33.4,1803110447,17,7510,11,9200,34000,r2cnrifle:8 r2cnportable:3 r2lynx:2 r2qilin:2 r2phl:1 r2zbd:1,45,14400,13,34000,9200,r2ymr:17 r2yrpg:14 r2technical:5 r2ytechrr:5 r2ymlr:2 htk:1 r2yzu:1
rr.tournament-2a.normal.saudi-israel.r1,tournament-2A,normal,1,saudi,israel,1,2,complete,win,israel,conquest,53558,35.71,74.3,1926541068,39,31210,31,61210,88170,r2sang:13 r2saat:8 r2m1a2s:6 r2caesar:3 r2f15sa:3 r2ah64sa:2 dog:1 r2bradley:1 r2falcon:1 r2sads:1,103,75990,37,88170,61210,r2ilrifle:42 r2ilat:20 r2merkava:14 r2ilfalcon:6 r2ilhowitzer:6 r2ilgunship:5 r2ilshield:3 dog:2 r2ilrecon:2 r2namer:2 r2ilobserver:1
rr.tournament-2a.normal.turkey-yemen.r1,tournament-2A,normal,1,turkey,yemen,1,2,complete,win,turkey,conquest,42746,28.5,61.0,2138585309,134,60665,29,63600,39625,r2trrifle:63 r2trat:28 r2bozkir:24 r2yildirim:5 r2aras:3 dog:2 r2gokkalkan:2 r2kuzgun:2 r2sancak:2 r2greywolf:1 r2sahin:1 r2trdroneop:1,92,29350,19,39625,63600,r2ymr:37 r2yrpg:30 r2technical:10 r2ytechrr:6 htk:5 r2ymlr:2 dog:1 smcv:1
rr.dustbowl.normal.yemen-hezbollah.r1,dustbowl,normal,1,yemen,hezbollah,1,2,complete,draw,,tick-cap,60001,40.0,81.8,-2142520399,243,92250,39,104700,101650,r2ymr:88 r2yrpg:75 r2technical:28 r2ytechrr:21 r2wadighost:12 r2ymlr:10 r2yzu:5 htk:4,219,84200,56,101650,104700,r2hzrifle:80 r2hzat:56 r2hztechnical:31 r2hzrecoilless:17 r2hzdrone:10 r2hzrockets:9 r2hzscout:9 htk:5 r2hzescort:2
rr.tournament-2a.normal.yemen-russia.r1,tournament-2A,normal,1,yemen,russia,1,2,complete,win,russia,conquest,26782,17.85,41.5,-1626468895,52,16100,16,20700,47650,r2yrpg:19 r2ymr:18 r2technical:6 r2ytechrr:6 htk:1 r2ymlr:1 r2yzu:1,80,30200,25,47650,20700,e2:30 shk:23 flakt:15 ttnk:4 htk:3 htnk:3 dog:1 zep:1
rr.dustbowl.normal.america-hezbollah.r1,dustbowl,normal,1,america,hezbollah,1,2,complete,draw,,tick-cap,60001,40.0,83.3,-1546930446,165,105400,33,79500,74300,e1:51 jumpjet:33 fv:18 mtnk:17 shad:11 sref:10 cleg:9 mgtk:7 orca:5 tany:3 dog:1,165,68750,42,74300,79500,r2hzrifle:55 r2hzat:41 r2hztechnical:22 r2hzrecoilless:14 r2hzscout:10 r2hzrockets:8 htk:6 r2hzdrone:4 r2hzescort:3 dog:2
rr.tournament-2a.normal.hezbollah-russia.r1,tournament-2A,normal,1,hezbollah,russia,1,2,complete,win,hezbollah,conquest,18618,12.41,32.1,-1323276493,48,15000,17,21600,10400,r2hzrifle:19 r2hzat:14 r2hztechnical:7 r2hzrecoilless:3 r2hzdrone:2 r2hzescort:2 r2hzrockets:1,11,4300,8,10400,21600,e2:5 shk:3 htnk:2 htk:1
rr.tournament-2a.normal.hezbollah-turkey.r1,tournament-2A,normal,1,hezbollah,turkey,1,2,complete,win,hezbollah,conquest,17576,11.72,30.8,-1210437401,46,13900,16,27565,9700,r2hzrifle:19 r2hzat:13 r2hztechnical:7 r2hzrecoilless:3 htk:1 r2hzdrone:1 r2hzescort:1 r2hzrockets:1,21,5105,10,9700,27565,r2trrifle:11 r2trat:7 dog:3
rr.tournament-2a.normal.saudi-russia.r1,tournament-2A,normal,1,saudi,russia,1,2,complete,win,saudi,conquest,24949,16.63,39.7,-1001920663,54,32370,24,24950,24030,r2sang:21 r2saat:14 r2m1a2s:10 r2sads:3 r2bradley:2 r2caesar:2 dog:1 r2f15sa:1,15,5300,10,22980,23900,e2:7 shk:4 htnk:2 flakt:1 htk:1
rr.dustbowl.normal.turkey-russia.r1,dustbowl,normal,1,turkey,russia,1,2,complete,draw,,tick-cap,60001,40.0,83.6,-901995258,131,71810,41,58300,132670,r2trrifle:52 r2trat:27 r2bozkir:22 r2yildirim:9 r2greywolf:4 r2sancak:4 r2aras:3 r2deniz:3 dog:2 r2kuzgun:2 r2sahin:2 r2gokkalkan:1,264,83850,31,132670,58300,e2:134 flakt:58 shk:31 htnk:13 htk:10 ttnk:9 dog:4 apoc:3 zep:2
rr.tournament-2a.normal.iran-saudi.r1,tournament-2A,normal,1,iran,saudi,1,2,complete,win,saudi,conquest,21634,14.42,36.1,-710967809,13,4250,6,11120,19170,r2basij:5 r2toophan:5 dog:1 htk:1 r2karrar:1,31,19940,18,19170,11120,r2sang:12 r2saat:7 r2m1a2s:5 r2sads:2 dog:1 r2ah64sa:1 r2bradley:1 r2caesar:1 r2f15sa:1
rr.tournament-2a.normal.hezbollah-yemen.r1,tournament-2A,normal,1,hezbollah,yemen,1,2,complete,win,hezbollah,conquest,39234,26.16,56.5,-605988563,118,40300,34,37800,26100,r2hzrifle:44 r2hzat:29 r2hztechnical:15 r2hzrecoilless:9 r2hzrockets:5 r2hzdrone:4 r2hzescort:4 r2hzspotter:4 dog:3 r2hzscout:1,36,11050,13,26100,38400,r2ymr:14 r2yrpg:11 r2technical:5 r2ytechrr:3 htk:1 r2ymlr:1 r2yzu:1
rr.tournament-2a.normal.saudi-hezbollah.r1,tournament-2A,normal,1,saudi,hezbollah,1,2,complete,win,hezbollah,conquest,32267,21.51,48.7,-350151022,26,16490,15,27750,47000,r2saat:7 r2sang:7 r2m1a2s:6 r2bradley:4 dog:1 r2caesar:1,125,41000,30,47000,27750,r2hzrifle:55 r2hzat:31 r2hztechnical:14 r2hzrecoilless:7 r2hzdrone:6 r2hzrockets:5 dog:2 htk:2 r2hzscout:2 r2hzescort:1
rr.dustbowl.normal.russia-china.r1,dustbowl,normal,1,russia,china,1,2,complete,win,russia,conquest,11812,7.87,25.1,-66403394,17,7800,10,24050,2700,shk:6 e2:4 flakt:3 htnk:2 htk:1 ttnk:1,13,4060,9,2700,24050,r2cnrifle:8 r2cnportable:2 r2lynx:2 r2qilin:1
rr.dustbowl.normal.saudi-yemen.r1,dustbowl,normal,1,saudi,yemen,1,2,complete,win,yemen,conquest,54060,36.04,79.2,-40156569,78,62430,42,78500,129190,r2saat:23 r2sang:19 r2m1a2s:13 r2caesar:5 r2f15sa:5 r2sads:4 r2ah64sa:3 dog:2 r2bradley:2 r2falcon:2,329,85250,36,128370,79600,r2ymr:177 r2yrpg:138 r2wadighost:10 dog:4
rr.tournament-2a.normal.israel-hezbollah.r1,tournament-2A,normal,1,israel,hezbollah,1,2,complete,win,israel,conquest,20444,13.63,34.3,137298204,28,15460,16,16750,9340,r2ilrifle:13 r2ilat:6 r2merkava:4 r2namer:2 dog:1 r2ilhowitzer:1 r2ilshield:1,10,2750,6,9340,16750,r2hzat:4 r2hzrifle:4 r2hzrecoilless:1 r2hztechnical:1
rr.dustbowl.normal.yemen-russia.r1,dustbowl,normal,1,yemen,russia,1,2,complete,win,yemen,conquest,31027,20.68,48.8,186599305,82,27850,24,29400,17400,r2ymr:28 r2yrpg:27 r2ytechrr:11 r2technical:6 r2ymlr:4 r2yzu:3 htk:2 r2samad:1,17,6900,13,16800,28800,shk:7 e2:6 htk:2 htnk:2
rr.dustbowl.normal.turkey-iran.r1,dustbowl,normal,1,turkey,iran,1,2,complete,draw,,tick-cap,60001,40.0,89.3,482068905,176,90395,30,73300,79150,r2trrifle:79 r2trat:33 r2bozkir:28 r2yildirim:8 r2kuzgun:7 r2greywolf:5 r2sancak:4 r2aras:3 dog:2 r2gokkalkan:2 r2turna:2 r2deniz:1 r2sahin:1 r2trdroneop:1,107,32480,32,79150,73300,r2basij:72 r2toophan:17 r2karrar:7 r2fajr:5 htk:2 r2raad:2 r2toufan:2
rr.dustbowl.normal.hezbollah-turkey.r1,dustbowl,normal,1,hezbollah,turkey,1,2,complete,win,hezbollah,conquest,30958,20.64,50.3,674182058,94,29300,25,48000,19400,r2hzrifle:39 r2hzat:28 r2hztechnical:9 r2hzrecoilless:7 r2hzdrone:5 r2hzescort:3 r2hzrockets:2 htk:1,24,11790,17,19400,48000,r2trrifle:8 r2trat:7 r2bozkir:5 r2yildirim:2 dog:1 r2aras:1
rr.dustbowl.normal.saudi-america.r1,dustbowl,normal,1,saudi,america,1,2,complete,win,saudi,conquest,22799,15.2,39.8,754142785,44,23910,23,29200,10820,r2sang:18 r2saat:11 r2m1a2s:8 dog:2 r2bradley:2 r2caesar:2 r2sads:1,17,6700,10,10320,28700,e1:10 mtnk:5 fv:2
rr.dustbowl.normal.israel-china.r1,dustbowl,normal,1,israel,china,1,2,complete,win,china,conquest,46118,30.75,66.7,1151136707,40,31690,30,44970,80150,r2ilrifle:12 r2ilat:10 r2merkava:7 r2ilhowitzer:4 r2ilfalcon:2 dog:1 r2ilgunship:1 r2ilrecon:1 r2ilshield:1 r2namer:1,123,60360,30,80150,44970,r2cnrifle:58 r2cnportable:19 r2qilin:19 r2phl:7 r2cloud:5 r2zbd:4 r2lynx:3 r2mantis:3 r2skyspear:2 dog:1 r2cnnetwork:1 r2redspear:1
rr.tournament-2a.normal.russia-saudi.r1,tournament-2A,normal,1,russia,saudi,1,2,complete,win,saudi,conquest,11116,7.41,22.2,1175599055,1,500,4,3260,12200,shk:1,16,8040,11,12200,3260,r2sang:7 r2saat:4 r2m1a2s:2 dog:1 r2bradley:1 r2caesar:1
rr.dustbowl.normal.israel-america.r1,dustbowl,normal,1,israel,america,1,2,complete,win,israel,conquest,36463,24.31,54.7,1373710729,97,58990,29,58400,28070,r2ilrifle:42 r2ilat:22 r2merkava:16 r2ilhowitzer:5 dog:4 r2ilgunship:2 r2ilshield:2 r2namer:2 r2ilfalcon:1 r2ilrecon:1,37,19500,21,28070,58400,e1:16 mtnk:6 fv:5 jumpjet:3 orca:3 cleg:1 dog:1 shad:1 tany:1
rr.tournament-2a.normal.china-turkey.r1,tournament-2A,normal,1,china,turkey,1,2,complete,win,china,conquest,37635,25.09,55.2,1400136401,51,25770,25,48830,18310,r2cnrifle:21 r2cnportable:10 r2qilin:9 r2lynx:3 r2cloud:2 r2crane:1 r2mantis:1 r2phl:1 r2redspear:1 r2skyspear:1 r2zbd:1,31,13670,17,18310,48830,r2trrifle:14 r2trat:6 r2bozkir:4 r2aras:3 r2yildirim:2 dog:1 r2gokkalkan:1
rr.tournament-2a.normal.israel-russia.r1,tournament-2A,normal,1,israel,russia,1,2,complete,draw,,tick-cap,60001,40.0,82.6,1819727184,90,70810,29,52700,67550,r2ilrifle:33 r2ilat:19 r2merkava:18 r2ilfalcon:4 r2ilgunship:4 r2ilhowitzer:4 r2ilrecon:4 r2ilshield:2 dog:1 r2namer:1,65,26400,32,67550,52700,e2:28 flakt:13 shk:9 htnk:7 ttnk:7 htk:1
rr.dustbowl.normal.iran-yemen.r1,dustbowl,normal,1,iran,yemen,1,2,complete,draw,,tick-cap,60001,40.0,83.3,1922217473,224,71740,42,87450,95510,r2basij:136 r2toophan:54 r2karrar:12 r2fajr:9 htk:4 r2coast:3 r2toufan:3 r2loiter:1 r2mohajer:1 r2raad:1,204,78000,47,94010,85950,r2ymr:69 r2yrpg:66 r2technical:25 r2ytechrr:14 r2wadighost:10 r2ymlr:8 htk:6 r2yzu:4 r2yspot:2
rr.dustbowl.normal.iran-china.r1,dustbowl,normal,1,iran,china,1,2,complete,win,iran,conquest,34495,23.0,52.4,1952106843,112,40010,27,47940,22200,r2basij:59 r2toophan:28 r2karrar:7 r2fajr:6 htk:4 dog:2 r2loiter:2 r2raad:2 r2coast:1 r2toufan:1,27,14250,17,22200,47940,r2cnrifle:10 r2cnportable:7 r2lynx:3 r2phl:2 r2qilin:2 r2cloud:1 r2skyspear:1 r2zbd:1
rr.tournament-2a.normal.china-hezbollah.r1,tournament-2A,normal,1,china,hezbollah,1,2,complete,win,hezbollah,conquest,27031,18.02,41.8,-1817178171,28,13920,17,15800,51160,r2cnrifle:11 r2cnportable:6 r2qilin:6 r2phl:2 r2cloud:1 r2lynx:1 r2zbd:1,94,30875,26,51160,15800,r2hzrifle:39 r2hzat:23 r2hztechnical:12 r2hzdrone:6 r2hzrecoilless:6 r2hzrockets:4 r2hzescort:2 htk:1 r2hzspotter:1
rr.tournament-2a.normal.yemen-china.r1,tournament-2A,normal,1,yemen,china,1,2,complete,win,yemen,conquest,16925,11.28,29.6,-1648331136,36,11500,13,26890,6350,r2yrpg:14 r2ymr:11 r2technical:5 r2ytechrr:3 htk:1 r2ymlr:1 r2yzu:1,12,4450,9,6350,26890,r2cnrifle:5 r2cnportable:4 r2qilin:2 r2lynx:1
rr.tournament-2a.normal.iran-turkey.r1,tournament-2A,normal,1,iran,turkey,1,2,complete,win,iran,conquest,24277,16.18,38.3,-1540057682,79,29590,21,34305,16250,r2basij:41 r2toophan:19 r2karrar:7 r2fajr:3 r2raad:3 r2dronecontrol:2 htk:1 r2loiter:1 r2mohajer:1 r2toufan:1,20,9795,12,16250,34305,r2trrifle:9 r2bozkir:3 r2trat:3 r2aras:2 dog:1 r2sahin:1 r2yildirim:1
rr.dustbowl.normal.turkey-saudi.r1,dustbowl,normal,1,turkey,saudi,1,2,complete,win,turkey,conquest,38054,25.37,60.4,-1399050825,109,51855,30,63090,28595,r2trrifle:51 r2trat:21 r2bozkir:18 r2yildirim:6 r2aras:3 r2gokkalkan:3 r2trdroneop:2 dog:1 r2greywolf:1 r2sahin:1 r2sancak:1 r2turna:1,34,22230,20,28595,63090,r2sang:14 r2m1a2s:7 r2saat:7 r2caesar:2 r2f15sa:2 dog:1 r2bradley:1
rr.tournament-2a.normal.saudi-yemen.r1,tournament-2A,normal,1,saudi,yemen,1,2,complete,win,saudi,conquest,15732,10.49,28.0,-1354253091,20,11510,13,13100,3920,r2sang:8 r2m1a2s:4 r2saat:4 dog:1 r2bradley:1 r2caesar:1 r2sads:1,4,900,4,3920,13100,r2ymr:2 r2yrpg:2
rr.dustbowl.normal.iran-russia.r1,dustbowl,normal,1,iran,russia,1,2,complete,draw,,tick-cap,60001,40.0,91.0,-1155579938,212,70680,39,67750,132800,r2basij:122 r2toophan:54 r2karrar:14 r2fajr:6 r2raad:4 r2coast:3 r2toufan:3 dog:2 htk:2 r2loiter:1 r2mohajer:1,269,94250,36,132000,68450,e2:105 flakt:82 shk:37 htk:15 ttnk:13 htnk:10 dog:2 yuri:2 zep:2 apoc:1
rr.dustbowl.normal.iran-israel.r1,dustbowl,normal,1,iran,israel,1,2,complete,win,iran,conquest,51956,34.64,80.1,-1071423783,311,90420,30,117080,58300,r2basij:198 r2toophan:65 r2karrar:18 r2fajr:6 dog:4 r2coast:4 r2dronecontrol:4 r2raad:4 htk:3 r2mohajer:3 r2toufan:2,66,50820,38,58300,117080,r2ilrifle:21 r2ilat:16 r2merkava:10 r2ilhowitzer:6 r2ilfalcon:3 r2ilgunship:3 r2namer:3 dog:2 r2ilrecon:1 r2ilshield:1
rr.tournament-2a.normal.iran-israel.r1,tournament-2A,normal,1,iran,israel,1,2,complete,win,israel,conquest,13933,9.29,26.6,-794119260,2,540,4,6260,12460,r2basij:1 r2toophan:1,18,11040,12,12460,6260,r2ilrifle:7 r2ilat:4 r2merkava:4 dog:1 r2ilhowitzer:1 r2namer:1
rr.tournament-2a.normal.yemen-turkey.r1,tournament-2A,normal,1,yemen,turkey,1,2,complete,win,yemen,conquest,26269,17.51,41.9,-526282795,84,27125,24,48060,21975,r2ymr:30 r2yrpg:26 r2ytechrr:10 r2technical:9 htk:3 r2ymlr:2 r2yzu:2 r2samad:1 r2yspot:1,36,12500,20,21975,48060,r2trrifle:20 r2trat:6 r2bozkir:3 dog:2 r2aras:2 r2sancak:1 r2trdroneop:1 r2yildirim:1
rr.dustbowl.normal.yemen-iran.r1,dustbowl,normal,1,yemen,iran,1,2,complete,win,yemen,conquest,25665,17.11,41.8,-269713445,72,22900,19,26640,14650,r2ymr:27 r2yrpg:22 r2technical:9 r2ytechrr:7 r2yzu:3 r2ymlr:2 htk:1 r2samad:1,18,6620,9,14650,26640,r2basij:8 r2toophan:6 r2karrar:2 htk:1 r2raad:1
rr.dustbowl.normal.saudi-turkey.r1,dustbowl,normal,1,saudi,turkey,1,2,complete,win,saudi,conquest,36943,24.63,57.0,-243695521,46,30580,26,40335,16470,r2sang:19 r2m1a2s:9 r2saat:8 r2caesar:3 r2bradley:2 dog:1 r2ah64sa:1 r2f15sa:1 r2falcon:1 r2sads:1,22,15625,11,16470,40335,r2bozkir:9 r2trrifle:5 r2trat:2 r2yildirim:2 r2aras:1 r2deniz:1 r2gokkalkan:1 r2kuzgun:1
rr.tournament-2a.normal.turkey-china.r1,tournament-2A,normal,1,turkey,china,1,2,complete,win,turkey,conquest,27952,18.63,44.1,-108034343,48,20765,21,39140,16690,r2trrifle:23 r2trat:10 r2bozkir:7 r2sancak:2 r2yildirim:2 dog:1 r2aras:1 r2gokkalkan:1 r2kuzgun:1,22,9750,12,16690,39140,r2cnrifle:10 r2cnportable:5 r2qilin:3 r2cloud:1 r2lynx:1 r2phl:1 r2zbd:1
rr.dustbowl.normal.america-saudi.r1,dustbowl,normal,1,america,saudi,1,2,complete,win,saudi,conquest,42776,28.52,62.5,148812199,44,22500,25,31960,68300,e1:17 fv:7 jumpjet:7 mtnk:7 orca:3 shad:2 dog:1,86,54560,29,68300,31960,r2sang:33 r2saat:17 r2m1a2s:15 dog:4 r2caesar:4 r2sads:4 r2ah64sa:2 r2bradley:2 r2falcon:2 r2sajtac:2 r2f15sa:1
rr.tournament-2a.normal.america-iran.r1,tournament-2A,normal,1,america,iran,1,2,complete,win,iran,conquest,30420,20.28,46.0,324624404,30,12400,15,23230,43400,e1:19 mtnk:4 fv:3 orca:2 jumpjet:1 shad:1,104,35310,22,44400,24230,r2basij:59 r2toophan:21 r2karrar:11 htk:5 r2fajr:4 r2raad:2 r2dronecontrol:1 r2mohajer:1
rr.tournament-2a.normal.china-saudi.r1,tournament-2A,normal,1,china,saudi,1,2,complete,win,saudi,conquest,13258,8.84,25.0,331962670,5,1510,5,4640,16700,r2cnrifle:3 r2cnportable:1 r2lynx:1,20,10080,12,16700,4640,r2sang:9 r2saat:5 r2m1a2s:3 dog:1 r2bradley:1 r2caesar:1
rr.dustbowl.normal.hezbollah-china.r1,dustbowl,normal,1,hezbollah,china,1,2,complete,win,hezbollah,conquest,14321,9.55,30.7,583644539,44,13250,17,24950,8600,r2hzrifle:19 r2hzat:12 r2hztechnical:5 r2hzrecoilless:4 htk:2 r2hzdrone:1 r2hzrockets:1,7,2510,8,8600,24950,r2cnrifle:3 r2cnportable:2 r2lynx:2
rr.dustbowl.normal.israel-turkey.r1,dustbowl,normal,1,israel,turkey,1,2,complete,win,turkey,conquest,34918,23.28,54.7,773807510,34,22040,19,23900,60500,r2ilrifle:12 r2ilat:11 r2merkava:5 r2ilhowitzer:2 dog:1 r2ilfalcon:1 r2ilgunship:1 r2namer:1,102,47940,29,62400,25800,r2trrifle:48 r2trat:19 r2bozkir:15 r2yildirim:4 r2aras:3 r2gokkalkan:3 r2sancak:3 r2deniz:2 dog:1 r2greywolf:1 r2kuzgun:1 r2sahin:1 r2trdroneop:1
rr.dustbowl.normal.iran-turkey.r1,dustbowl,normal,1,iran,turkey,1,2,complete,win,iran,conquest,22917,15.28,39.5,786403135,61,21350,18,26040,9900,r2basij:35 r2toophan:13 r2karrar:6 r2fajr:2 dog:1 htk:1 r2coast:1 r2raad:1 r2toufan:1,12,5030,8,9900,26040,r2trrifle:6 r2bozkir:2 r2sancak:2 dog:1 r2trat:1
rr.dustbowl.normal.israel-russia.r1,dustbowl,normal,1,israel,russia,1,2,complete,win,russia,conquest,30753,20.5,50.1,892496459,21,16100,16,16900,49860,r2ilat:6 r2ilrifle:5 r2merkava:5 dog:1 r2ilfalcon:1 r2ilhowitzer:1 r2ilshield:1 r2namer:1,72,26600,19,49860,16900,e2:33 shk:12 flakt:11 htk:6 htnk:6 ttnk:3 zep:1
rr.tournament-2a.normal.hezbollah-china.r1,tournament-2A,normal,1,hezbollah,china,1,2,complete,win,china,conquest,35249,23.5,52.2,1181827453,33,11050,13,30460,36950,r2hzat:12 r2hzrifle:11 r2hzrecoilless:4 r2hzescort:2 r2hztechnical:2 r2hzdrone:1 r2hzrockets:1,86,41510,29,36950,30460,r2cnrifle:38 r2cnportable:17 r2qilin:16 r2cloud:3 r2phl:3 r2crane:2 r2lynx:2 r2cnnetwork:1 r2mantis:1 r2redspear:1 r2skyspear:1 r2zbd:1
rr.tournament-2a.normal.china-russia.r1,tournament-2A,normal,1,china,russia,1,2,complete,win,russia,conquest,40897,27.26,58.7,1320724565,30,16220,21,25650,56860,r2cnrifle:11 r2qilin:7 r2cnportable:6 r2cloud:3 r2phl:1 r2skyspear:1 r2zbd:1,123,46450,30,54860,23650,e2:52 shk:31 flakt:22 ttnk:5 htk:4 apoc:3 htnk:3 ivan:2 zep:1
rr.dustbowl.normal.russia-yemen.r1,dustbowl,normal,1,russia,yemen,1,2,complete,draw,,tick-cap,60001,40.0,92.6,1392463745,396,119750,33,106850,94850,e2:205 flakt:99 shk:40 htk:16 htnk:14 apoc:9 ttnk:7 dog:4 zep:2,245,84400,49,94850,106850,r2ymr:87 r2yrpg:83 r2ytechrr:25 r2technical:19 htk:11 r2ymlr:7 r2wadighost:6 r2yzu:5 dog:2
rr.tournament-2a.normal.russia-yemen.r1,tournament-2A,normal,1,russia,yemen,1,2,complete,win,yemen,conquest,44395,29.6,62.9,1704736504,43,16100,23,58450,55100,e2:16 shk:12 flakt:7 htnk:5 dog:1 htk:1 ttnk:1,228,75750,33,53250,56600,r2ymr:90 r2yrpg:73 r2technical:24 r2ytechrr:15 r2ymlr:7 r2wadighost:6 r2yzu:6 dog:4 r2samad:2 htk:1
rr.dustbowl.normal.china-america.r1,dustbowl,normal,1,china,america,1,2,complete,win,america,conquest,50484,33.66,75.6,1907753045,82,43310,36,52900,97750,r2cnrifle:33 r2cnportable:18 r2qilin:12 r2phl:5 r2cloud:4 dog:2 r2lynx:2 r2redspear:2 r2skyspear:2 r2mantis:1 r2zbd:1,151,96300,25,98250,53400,e1:51 fv:19 mtnk:19 jumpjet:18 cleg:10 mgtk:10 sref:9 shad:6 tany:5 orca:3 dog:1
rr.dustbowl.normal.china-saudi.r1,dustbowl,normal,1,china,saudi,1,2,complete,draw,,tick-cap,60001,40.0,89.8,-1975291281,174,92970,33,98160,82610,r2cnrifle:76 r2cnportable:28 r2qilin:22 r2mantis:9 r2phl:9 r2cloud:6 r2crane:5 r2redspear:5 r2cnnetwork:4 r2lynx:4 r2zbd:4 dog:1 r2skyspear:1,54,51130,35,82740,98290,r2saat:16 r2m1a2s:11 r2sang:9 r2ah64sa:4 r2f15sa:4 r2falcon:4 r2caesar:3 dog:1 r2bradley:1 r2sads:1
rr.dustbowl.normal.yemen-turkey.r1,dustbowl,normal,1,yemen,turkey,1,2,complete,win,yemen,conquest,55450,36.97,88.1,-1960849895,233,83650,34,131680,62550,r2ymr:82 r2yrpg:81 r2technical:22 r2ytechrr:17 r2ymlr:11 r2wadighost:8 dog:4 r2yzu:4 r2samad:3 htk:1,105,55570,43,60300,129430,r2trrifle:44 r2trat:24 r2bozkir:18 r2yildirim:8 r2greywolf:4 r2aras:2 r2kuzgun:2 dog:1 r2sahin:1 r2sancak:1
rr.dustbowl.normal.saudi-china.r1,dustbowl,normal,1,saudi,china,1,2,complete,win,china,conquest,46659,31.11,69.4,-1629374958,46,33900,22,54830,79360,r2saat:17 r2sang:10 r2m1a2s:8 r2caesar:3 r2ah64sa:2 r2sads:2 dog:1 r2bradley:1 r2f15sa:1 r2falcon:1,145,73800,31,79360,54830,r2cnrifle:65 r2cnportable:25 r2qilin:23 r2cloud:7 r2phl:6 r2mantis:5 r2zbd:4 r2redspear:3 dog:2 r2crane:2 r2skyspear:2 r2lynx:1
rr.tournament-2a.normal.hezbollah-israel.r1,tournament-2A,normal,1,hezbollah,israel,1,2,complete,win,israel,conquest,45956,30.64,64.3,-1080867882,72,22300,25,55740,62900,r2hzrifle:28 r2hzat:23 r2hzrecoilless:8 r2hztechnical:8 r2hzrockets:2 htk:1 r2hzdrone:1 r2hzescort:1,91,60570,41,62100,59140,r2ilrifle:36 r2ilat:19 r2merkava:15 r2ilhowitzer:6 r2namer:4 dog:3 r2ilgunship:2 r2ilrecon:2 r2ilshield:2 r2ilfalcon:1 r2ilobserver:1
rr.tournament-2a.normal.hezbollah-iran.r1,tournament-2A,normal,1,hezbollah,iran,1,2,complete,win,iran,conquest,44566,29.71,63.2,-1073718839,56,18200,18,39010,52700,r2hzrifle:23 r2hzat:13 r2hztechnical:10 r2hzrecoilless:4 htk:2 r2hzrockets:2 dog:1 r2hzscout:1,209,66620,32,51100,40760,r2basij:123 r2toophan:50 r2karrar:15 r2fajr:5 dog:4 r2coast:4 htk:2 r2dronecontrol:2 r2raad:2 r2toufan:2
rr.dustbowl.normal.yemen-china.r1,dustbowl,normal,1,yemen,china,1,2,complete,win,yemen,conquest,23912,15.94,40.5,-935933281,91,28850,24,43480,19850,r2ymr:34 r2yrpg:26 r2technical:13 r2ytechrr:9 r2ymlr:3 htk:2 r2yzu:2 dog:1 r2samad:1,29,10090,16,19850,43480,r2cnrifle:17 r2cnportable:6 r2qilin:3 r2lynx:2 r2phl:1
rr.tournament-2a.normal.hezbollah-saudi.r1,tournament-2A,normal,1,hezbollah,saudi,1,2,complete,win,hezbollah,conquest,27106,18.07,42.8,-530746320,71,21100,19,37240,16050,r2hzrifle:32 r2hzat:18 r2hztechnical:11 r2hzrecoilless:4 r2hzdrone:2 r2hzrockets:2 htk:1 r2hzescort:1,21,14380,10,16050,37240,r2saat:7 r2m1a2s:4 r2sang:4 r2caesar:2 r2sajtac:2 r2bradley:1 r2sads:1
rr.dustbowl.normal.saudi-israel.r1,dustbowl,normal,1,saudi,israel,1,2,complete,draw,,tick-cap,60001,40.0,84.2,-440008296,82,64940,33,77400,63070,r2saat:23 r2sang:22 r2m1a2s:10 r2caesar:7 r2sads:6 r2ah64sa:4 r2f15sa:4 r2falcon:3 dog:2 r2bradley:1,60,55390,37,64120,78450,r2ilat:17 r2ilrifle:12 r2merkava:8 r2ilhowitzer:6 r2ilfalcon:4 r2ilgunship:4 r2ilshield:4 r2ilrecon:3 dog:1 r2namer:1
rr.dustbowl.normal.hezbollah-america.r1,dustbowl,normal,1,hezbollah,america,1,2,complete,win,america,conquest,45353,30.24,71.0,-434596460,104,32950,29,29400,81350,r2hzrifle:40 r2hzat:29 r2hztechnical:12 r2hzrecoilless:9 htk:4 r2hzrockets:4 r2hzescort:3 dog:2 r2hzdrone:1,109,67000,26,79750,28600,e1:42 mtnk:14 fv:12 jumpjet:10 cleg:8 mgtk:8 shad:6 sref:5 orca:2 dog:1 tany:1
rr.dustbowl.normal.russia-turkey.r1,dustbowl,normal,1,russia,turkey,1,2,complete,win,russia,conquest,36383,24.26,56.6,-101391842,115,43500,27,62200,26950,e2:50 shk:23 flakt:22 htnk:5 ttnk:5 htk:4 apoc:2 dog:2 zep:2,47,22890,24,26950,62200,r2trrifle:18 r2trat:11 r2bozkir:10 r2aras:2 r2yildirim:2 dog:1 r2gokkalkan:1 r2kuzgun:1 r2sancak:1
rr.dustbowl.normal.hezbollah-israel.r1,dustbowl,normal,1,hezbollah,israel,1,2,complete,draw,,tick-cap,60001,40.0,85.1,276233108,201,72050,50,95860,84400,r2hzrifle:77 r2hzat:53 r2hztechnical:28 r2hzrecoilless:12 r2hzdrone:8 r2hzrockets:8 r2hzscout:6 htk:5 dog:2 r2hzescort:2,107,82310,50,84400,95860,r2ilrifle:38 r2ilat:23 r2merkava:21 r2ilhowitzer:9 r2ilrecon:5 r2ilshield:4 r2ilfalcon:3 r2ilgunship:2 dog:1 r2namer:1
rr.dustbowl.normal.russia-saudi.r1,dustbowl,normal,1,russia,saudi,1,2,complete,win,russia,conquest,32024,21.35,51.5,401556907,146,54300,27,67670,24800,e2:55 shk:38 flakt:34 htk:5 ttnk:5 ivan:3 apoc:2 htnk:2 zep:2,44,23010,27,24800,67670,r2sang:18 r2saat:14 r2m1a2s:6 r2bradley:2 r2caesar:2 dog:1 r2sads:1
rr.tournament-2a.normal.israel-yemen.r1,tournament-2A,normal,1,israel,yemen,1,2,complete,win,israel,conquest,38388,25.59,55.8,463308195,83,53910,29,42800,33810,r2ilrifle:33 r2ilat:20 r2merkava:13 r2ilhowitzer:6 dog:2 r2ilrecon:2 r2ilshield:2 r2namer:2 r2ilfalcon:1 r2ilgunship:1 r2ilobserver:1,48,15000,15,33810,42800,r2yrpg:18 r2ymr:16 r2technical:6 r2ytechrr:4 r2yzu:2 htk:1 r2ymlr:1
rr.dustbowl.normal.russia-israel.r1,dustbowl,normal,1,russia,israel,1,2,complete,draw,,tick-cap,60001,40.0,92.7,916950247,228,83000,29,97400,65500,e2:87 flakt:63 shk:40 htk:12 htnk:10 ttnk:10 zep:4 dog:2,67,60030,41,65750,99570,r2ilat:17 r2ilrifle:14 r2merkava:12 r2ilshield:6 r2ilgunship:5 r2ilrecon:4 r2ilhowitzer:3 r2ilfalcon:2 r2namer:2 dog:1 r2ilobserver:1
rr.dustbowl.normal.america-china.r1,dustbowl,normal,1,america,china,1,2,complete,win,america,conquest,12843,8.56,27.0,1022763586,33,13400,15,16530,4200,e1:19 mtnk:6 fv:4 dog:1 jumpjet:1 orca:1 shad:1,4,1340,5,4200,16530,r2cnrifle:2 r2cnportable:1 r2lynx:1
rr.dustbowl.normal.china-iran.r1,dustbowl,normal,1,china,iran,1,2,complete,win,iran,conquest,36993,24.66,63.7,1126151357,67,32340,31,43290,88480,r2cnrifle:32 r2cnportable:13 r2qilin:7 r2phl:5 r2cloud:4 r2lynx:3 r2mantis:1 r2skyspear:1 r2zbd:1,230,65120,27,89480,44290,r2basij:148 r2toophan:52 r2karrar:8 r2raad:5 r2coast:4 dog:3 r2fajr:3 htk:2 r2dronecontrol:2 r2azar:1 r2loiter:1 r2toufan:1
rr.dustbowl.normal.israel-yemen.r1,dustbowl,normal,1,israel,yemen,1,2,complete,win,yemen,conquest,25714,17.14,43.9,1293169168,22,15370,16,16350,47780,r2ilat:6 r2ilrifle:6 r2merkava:5 r2ilhowitzer:2 dog:1 r2ilshield:1 r2namer:1,82,27025,25,47780,16350,r2ymr:31 r2yrpg:24 r2technical:9 r2ytechrr:7 r2ymlr:4 htk:2 r2samad:2 r2yzu:2 r2yspot:1
rr.dustbowl.normal.turkey-china.r1,dustbowl,normal,1,turkey,china,1,2,complete,win,turkey,conquest,28898,19.27,46.1,1732538569,103,43315,31,52390,25925,r2trrifle:53 r2trat:20 r2bozkir:13 r2gokkalkan:3 r2kuzgun:3 r2sancak:3 r2yildirim:3 dog:2 r2aras:1 r2sahin:1 r2trdroneop:1,31,17100,17,25925,52390,r2cnrifle:10 r2cnportable:8 r2qilin:6 r2phl:2 r2zbd:2 r2cloud:1 r2lynx:1 r2skyspear:1
rr.tournament-2a.normal.china-iran.r1,tournament-2A,normal,1,china,iran,1,2,complete,win,iran,conquest,49357,32.9,68.9,1764445100,44,21850,24,33280,70240,r2cnrifle:20 r2qilin:10 r2cnportable:7 r2phl:3 r2cloud:1 r2lynx:1 r2skyspear:1 r2zbd:1,143,47540,32,70240,33280,r2basij:81 r2toophan:35 r2karrar:10 r2raad:5 dog:2 r2coast:2 r2dronecontrol:2 r2fajr:2 r2toufan:2 htk:1 r2loiter:1
rr.tournament-2a.normal.saudi-turkey.r1,tournament-2A,normal,1,saudi,turkey,1,2,complete,win,saudi,conquest,27672,18.45,42.7,1845026693,48,29830,26,32150,15580,r2sang:19 r2saat:11 r2m1a2s:10 r2bradley:2 r2sads:2 dog:1 r2ah64sa:1 r2caesar:1 r2f15sa:1,16,6690,9,15580,32150,r2trrifle:8 r2bozkir:3 r2aras:2 dog:1 r2sancak:1 r2trat:1
rr.tournament-2a.normal.america-saudi.r1,tournament-2A,normal,1,america,saudi,1,2,complete,draw,,tick-cap,60001,40.0,81.4,-2098856353,95,61000,35,70250,81800,jumpjet:24 e1:23 fv:20 orca:7 mtnk:6 shad:6 cleg:4 mgtk:2 sref:2 tany:1,53,45540,32,83400,71850,r2saat:13 r2sang:12 r2m1a2s:9 r2caesar:5 r2ah64sa:3 r2falcon:3 r2sads:3 r2bradley:2 r2f15sa:2 dog:1
rr.tournament-2a.normal.saudi-america.r1,tournament-2A,normal,1,saudi,america,1,2,complete,win,america,conquest,16626,11.08,29.3,-2022686726,12,4020,11,12900,31880,r2sang:6 r2saat:5 dog:1,60,23300,20,31880,12900,e1:36 mtnk:11 fv:7 jumpjet:3 dog:1 orca:1 shad:1
rr.dustbowl.normal.iran-saudi.r1,dustbowl,normal,1,iran,saudi,1,2,complete,win,iran,conquest,28268,18.85,45.0,-1841929027,70,23840,18,29700,13940,r2basij:41 r2toophan:14 r2karrar:6 r2fajr:4 htk:2 r2dronecontrol:2 r2toufan:1,11,6340,9,13940,29700,r2saat:5 r2sang:2 dog:1 r2bradley:1 r2caesar:1 r2m1a2s:1
rr.tournament-2a.normal.russia-china.r1,tournament-2A,normal,1,russia,china,1,2,complete,win,russia,conquest,30565,20.38,45.9,-1731240327,60,25400,18,46100,11400,e2:21 shk:15 flakt:8 htnk:6 htk:4 ttnk:3 dog:2 zep:1,31,15960,17,11400,46100,r2cnrifle:13 r2cnportable:6 r2qilin:6 r2phl:2 r2cloud:1 r2lynx:1 r2skyspear:1 r2zbd:1
rr.dustbowl.normal.russia-hezbollah.r1,dustbowl,normal,1,russia,hezbollah,1,2,complete,win,russia,conquest,18332,12.22,33.8,-1391069993,39,16300,15,15500,7100,e2:14 shk:9 flakt:5 htnk:5 htk:4 ttnk:2,8,1900,5,7100,15500,r2hzrifle:4 r2hzat:3 r2hztechnical:1
rr.dustbowl.normal.china-hezbollah.r1,dustbowl,normal,1,china,hezbollah,1,2,complete,win,hezbollah,conquest,30567,20.38,51.3,-1284518500,36,18040,20,17700,58780,r2cnrifle:12 r2cnportable:11 r2cloud:3 r2lynx:3 r2qilin:3 r2phl:2 r2zbd:2,88,28925,25,58780,17700,r2hzrifle:35 r2hzat:22 r2hztechnical:12 r2hzrecoilless:7 r2hzdrone:5 r2hzrockets:3 r2hzescort:2 htk:1 r2hzspotter:1
rr.dustbowl.normal.hezbollah-russia.r1,dustbowl,normal,1,hezbollah,russia,1,2,complete,win,hezbollah,conquest,52068,34.71,76.0,-1269921397,185,71450,35,61800,54150,r2hzrifle:67 r2hzat:48 r2hztechnical:23 r2hzrecoilless:13 r2hzdrone:10 r2hzscout:8 r2hzrockets:7 htk:3 dog:2 r2hzescort:2 r2hzspotter:2,53,22100,22,53550,61200,e2:20 shk:9 flakt:8 htk:6 htnk:6 ttnk:4
rr.dustbowl.normal.hezbollah-iran.r1,dustbowl,normal,1,hezbollah,iran,1,2,complete,win,hezbollah,conquest,51076,34.05,80.4,-1052765982,218,76800,35,105900,59250,r2hzrifle:88 r2hzat:56 r2hztechnical:28 r2hzrecoilless:15 r2hzdrone:13 r2hzscout:7 r2hzrockets:4 htk:3 dog:2 r2hzescort:2,138,37480,40,59250,107000,r2basij:92 r2toophan:30 r2karrar:5 r2raad:4 r2fajr:3 r2dronecontrol:2 r2coast:1 r2mohajer:1
rr.dustbowl.normal.saudi-hezbollah.r1,dustbowl,normal,1,saudi,hezbollah,1,2,complete,win,saudi,conquest,39706,26.47,61.4,-771548758,97,62320,27,60850,37720,r2sang:36 r2saat:25 r2m1a2s:14 r2bradley:5 r2ah64sa:4 r2caesar:4 r2sads:3 dog:2 r2f15sa:2 r2falcon:1 r2sajtac:1,74,22850,25,37720,60850,r2hzrifle:31 r2hzat:18 r2hztechnical:13 r2hzrecoilless:6 r2hzdrone:2 r2hzrockets:2 htk:1 r2hzescort:1
rr.dustbowl.normal.china-israel.r1,dustbowl,normal,1,china,israel,1,2,complete,win,china,conquest,49746,33.16,70.4,-509422599,106,56470,30,72420,45350,r2cnrifle:46 r2cnportable:18 r2qilin:15 r2phl:6 r2cloud:4 r2mantis:4 r2lynx:3 r2zbd:3 r2crane:2 r2redspear:2 r2skyspear:2 dog:1,34,27510,22,44400,71470,r2ilat:10 r2ilrifle:8 r2merkava:4 r2namer:3 r2ilfalcon:2 r2ilgunship:2 r2ilhowitzer:2 r2ilshield:2 dog:1
rr.tournament-2a.normal.iran-china.r1,tournament-2A,normal,1,iran,china,1,2,complete,win,china,conquest,56524,37.68,77.9,-247553582,79,26700,24,67250,72720,r2basij:45 r2toophan:19 r2karrar:6 r2fajr:3 htk:2 r2azar:1 r2dronecontrol:1 r2loiter:1 r2raad:1,118,68210,35,72020,67250,r2cnrifle:43 r2cnportable:24 r2qilin:24 r2cloud:7 r2phl:7 r2redspear:4 r2lynx:3 r2crane:2 r2skyspear:2 r2mantis:1 r2zbd:1
rr.tournament-2a.normal.russia-hezbollah.r1,tournament-2A,normal,1,russia,hezbollah,1,2,complete,win,hezbollah,conquest,32570,21.71,48.5,-156429998,33,14800,18,31150,43800,shk:14 e2:7 htnk:5 flakt:3 htk:3 dog:1,120,39950,32,45000,32350,r2hzrifle:52 r2hzat:33 r2hztechnical:10 r2hzrecoilless:8 r2hzdrone:6 r2hzrockets:4 r2hzescort:2 r2hzscout:2 r2hzspotter:2 htk:1
rr.tournament-2a.normal.turkey-america.r1,tournament-2A,normal,1,turkey,america,1,2,complete,win,turkey,conquest,19077,12.72,32.0,195295989,40,18100,18,24300,8935,r2trrifle:20 r2bozkir:6 r2trat:6 r2aras:2 r2sancak:2 dog:1 r2kuzgun:1 r2sahin:1 r2yildirim:1,9,3000,8,8935,24300,e1:6 fv:3
rr.tournament-2a.normal.israel-iran.r1,tournament-2A,normal,1,israel,iran,1,2,complete,win,iran,conquest,40507,27.0,58.1,329160439,25,16210,19,30290,52820,r2ilrifle:8 r2ilat:6 r2merkava:5 r2ilhowitzer:3 dog:2 r2namer:1,97,32230,24,52820,30290,r2basij:57 r2toophan:20 r2karrar:9 r2fajr:3 r2mohajer:3 htk:2 dog:1 r2coast:1 r2raad:1
rr.tournament-2a.normal.russia-turkey.r1,tournament-2A,normal,1,russia,turkey,1,2,complete,win,turkey,conquest,27388,18.26,41.6,513753905,13,4500,10,15840,23100,e2:7 shk:3 htnk:2 htk:1,49,23020,22,23100,15840,r2trrifle:24 r2trat:8 r2bozkir:7 r2sancak:3 r2yildirim:3 dog:1 r2aras:1 r2kuzgun:1 r2sahin:1
rr.dustbowl.normal.china-russia.r1,dustbowl,normal,1,china,russia,1,2,complete,win,russia,conquest,45499,30.33,64.9,531181001,56,29830,28,29700,76820,r2cnrifle:19 r2cnportable:15 r2qilin:10 r2phl:4 r2cloud:3 r2lynx:2 r2zbd:2 r2skyspear:1,151,65050,28,76820,29700,e2:46 shk:39 flakt:34 htk:8 ttnk:8 htnk:7 apoc:3 dog:2 ivan:2 zep:2
rr.dustbowl.normal.america-iran.r1,dustbowl,normal,1,america,iran,1,2,complete,win,iran,conquest,41827,27.88,62.2,913515749,46,31300,27,34540,78200,e1:16 fv:7 cleg:4 orca:4 mtnk:3 shad:3 sref:3 jumpjet:2 tany:2 dog:1 mgtk:1,162,55760,27,78200,34540,r2basij:89 r2toophan:36 r2karrar:9 r2dronecontrol:7 r2fajr:7 htk:5 r2raad:4 r2loiter:3 r2coast:1 r2toufan:1
rr.tournament-2a.normal.yemen-iran.r1,tournament-2A,normal,1,yemen,iran,1,2,complete,win,iran,conquest,28283,18.86,43.3,930196048,15,4400,6,15830,22300,r2yrpg:6 r2ymr:5 r2technical:2 htk:1 r2ytechrr:1,63,21380,15,22300,15830,r2basij:37 r2toophan:15 r2karrar:5 r2fajr:2 htk:1 r2coast:1 r2raad:1 r2toufan:1
rr.dustbowl.normal.russia-iran.r1,dustbowl,normal,1,russia,iran,1,2,complete,draw,,tick-cap,60001,40.0,84.2,1181678983,196,67100,31,91230,65600,e2:98 flakt:43 shk:19 htnk:13 htk:9 ttnk:9 apoc:2 yuri:2 zep:1,225,70610,39,65600,91230,r2basij:139 r2toophan:55 r2karrar:10 r2fajr:6 r2raad:5 r2coast:4 r2dronecontrol:2 r2azar:1 r2loiter:1 r2mohajer:1 r2toufan:1
rr.tournament-2a.normal.yemen-america.r1,tournament-2A,normal,1,yemen,america,1,2,complete,win,america,conquest,34687,23.12,52.2,1366829308,36,10425,13,25200,37975,r2yrpg:18 r2ymr:12 r2ytechrr:2 r2yzu:2 r2technical:1 r2yspot:1,95,57100,23,37975,25200,e1:37 fv:13 mtnk:13 jumpjet:9 cleg:8 sref:5 shad:4 mgtk:3 dog:1 orca:1 tany:1
rr.tournament-2a.normal.yemen-saudi.r1,tournament-2A,normal,1,yemen,saudi,1,2,complete,win,yemen,conquest,20605,13.74,34.0,1535511979,85,26475,21,27020,10800,r2ymr:33 r2yrpg:27 r2technical:10 r2ytechrr:8 r2ymlr:3 htk:1 r2samad:1 r2yspot:1 r2yzu:1,10,4860,8,11000,27220,r2sang:3 dog:2 r2bradley:2 r2saat:2 r2m1a2s:1
rr.dustbowl.normal.china-turkey.r1,dustbowl,normal,1,china,turkey,1,2,complete,win,china,conquest,55382,36.92,83.9,1876120045,154,79170,40,116515,64220,r2cnrifle:66 r2cnportable:27 r2qilin:26 r2phl:8 r2cloud:7 r2lynx:6 r2redspear:4 r2mantis:3 r2cnnetwork:2 r2zbd:2 dog:1 r2crane:1 r2skyspear:1,96,55155,34,64220,116515,r2trrifle:41 r2bozkir:20 r2trat:15 r2yildirim:7 r2greywolf:4 r2gokkalkan:2 r2kuzgun:2 r2sancak:2 dog:1 r2sahin:1 r2turna:1
rr.dustbowl.normal.israel-iran.r1,dustbowl,normal,1,israel,iran,1,2,complete,win,israel,conquest,52586,35.06,76.6,1888234083,112,74810,29,68150,43490,r2ilrifle:43 r2ilat:26 r2merkava:19 r2ilhowitzer:7 r2ilgunship:4 dog:3 r2ilshield:3 r2ilobserver:2 r2ilrecon:2 r2namer:2 r2ilfalcon:1,63,25280,26,43490,68150,r2basij:27 r2toophan:23 r2karrar:6 r2fajr:3 r2raad:3 htk:1
rr.tournament-2a.normal.russia-iran.r1,tournament-2A,normal,1,russia,iran,1,2,complete,win,russia,conquest,28164,18.78,43.4,2023440734,66,25700,20,36290,20800,e2:23 shk:18 flakt:13 htnk:6 htk:3 ttnk:3,37,13770,14,22400,39890,r2basij:18 r2toophan:11 r2karrar:4 r2raad:2 r2fajr:1 r2loiter:1
rr.dustbowl.normal.israel-saudi.r1,dustbowl,normal,1,israel,saudi,1,2,complete,draw,,tick-cap,60001,40.0,84.3,-1837144289,122,83480,34,108930,58830,r2ilrifle:54 r2ilat:20 r2merkava:17 r2ilhowitzer:9 r2ilshield:6 r2ilgunship:4 r2ilfalcon:3 r2ilrecon:3 dog:2 r2ilobserver:2 r2namer:2,60,38020,41,57780,107880,r2sang:21 r2m1a2s:15 r2saat:15 r2caesar:5 r2sads:2 dog:1 r2bradley:1
rr.tournament-2a.normal.saudi-iran.r1,tournament-2A,normal,1,saudi,iran,1,2,complete,win,iran,conquest,22510,15.01,37.7,-1639741953,16,8770,10,11830,35530,r2sang:6 r2m1a2s:4 r2saat:4 dog:1 r2bradley:1,77,25670,22,35530,11830,r2basij:43 r2toophan:18 r2karrar:8 htk:3 r2fajr:3 r2dronecontrol:1 r2mohajer:1
rr.dustbowl.normal.turkey-israel.r1,dustbowl,normal,1,turkey,israel,1,2,complete,win,turkey,conquest,58069,38.71,82.2,-1579944961,168,83135,32,121660,67460,r2trrifle:77 r2bozkir:35 r2trat:30 r2sancak:5 r2yildirim:5 r2aras:4 r2greywolf:4 dog:2 r2deniz:2 r2gokkalkan:1 r2kuzgun:1 r2sahin:1 r2turna:1,72,55900,41,67460,121660,r2ilrifle:20 r2ilat:18 r2merkava:13 r2ilhowitzer:6 r2ilfalcon:3 r2ilshield:3 dog:2 r2ilgunship:2 r2ilobserver:2 r2namer:2 r2ilrecon:1
rr.tournament-2a.normal.china-israel.r1,tournament-2A,normal,1,china,israel,1,2,complete,win,israel,conquest,25634,17.09,41.0,-1262280831,36,16970,17,12540,50210,r2cnrifle:16 r2cnportable:9 r2qilin:5 r2phl:2 r2cloud:1 r2lynx:1 r2skyspear:1 r2zbd:1,34,20130,20,50210,12540,r2ilrifle:14 r2ilat:7 r2merkava:6 dog:2 r2ilhowitzer:2 r2namer:2 r2ilshield:1
rr.dustbowl.normal.america-turkey.r1,dustbowl,normal,1,america,turkey,1,2,complete,win,america,conquest,28548,19.03,45.7,-993458459,50,21800,23,47510,18400,e1:29 mtnk:9 fv:5 cleg:1 dog:1 jumpjet:1 orca:1 shad:1 sref:1 tany:1,37,14250,16,18400,47510,r2trrifle:20 r2trat:7 r2bozkir:5 dog:1 r2aras:1 r2gokkalkan:1 r2sancak:1 r2yildirim:1
rr.tournament-2a.normal.israel-turkey.r1,tournament-2A,normal,1,israel,turkey,1,2,complete,win,turkey,conquest,52951,35.3,73.9,-852531442,49,37020,28,62560,89280,r2ilrifle:16 r2ilat:13 r2merkava:9 r2ilhowitzer:3 r2ilfalcon:2 r2ilgunship:2 dog:1 r2ilrecon:1 r2ilshield:1 r2namer:1,134,62935,42,89280,62560,r2trrifle:57 r2trat:35 r2bozkir:20 r2sancak:4 r2yildirim:4 dog:3 r2gokkalkan:3 r2greywolf:3 r2aras:2 r2deniz:1 r2kuzgun:1 r2sahin:1
rr.dustbowl.normal.iran-america.r1,dustbowl,normal,1,iran,america,1,2,complete,draw,,tick-cap,60001,40.0,82.7,-757096553,242,75880,33,65200,92250,r2basij:147 r2toophan:60 r2karrar:11 r2fajr:7 htk:6 r2coast:5 r2raad:3 dog:1 r2azar:1 r2toufan:1,124,76700,35,93250,66200,e1:47 fv:17 jumpjet:12 mtnk:11 mgtk:10 sref:7 cleg:6 tany:6 orca:4 shad:4
rr.tournament-2a.normal.hezbollah-america.r1,tournament-2A,normal,1,hezbollah,america,1,2,complete,win,hezbollah,conquest,38573,25.72,55.4,-537179476,183,57800,34,60450,29900,r2hzrifle:81 r2hzat:49 r2hztechnical:19 r2hzrecoilless:10 r2hzdrone:9 r2hzrockets:5 r2hzescort:3 dog:2 r2hzscout:2 r2hzspotter:2 htk:1,46,23200,18,29350,59900,e1:22 mtnk:9 fv:6 orca:3 shad:2 cleg:1 dog:1 jumpjet:1 tany:1
rr.tournament-2a.normal.turkey-russia.r1,tournament-2A,normal,1,turkey,russia,1,2,complete,win,russia,conquest,34436,22.96,51.1,-113155689,35,17280,18,23000,52790,r2trrifle:16 r2trat:7 r2bozkir:5 r2yildirim:2 dog:1 r2aras:1 r2sahin:1 r2sancak:1 r2turna:1,68,37100,26,52790,23000,shk:22 flakt:11 e2:10 htk:9 htnk:9 ttnk:5 yuri:1 zep:1
rr.dustbowl.normal.america-israel.r1,dustbowl,normal,1,america,israel,1,2,complete,win,america,conquest,28344,18.9,45.5,19377428,57,34700,25,49640,7900,e1:24 mtnk:9 cleg:6 fv:6 sref:4 jumpjet:3 dog:1 mgtk:1 orca:1 shad:1 tany:1,30,19380,12,7900,49640,r2ilrifle:9 r2ilat:6 r2merkava:6 dog:4 r2namer:3 r2ilgunship:1 r2ilhowitzer:1
rr.tournament-2a.normal.turkey-hezbollah.r1,tournament-2A,normal,1,turkey,hezbollah,1,2,complete,win,hezbollah,conquest,32869,21.91,48.6,68336489,35,13985,14,23400,46045,r2trrifle:17 r2trat:9 r2bozkir:5 r2yildirim:2 dog:1 r2aras:1,102,32025,26,46045,23400,r2hzrifle:42 r2hzat:26 r2hztechnical:17 r2hzrecoilless:6 r2hzrockets:4 r2hzdrone:3 htk:2 r2hzescort:1 r2hzspotter:1
rr.tournament-2a.normal.israel-america.r1,tournament-2A,normal,1,israel,america,1,2,complete,win,america,conquest,12078,8.05,23.7,397591051,6,2890,6,5400,22600,r2ilat:2 r2ilrifle:2 dog:1 r2merkava:1,29,8900,11,22600,5400,e1:22 mtnk:3 fv:2 dog:1 shad:1
rr.tournament-2a.normal.turkey-saudi.r1,tournament-2A,normal,1,turkey,saudi,1,2,complete,win,turkey,conquest,13061,8.71,24.3,471669810,28,11860,12,23150,7625,r2trrifle:12 r2trat:6 r2bozkir:5 dog:2 r2aras:1 r2sancak:1 r2yildirim:1,6,3390,6,7625,23150,r2saat:2 r2sang:2 r2bradley:1 r2m1a2s:1
rr.tournament-2a.normal.israel-china.r1,tournament-2A,normal,1,israel,china,1,2,complete,win,israel,conquest,28738,19.16,43.9,554975283,36,24800,24,32690,13180,r2ilrifle:15 r2ilat:6 r2merkava:6 r2ilhowitzer:3 r2ilshield:2 dog:1 r2ilfalcon:1 r2ilgunship:1 r2namer:1,14,7000,11,12130,31640,r2cnrifle:5 r2qilin:4 r2cnportable:2 dog:1 r2phl:1 r2zbd:1
rr.dustbowl.normal.hezbollah-yemen.r1,dustbowl,normal,1,hezbollah,yemen,1,2,complete,win,yemen,conquest,50803,33.87,75.6,634565804,93,32750,27,47300,74650,r2hzrifle:33 r2hzat:27 r2hztechnical:15 r2hzrecoilless:8 r2hzrockets:4 r2hzescort:2 r2hzscout:2 htk:1 r2hzdrone:1,188,67450,32,71000,49550,r2ymr:67 r2yrpg:54 r2technical:25 r2ytechrr:15 r2ymlr:9 r2samad:5 r2wadighost:5 dog:4 r2yzu:3 htk:1
rr.dustbowl.normal.yemen-saudi.r1,dustbowl,normal,1,yemen,saudi,1,2,complete,win,saudi,conquest,44107,29.4,69.2,716966686,83,28425,27,33650,79975,r2ymr:31 r2yrpg:28 r2technical:10 r2ytechrr:5 r2ymlr:4 r2wadighost:2 r2yzu:2 r2yspot:1,104,65110,30,76425,35120,r2sang:43 r2saat:21 r2m1a2s:19 r2caesar:5 dog:3 r2ah64sa:3 r2bradley:3 r2sads:3 r2falcon:2 r2f15sa:1 r2sajtac:1
rr.dustbowl.normal.turkey-hezbollah.r1,dustbowl,normal,1,turkey,hezbollah,1,2,complete,draw,,tick-cap,60001,40.0,93.4,996230273,133,73210,55,84925,90900,r2trrifle:52 r2bozkir:28 r2trat:28 r2yildirim:7 r2greywolf:4 r2kuzgun:4 r2aras:3 r2sancak:2 dog:1 r2deniz:1 r2gokkalkan:1 r2sahin:1 r2turna:1,201,82025,50,90630,90775,r2hzrifle:69 r2hzat:65 r2hzrecoilless:19 r2hzdrone:16 r2hzscout:10 r2hzrockets:8 htk:5 r2hztechnical:5 r2hzescort:3 r2hzspotter:1
rr.dustbowl.normal.saudi-iran.r1,dustbowl,normal,1,saudi,iran,1,2,complete,draw,,tick-cap,60001,40.0,85.7,1391926352,128,89010,29,107710,73740,r2sang:48 r2saat:26 r2m1a2s:22 r2caesar:7 r2ah64sa:6 r2sads:5 r2bradley:3 r2f15sa:3 r2falcon:3 r2sajtac:3 dog:2,131,47790,34,72720,109010,r2basij:66 r2toophan:41 r2karrar:11 r2fajr:4 r2raad:4 dog:2 r2azar:1 r2mohajer:1 r2toufan:1
rr.dustbowl.normal.saudi-russia.r1,dustbowl,normal,1,saudi,russia,1,2,complete,draw,,tick-cap,60001,40.0,86.7,1409247037,121,88840,36,78500,90190,r2sang:42 r2saat:26 r2m1a2s:23 r2caesar:8 r2sads:6 r2falcon:5 r2ah64sa:4 r2f15sa:3 dog:2 r2bradley:2,191,76800,32,88390,78200,e2:66 shk:46 flakt:43 htnk:11 ttnk:10 htk:9 apoc:2 dog:2 zep:2
rr.tournament-2a.normal.china-america.r1,tournament-2A,normal,1,china,america,1,2,complete,win,america,conquest,24839,16.56,39.1,1930037379,37,12620,13,13400,43790,r2cnrifle:21 r2cnportable:9 r2qilin:3 dog:1 r2lynx:1 r2skyspear:1 r2zbd:1,57,31100,23,43790,13400,e1:25 mtnk:10 fv:6 jumpjet:5 cleg:3 sref:3 shad:2 dog:1 mgtk:1 orca:1
rr.tournament-2a.normal.israel-saudi.r1,tournament-2A,normal,1,israel,saudi,1,2,complete,win,saudi,conquest,43979,29.32,61.2,-2045247977,34,26720,22,34620,71280,r2ilrifle:11 r2ilat:8 r2merkava:6 r2ilhowitzer:3 r2ilfalcon:2 r2ilgunship:2 dog:1 r2namer:1,59,38580,35,70480,33820,r2sang:24 r2m1a2s:12 r2saat:11 r2sads:5 r2caesar:2 dog:1 r2ah64sa:1 r2bradley:1 r2f15sa:1 r2falcon:1
rr.tournament-2a.normal.iran-yemen.r1,tournament-2A,normal,1,iran,yemen,1,2,complete,win,iran,conquest,38922,25.95,55.3,-2019164937,96,34530,30,33850,26070,r2basij:52 r2toophan:23 r2karrar:11 r2fajr:4 htk:2 r2dronecontrol:1 r2mohajer:1 r2raad:1 r2toufan:1,31,9500,16,26070,33850,r2ymr:13 r2yrpg:8 r2technical:5 r2ytechrr:3 r2ymlr:1 r2yzu:1
rr.tournament-2a.normal.turkey-israel.r1,tournament-2A,normal,1,turkey,israel,1,2,complete,draw,,tick-cap,60001,40.0,80.9,-1974749903,149,75345,29,102220,71525,r2trrifle:69 r2bozkir:25 r2trat:25 r2yildirim:7 r2gokkalkan:5 r2kuzgun:4 r2aras:3 r2greywolf:3 r2sancak:3 dog:1 r2deniz:1 r2sahin:1 r2trdroneop:1 r2turna:1,60,57160,39,71525,102220,r2ilat:15 r2ilrifle:13 r2merkava:10 r2ilfalcon:7 r2ilhowitzer:5 r2ilgunship:4 dog:2 r2ilrecon:2 r2ilobserver:1 r2namer:1
rr.dustbowl.normal.iran-hezbollah.r1,dustbowl,normal,1,iran,hezbollah,1,2,complete,win,hezbollah,conquest,44024,29.35,65.0,-1465689394,93,26930,39,42850,87400,r2basij:57 r2toophan:26 r2karrar:4 r2coast:2 r2mohajer:2 htk:1 r2fajr:1,233,72850,31,87050,44200,r2hzrifle:111 r2hzat:68 r2hztechnical:17 r2hzdrone:11 r2hzrecoilless:10 r2hzscout:6 r2hzescort:3 r2hzrockets:3 dog:2 htk:2
rr.tournament-2a.normal.iran-hezbollah.r1,tournament-2A,normal,1,iran,hezbollah,1,2,complete,win,iran,conquest,17263,11.51,29.9,-1433219794,38,11930,13,12800,5130,r2basij:22 r2toophan:8 r2karrar:3 htk:2 r2fajr:2 dog:1,4,900,4,5130,12800,r2hzat:2 r2hzrifle:2
rr.tournament-2a.normal.yemen-iran.r2,tournament-2A,normal,2,yemen,iran,1,2,complete,win,iran,conquest,23982,15.99,38.3,-1164932605,11,2800,7,13180,18650,r2ymr:5 r2yrpg:5 r2ytechrr:1,50,17760,16,18650,13180,r2basij:29 r2toophan:10 r2karrar:5 r2fajr:3 r2raad:2 htk:1
rr.dustbowl.normal.iran-russia.r2,dustbowl,normal,2,iran,russia,1,2,complete,draw,,tick-cap,60001,40.0,96.1,-1132351181,277,81780,31,58500,116010,r2basij:177 r2toophan:55 r2karrar:16 r2fajr:6 r2coast:5 r2dronecontrol:4 r2raad:4 dog:3 htk:3 r2loiter:2 r2toufan:2,235,78900,29,111420,60100,e2:115 flakt:51 shk:28 htnk:13 htk:10 ttnk:9 apoc:4 dog:2 ivan:2 zep:1
rr.dustbowl.normal.saudi-turkey.r2,dustbowl,normal,2,saudi,turkey,1,2,complete,win,turkey,conquest,33303,22.2,53.6,-815242612,22,13390,18,18940,50450,r2sang:7 r2saat:6 r2m1a2s:5 dog:1 r2bradley:1 r2caesar:1 r2sads:1,82,38795,27,50450,18940,r2trrifle:39 r2trat:15 r2bozkir:13 r2sancak:3 r2yildirim:3 r2kuzgun:2 dog:1 r2aras:1 r2deniz:1 r2gokkalkan:1 r2greywolf:1 r2sahin:1 r2trdroneop:1
rr.dustbowl.normal.hezbollah-russia.r2,dustbowl,normal,2,hezbollah,russia,1,2,complete,win,russia,conquest,44870,29.91,68.0,-779155811,76,25800,31,45100,70950,r2hzrifle:32 r2hzat:18 r2hztechnical:8 r2hzrecoilless:7 r2hzdrone:4 r2hzescort:3 r2hzrockets:2 htk:1 r2hzscout:1,203,78900,30,69200,46900,e2:72 flakt:56 shk:35 htk:13 ttnk:10 htnk:9 apoc:4 ivan:3 zep:1
rr.tournament-2a.normal.china-russia.r2,tournament-2A,normal,2,china,russia,1,2,complete,win,russia,conquest,28249,18.83,44.0,-276574125,39,20800,22,16900,57790,r2cnrifle:15 r2qilin:9 r2cnportable:7 r2phl:3 r2cloud:2 r2crane:1 r2lynx:1 r2zbd:1,63,30900,24,57790,16900,e2:18 shk:18 flakt:9 ttnk:6 htk:5 htnk:5 yuri:1 zep:1
rr.dustbowl.normal.saudi-russia.r2,dustbowl,normal,2,saudi,russia,1,2,complete,draw,,tick-cap,60001,40.0,85.9,-170694675,160,102520,26,73100,81610,r2sang:61 r2saat:41 r2m1a2s:29 r2sads:8 r2ah64sa:6 r2bradley:6 r2falcon:3 dog:2 r2caesar:2 r2f15sa:2,65,25100,32,81610,73100,e2:21 flakt:18 shk:12 htnk:5 ttnk:4 htk:3 dog:1 ivan:1
rr.dustbowl.normal.china-america.r2,dustbowl,normal,2,china,america,1,2,complete,draw,,tick-cap,60001,40.0,92.5,-98682331,198,102830,37,102150,111350,r2cnrifle:84 r2cnportable:40 r2qilin:30 r2mantis:11 r2phl:9 r2cloud:7 r2zbd:6 r2redspear:5 r2lynx:2 r2skyspear:2 dog:1 r2crane:1,176,100500,37,110400,101200,e1:70 jumpjet:24 fv:23 mtnk:18 sref:10 shad:8 mgtk:6 tany:6 cleg:5 orca:5 dog:1
rr.dustbowl.normal.america-turkey.r2,dustbowl,normal,2,america,turkey,1,2,complete,win,america,conquest,21174,14.12,37.7,163640724,51,22800,23,43335,9500,e1:24 mtnk:12 fv:7 jumpjet:5 dog:1 orca:1 shad:1,30,12375,14,9500,43335,r2trrifle:15 r2bozkir:5 r2trat:5 dog:1 r2aras:1 r2gokkalkan:1 r2trdroneop:1 r2yildirim:1
rr.tournament-2a.normal.russia-iran.r2,tournament-2A,normal,2,russia,iran,1,2,complete,win,iran,conquest,29104,19.4,44.5,539961731,29,12600,15,21920,38300,e2:10 shk:7 htnk:5 flakt:3 htk:3 ttnk:1,109,38250,26,38300,21920,r2basij:60 r2toophan:24 r2karrar:11 r2fajr:5 r2raad:3 htk:2 dog:1 r2dronecontrol:1 r2loiter:1 r2mohajer:1
rr.dustbowl.normal.israel-russia.r2,dustbowl,normal,2,israel,russia,1,2,complete,win,russia,conquest,41437,27.62,63.3,687254969,35,25700,21,26600,66160,r2ilat:10 r2ilrifle:10 r2merkava:7 r2ilhowitzer:2 r2namer:2 dog:1 r2ilfalcon:1 r2ilgunship:1 r2ilshield:1,158,58750,29,66160,26600,e2:68 flakt:35 shk:23 htk:8 htnk:8 ttnk:6 apoc:5 dog:4 zep:1
rr.dustbowl.normal.yemen-china.r2,dustbowl,normal,2,yemen,china,1,2,complete,win,yemen,conquest,30329,20.22,48.5,825667809,168,48075,27,64220,19625,r2ymr:74 r2yrpg:63 r2technical:10 r2ytechrr:7 dog:4 r2ymlr:4 r2samad:2 r2wadighost:2 r2yspot:1 r2yzu:1,42,21130,23,19625,64220,r2cnrifle:14 r2cnportable:10 r2qilin:10 r2zbd:3 r2lynx:2 r2phl:2 r2cloud:1
rr.tournament-2a.normal.saudi-america.r2,tournament-2A,normal,2,saudi,america,1,2,complete,win,saudi,conquest,18672,12.45,32.2,986895033,26,14340,15,18500,6920,r2sang:12 r2m1a2s:5 r2saat:4 r2bradley:2 dog:1 r2caesar:1 r2sads:1,4,1200,7,6920,18500,e1:3 fv:1
rr.tournament-2a.normal.saudi-russia.r2,tournament-2A,normal,2,saudi,russia,1,2,complete,win,saudi,conquest,18238,12.16,30.7,1308144678,19,10180,14,21000,4740,r2sang:9 r2m1a2s:4 r2saat:3 dog:1 r2bradley:1 r2caesar:1,10,3400,8,4740,21000,e2:5 shk:3 htk:1 htnk:1
rr.tournament-2a.normal.saudi-china.r2,tournament-2A,normal,2,saudi,china,1,2,complete,win,china,conquest,21149,14.1,34.5,1313949929,10,5130,8,12680,27890,r2sang:4 r2m1a2s:2 r2saat:2 dog:1 r2bradley:1,45,21870,22,27890,12680,r2cnrifle:21 r2qilin:8 r2cnportable:7 r2lynx:2 r2phl:2 r2cloud:1 r2crane:1 r2mantis:1 r2skyspear:1 r2zbd:1
rr.tournament-2a.normal.turkey-china.r2,tournament-2A,normal,2,turkey,china,1,2,complete,win,turkey,conquest,38391,25.59,55.7,1321229085,88,41450,32,48220,30925,r2trrifle:40 r2trat:18 r2bozkir:16 r2yildirim:4 r2sancak:3 dog:2 r2aras:2 r2greywolf:1 r2kuzgun:1 r2sahin:1,56,24080,12,30925,48220,r2cnrifle:24 r2qilin:11 r2cnportable:10 r2lynx:5 r2mantis:2 r2zbd:2 dog:1 r2phl:1
rr.tournament-2a.normal.yemen-hezbollah.r2,tournament-2A,normal,2,yemen,hezbollah,1,2,complete,win,hezbollah,conquest,31445,20.96,46.6,1614158776,55,17350,16,35950,48400,r2ymr:21 r2yrpg:17 r2technical:7 r2ytechrr:6 r2ymlr:2 r2yzu:2,152,48800,34,48400,35950,r2hzrifle:65 r2hzat:41 r2hztechnical:14 r2hzrecoilless:11 r2hzdrone:8 r2hzescort:4 dog:3 r2hzrockets:3 r2hzscout:2 htk:1
rr.dustbowl.normal.hezbollah-china.r2,dustbowl,normal,2,hezbollah,china,1,2,complete,win,hezbollah,conquest,41698,27.8,62.5,1658540525,189,64250,33,87880,42400,r2hzrifle:80 r2hzat:50 r2hztechnical:19 r2hzdrone:13 r2hzrecoilless:11 r2hzrockets:6 r2hzscout:4 htk:3 dog:2 r2hzescort:1,57,25090,34,42400,87880,r2cnrifle:27 r2cnportable:14 r2qilin:9 r2phl:4 r2cloud:2 r2lynx:1
rr.dustbowl.normal.turkey-iran.r2,dustbowl,normal,2,turkey,iran,1,2,complete,win,iran,conquest,52642,35.09,77.1,1878425628,47,25085,32,43770,85495,r2trrifle:17 r2trat:11 r2bozkir:10 r2yildirim:3 dog:1 r2aras:1 r2gokkalkan:1 r2kuzgun:1 r2sahin:1 r2sancak:1,224,72920,29,85495,43770,r2basij:133 r2toophan:53 r2karrar:12 r2coast:5 r2raad:5 r2fajr:4 dog:3 r2azar:2 r2dronecontrol:2 r2loiter:2 r2mohajer:2 htk:1
rr.tournament-2a.normal.saudi-yemen.r2,tournament-2A,normal,2,saudi,yemen,1,2,complete,win,saudi,conquest,23594,15.73,37.7,2081735680,70,38710,29,37750,22160,r2sang:33 r2saat:15 r2m1a2s:11 r2bradley:3 r2caesar:2 r2sads:2 dog:1 r2ah64sa:1 r2f15sa:1 r2sajtac:1,44,13350,12,21110,36700,r2ymr:17 r2yrpg:11 r2technical:8 r2ytechrr:6 htk:2
rr.dustbowl.normal.iran-china.r2,dustbowl,normal,2,iran,china,1,2,complete,win,iran,conquest,42375,28.25,63.0,-2010849866,135,43690,27,51550,30440,r2basij:81 r2toophan:31 r2karrar:11 r2fajr:4 dog:2 htk:2 r2coast:2 r2azar:1 r2toufan:1,34,15460,19,30440,51550,r2cnrifle:13 r2cnportable:9 r2qilin:7 r2zbd:2 r2lynx:1 r2mantis:1 r2phl:1
rr.dustbowl.normal.turkey-china.r2,dustbowl,normal,2,turkey,china,1,2,complete,win,turkey,conquest,40335,26.89,59.8,-1833724721,114,55070,30,66120,31620,r2trrifle:54 r2trat:22 r2bozkir:18 r2yildirim:4 r2gokkalkan:3 r2sancak:3 dog:2 r2greywolf:2 r2turna:2 r2deniz:1 r2kuzgun:1 r2sahin:1 r2trdroneop:1,37,20530,22,31620,66120,r2cnrifle:14 r2cnportable:8 r2qilin:7 r2cloud:3 r2phl:3 r2skyspear:1 r2zbd:1
rr.tournament-2a.normal.russia-yemen.r2,tournament-2A,normal,2,russia,yemen,1,2,complete,win,russia,conquest,29688,19.79,45.5,-1644185181,71,30400,22,39100,15900,e2:26 shk:17 flakt:11 htnk:6 ttnk:5 htk:4 ivan:1 zep:1,40,10550,18,15900,39100,r2ymr:19 r2yrpg:15 r2technical:3 r2ytechrr:2 r2ymlr:1
rr.dustbowl.normal.saudi-hezbollah.r2,dustbowl,normal,2,saudi,hezbollah,1,2,complete,win,hezbollah,conquest,49320,32.88,75.9,-1379587342,72,56020,40,48200,120980,r2sang:21 r2saat:19 r2m1a2s:12 r2caesar:5 r2ah64sa:3 r2f15sa:3 r2falcon:3 r2sads:3 r2bradley:2 dog:1,217,71700,33,120430,49850,r2hzrifle:91 r2hzat:64 r2hztechnical:21 r2hzrecoilless:14 r2hzdrone:7 r2hzrockets:7 r2hzescort:4 r2hzscout:4 htk:3 r2hzspotter:2
rr.dustbowl.normal.iran-saudi.r2,dustbowl,normal,2,iran,saudi,1,2,complete,win,iran,conquest,17892,11.93,32.5,-1236372532,48,16620,14,24930,8780,r2basij:28 r2toophan:10 r2karrar:4 htk:2 r2fajr:2 r2azar:1 r2dronecontrol:1,6,3370,8,8780,24930,r2saat:2 dog:1 r2bradley:1 r2m1a2s:1 r2sang:1
rr.dustbowl.normal.china-iran.r2,dustbowl,normal,2,china,iran,1,2,complete,win,china,conquest,50215,33.48,74.0,-1188597692,132,67340,31,87220,58490,r2cnrifle:57 r2cnportable:25 r2qilin:22 r2phl:7 r2cloud:6 r2lynx:4 r2mantis:3 r2redspear:3 r2zbd:2 dog:1 r2crane:1 r2skyspear:1,98,37500,27,56120,89770,r2basij:50 r2toophan:27 r2karrar:9 r2fajr:4 htk:2 r2raad:2 r2azar:1 r2coast:1 r2loiter:1 r2mohajer:1
rr.dustbowl.normal.hezbollah-yemen.r2,dustbowl,normal,2,hezbollah,yemen,1,2,complete,draw,,tick-cap,60001,40.0,94.4,-910197992,326,117950,33,120750,106550,r2hzrifle:133 r2hzat:90 r2hztechnical:35 r2hzdrone:17 r2hzrecoilless:17 r2hzscout:13 r2hzrockets:10 htk:5 r2hzescort:4 dog:2,229,86250,59,106550,120750,r2ymr:81 r2yrpg:73 r2technical:28 r2ytechrr:19 r2wadighost:11 r2ymlr:9 htk:5 r2yzu:3
rr.dustbowl.normal.iran-america.r2,dustbowl,normal,2,iran,america,1,2,complete,draw,,tick-cap,60001,40.0,89.4,-619560158,299,95210,29,103500,88570,r2basij:174 r2toophan:80 r2karrar:16 r2fajr:8 htk:6 r2coast:5 r2raad:4 dog:3 r2azar:1 r2mohajer:1 r2toufan:1,97,72500,42,88570,103500,e1:26 orca:13 fv:11 mtnk:9 tany:8 jumpjet:7 mgtk:7 sref:7 cleg:6 shad:2 dog:1
rr.dustbowl.normal.yemen-hezbollah.r2,dustbowl,normal,2,yemen,hezbollah,1,2,complete,win,yemen,conquest,22858,15.24,40.9,-447875485,89,27200,23,29050,18700,r2ymr:38 r2yrpg:22 r2technical:12 r2ytechrr:8 htk:3 r2ymlr:3 dog:1 r2samad:1 r2yzu:1,27,7800,9,18700,29050,r2hzrifle:11 r2hzat:8 r2hztechnical:4 r2hzrecoilless:3 htk:1
rr.dustbowl.normal.russia-israel.r2,dustbowl,normal,2,russia,israel,1,2,complete,win,russia,conquest,54263,36.18,92.8,-37953225,272,97250,30,130590,57900,e2:118 flakt:65 shk:40 htk:14 htnk:14 ttnk:9 apoc:5 dog:2 ivan:2 zep:2 yuri:1,79,58830,42,57800,130490,r2ilrifle:29 r2ilat:18 r2merkava:11 r2ilhowitzer:7 r2ilshield:4 r2ilfalcon:3 r2ilgunship:3 r2ilrecon:2 dog:1 r2namer:1
rr.dustbowl.normal.israel-hezbollah.r2,dustbowl,normal,2,israel,hezbollah,1,2,complete,draw,,tick-cap,60001,40.0,88.8,34645723,91,76910,38,75450,91230,r2ilrifle:28 r2ilat:23 r2merkava:14 r2ilhowitzer:8 r2ilgunship:7 r2ilfalcon:5 r2ilrecon:4 dog:1 r2namer:1,198,75050,46,91230,75450,r2hzrifle:78 r2hzat:52 r2hztechnical:25 r2hzrecoilless:12 r2hzrockets:10 r2hzscout:9 r2hzdrone:5 htk:4 r2hzescort:3
rr.dustbowl.normal.saudi-israel.r2,dustbowl,normal,2,saudi,israel,1,2,complete,win,israel,conquest,44039,29.36,66.1,275422898,39,24810,26,31200,73670,r2sang:13 r2saat:11 r2m1a2s:8 r2bradley:2 r2caesar:2 dog:1 r2f15sa:1 r2sads:1,96,60000,28,73670,31200,r2ilrifle:40 r2ilat:22 r2merkava:16 r2ilhowitzer:6 dog:3 r2ilshield:3 r2namer:3 r2ilfalcon:1 r2ilgunship:1 r2ilrecon:1
rr.dustbowl.normal.america-israel.r2,dustbowl,normal,2,america,israel,1,2,complete,win,america,conquest,41486,27.66,61.8,890837762,99,59800,25,69220,32300,e1:39 mtnk:13 fv:12 jumpjet:9 cleg:7 sref:7 shad:4 mgtk:3 tany:3 dog:1 orca:1,42,29310,29,32300,69220,r2ilrifle:13 r2ilat:11 r2merkava:6 r2ilhowitzer:5 r2ilshield:3 dog:1 r2ilfalcon:1 r2ilobserver:1 r2namer:1
rr.dustbowl.normal.russia-turkey.r2,dustbowl,normal,2,russia,turkey,1,2,complete,win,turkey,conquest,38104,25.4,58.6,923010889,45,18000,16,34900,50200,e2:18 shk:9 flakt:7 htnk:5 htk:3 ttnk:3,104,50585,28,49500,38765,r2trrifle:47 r2trat:20 r2bozkir:18 r2sancak:6 r2yildirim:4 r2aras:2 dog:1 r2deniz:1 r2greywolf:1 r2kuzgun:1 r2sahin:1 r2trdroneop:1 r2turna:1
rr.tournament-2a.normal.saudi-iran.r2,tournament-2A,normal,2,saudi,iran,1,2,complete,win,iran,conquest,39855,26.57,57.7,937137066,38,26130,26,33340,72590,r2sang:14 r2saat:9 r2m1a2s:6 r2caesar:3 r2f15sa:2 dog:1 r2ah64sa:1 r2bradley:1 r2sads:1,126,39280,28,72590,33340,r2basij:77 r2toophan:27 r2karrar:11 r2fajr:4 r2raad:3 htk:2 dog:1 r2toufan:1
rr.tournament-2a.normal.hezbollah-israel.r2,tournament-2A,normal,2,hezbollah,israel,1,2,complete,win,israel,conquest,16312,10.87,28.2,1506687881,4,750,4,4510,12650,r2hzrifle:3 r2hzat:1,19,13410,13,12650,4510,r2ilrifle:8 r2ilat:3 r2merkava:3 dog:1 r2ilfalcon:1 r2ilgunship:1 r2ilhowitzer:1 r2namer:1
rr.dustbowl.normal.hezbollah-iran.r2,dustbowl,normal,2,hezbollah,iran,1,2,complete,win,hezbollah,conquest,34791,23.19,55.2,1512794418,119,40850,31,47780,22550,r2hzrifle:47 r2hzat:32 r2hztechnical:13 r2hzrecoilless:10 r2hzdrone:8 r2hzrockets:3 r2hzescort:2 r2hzscout:2 dog:1 htk:1,42,14210,17,22150,47380,r2basij:24 r2toophan:9 r2karrar:4 htk:2 r2fajr:2 r2raad:1
rr.tournament-2a.normal.america-yemen.r2,tournament-2A,normal,2,america,yemen,1,2,complete,win,yemen,conquest,12961,8.64,24.7,1517949651,6,1700,6,4400,18000,e1:4 dog:1 mtnk:1,32,9950,13,18000,4400,r2ymr:13 r2yrpg:10 r2technical:4 r2ymlr:2 r2ytechrr:2 htk:1
rr.dustbowl.normal.america-hezbollah.r2,dustbowl,normal,2,america,hezbollah,1,2,complete,win,hezbollah,conquest,41679,27.79,62.3,1766620539,77,34200,28,39350,90100,e1:42 mtnk:14 fv:10 orca:5 jumpjet:3 shad:2 dog:1,189,64400,32,88700,37950,r2hzrifle:80 r2hzat:55 r2hztechnical:19 r2hzrecoilless:10 r2hzdrone:7 r2hzrockets:6 r2hzscout:6 dog:2 htk:2 r2hzescort:2
rr.dustbowl.normal.israel-china.r2,dustbowl,normal,2,israel,china,1,2,complete,draw,,tick-cap,60001,40.0,82.8,1790271702,79,62050,40,82010,93420,r2ilat:24 r2ilrifle:20 r2merkava:13 r2ilhowitzer:6 r2ilshield:6 r2ilgunship:3 r2ilfalcon:2 r2ilrecon:2 r2namer:2 dog:1,156,80530,36,92370,80960,r2cnrifle:64 r2cnportable:31 r2qilin:27 r2phl:7 r2cloud:6 r2lynx:4 r2mantis:4 r2zbd:4 r2redspear:3 r2crane:2 r2skyspear:2 dog:1 r2cnnetwork:1
rr.tournament-2a.normal.hezbollah-yemen.r2,tournament-2A,normal,2,hezbollah,yemen,1,2,complete,win,hezbollah,conquest,33242,22.16,49.8,2065812073,116,34100,37,33500,21075,r2hzrifle:57 r2hzat:37 r2hztechnical:7 r2hzdrone:4 r2hzrecoilless:4 r2hzrockets:2 r2hzscout:2 r2hzspotter:2 htk:1,32,10100,12,21075,33500,r2yrpg:12 r2ymr:11 r2technical:3 r2ytechrr:3 htk:1 r2ymlr:1 r2yzu:1
rr.dustbowl.normal.turkey-israel.r2,dustbowl,normal,2,turkey,israel,1,2,complete,win,turkey,conquest,40533,27.02,62.9,-1903524300,117,54375,30,67760,28195,r2trrifle:55 r2trat:22 r2bozkir:20 r2yildirim:5 r2aras:3 dog:2 r2gokkalkan:2 r2kuzgun:2 r2sancak:2 r2deniz:1 r2greywolf:1 r2sahin:1 r2trdroneop:1,36,27700,21,28195,67760,r2ilat:10 r2ilrifle:10 r2merkava:6 r2ilhowitzer:3 dog:2 r2ilfalcon:2 r2ilgunship:2 r2namer:1
rr.dustbowl.normal.russia-china.r2,dustbowl,normal,2,russia,china,1,2,complete,win,russia,conquest,46216,30.81,68.8,-1730756678,152,59050,27,81190,34700,e2:61 flakt:31 shk:26 htnk:11 htk:10 ttnk:9 ivan:2 apoc:1 zep:1,48,29500,30,34700,81190,r2cnrifle:15 r2qilin:13 r2cnportable:9 r2phl:4 r2cloud:2 r2crane:1 r2lynx:1 r2redspear:1 r2skyspear:1 r2zbd:1
rr.tournament-2a.normal.iran-israel.r2,tournament-2A,normal,2,iran,israel,1,2,complete,win,iran,conquest,32144,21.43,47.8,-1677607341,120,36850,27,53410,29580,r2basij:75 r2toophan:25 r2karrar:10 r2fajr:4 htk:2 dog:1 r2coast:1 r2raad:1 r2toufan:1,34,20650,16,29580,53410,r2ilrifle:10 r2ilat:9 r2merkava:6 dog:4 r2ilhowitzer:2 r2namer:2 r2ilshield:1
rr.dustbowl.normal.yemen-turkey.r2,dustbowl,normal,2,yemen,turkey,1,2,complete,win,yemen,conquest,34532,23.02,53.2,-1274684490,130,45350,30,74220,35800,r2ymr:45 r2yrpg:40 r2technical:17 r2ytechrr:10 r2ymlr:5 htk:4 r2yzu:4 r2samad:3 r2wadighost:2,54,26160,25,35400,73820,r2trrifle:22 r2trat:13 r2bozkir:6 r2sancak:3 r2yildirim:3 dog:2 r2aras:1 r2kuzgun:1 r2sahin:1 r2trdroneop:1 r2turna:1
rr.tournament-2a.normal.china-turkey.r2,tournament-2A,normal,2,china,turkey,1,2,complete,win,china,conquest,19848,13.23,33.2,-1197436663,42,17120,19,32145,8290,r2cnrifle:21 r2cnportable:7 r2qilin:6 r2lynx:2 r2zbd:2 dog:1 r2cloud:1 r2mantis:1 r2phl:1,18,7785,10,8290,32145,r2trrifle:7 r2trat:5 r2bozkir:2 dog:1 r2aras:1 r2sancak:1 r2yildirim:1
rr.tournament-2a.normal.russia-china.r2,tournament-2A,normal,2,russia,china,1,2,complete,win,russia,conquest,37888,25.26,54.8,-1041526486,125,47300,28,64140,27700,e2:49 flakt:30 shk:20 htk:8 htnk:7 ttnk:6 apoc:2 dog:2 zep:1,44,19850,23,27700,64140,r2cnrifle:20 r2cnportable:8 r2qilin:8 r2cloud:3 r2phl:2 dog:1 r2lynx:1 r2zbd:1
rr.tournament-2a.normal.yemen-turkey.r2,tournament-2A,normal,2,yemen,turkey,1,2,complete,win,yemen,conquest,14603,9.74,26.6,-864983234,39,11900,13,25820,6500,r2ymr:16 r2yrpg:11 r2technical:5 r2ytechrr:4 htk:1 r2ymlr:1 r2yzu:1,9,4660,8,6500,25820,r2bozkir:3 r2trat:2 r2trrifle:2 dog:1 r2aras:1
rr.dustbowl.normal.yemen-iran.r2,dustbowl,normal,2,yemen,iran,1,2,complete,win,iran,conquest,44474,29.65,63.9,-743164845,59,19950,23,46910,57200,r2ymr:20 r2yrpg:17 r2technical:8 r2ytechrr:7 htk:3 r2ymlr:3 r2yzu:1,238,74330,30,54850,45510,r2basij:142 r2toophan:60 r2karrar:14 r2coast:5 r2fajr:5 dog:3 htk:3 r2dronecontrol:2 r2azar:1 r2mohajer:1 r2raad:1 r2toufan:1
rr.tournament-2a.normal.israel-turkey.r2,tournament-2A,normal,2,israel,turkey,1,2,complete,win,israel,conquest,24267,16.18,38.8,-595965384,31,18240,20,30590,12060,r2ilrifle:12 r2ilat:7 r2merkava:5 dog:2 r2ilshield:2 r2namer:2 r2ilhowitzer:1,17,8380,10,12060,30590,r2trrifle:6 r2bozkir:4 r2trat:4 dog:1 r2sancak:1 r2yildirim:1
rr.tournament-2a.normal.hezbollah-russia.r2,tournament-2A,normal,2,hezbollah,russia,1,2,complete,win,hezbollah,conquest,15802,10.53,28.7,-493738768,44,14000,16,20900,8700,r2hzrifle:17 r2hzat:12 r2hztechnical:7 r2hzrecoilless:3 r2hzdrone:2 htk:1 r2hzescort:1 r2hzrockets:1,10,3200,10,8700,20900,shk:5 e2:4 flakt:1
rr.dustbowl.normal.russia-iran.r2,dustbowl,normal,2,russia,iran,1,2,complete,win,russia,conquest,43128,28.75,68.0,-207915646,158,64250,29,74620,31300,e2:64 shk:34 flakt:27 htk:9 htnk:7 ttnk:7 apoc:5 dog:2 yuri:2 zep:1,83,30350,26,30900,76120,r2basij:45 r2toophan:20 r2karrar:9 r2fajr:4 htk:2 r2raad:2 r2toufan:1
rr.dustbowl.normal.saudi-yemen.r2,dustbowl,normal,2,saudi,yemen,1,2,complete,win,yemen,conquest,51681,34.45,78.8,-203241369,52,42880,30,58000,95440,r2saat:14 r2sang:14 r2m1a2s:9 r2caesar:4 r2f15sa:4 r2ah64sa:3 dog:1 r2bradley:1 r2falcon:1 r2sads:1,228,85500,32,95440,58000,r2yrpg:77 r2ymr:75 r2ytechrr:23 r2technical:15 r2ymlr:10 r2wadighost:7 htk:6 r2yspot:6 r2yzu:5 r2samad:4
rr.dustbowl.normal.china-turkey.r2,dustbowl,normal,2,china,turkey,1,2,complete,win,china,conquest,54362,36.24,82.1,-102190475,170,87060,30,111205,67070,r2cnrifle:68 r2cnportable:35 r2qilin:26 r2cloud:10 r2lynx:7 r2phl:7 r2mantis:4 r2zbd:4 r2crane:3 r2redspear:3 dog:2 r2skyspear:1,74,37645,41,67070,111205,r2trrifle:29 r2trat:19 r2bozkir:11 r2yildirim:5 r2gokkalkan:4 dog:2 r2greywolf:1 r2kuzgun:1 r2sahin:1 r2sancak:1
rr.dustbowl.normal.israel-turkey.r2,dustbowl,normal,2,israel,turkey,1,2,complete,win,turkey,conquest,35925,23.95,59.4,472093778,32,22650,19,34975,61910,r2ilat:10 r2ilrifle:10 r2merkava:5 r2ilfalcon:2 r2ilhowitzer:2 dog:1 r2ilshield:1 r2namer:1,117,55170,27,61910,34975,r2trrifle:54 r2trat:23 r2bozkir:21 r2kuzgun:4 r2yildirim:4 r2aras:3 r2sancak:2 dog:1 r2deniz:1 r2gokkalkan:1 r2greywolf:1 r2sahin:1 r2trdroneop:1
rr.dustbowl.normal.iran-turkey.r2,dustbowl,normal,2,iran,turkey,1,2,complete,win,iran,conquest,28343,18.9,46.3,585157919,71,26450,20,38445,13190,r2basij:40 r2toophan:14 r2karrar:6 r2fajr:3 htk:2 r2coast:2 r2dronecontrol:2 r2raad:1 r2toufan:1,20,10185,15,13190,38445,r2trrifle:7 r2bozkir:5 r2sancak:3 r2trat:3 dog:1 r2aras:1
rr.dustbowl.normal.china-russia.r2,dustbowl,normal,2,china,russia,1,2,complete,win,russia,conquest,42501,28.33,63.5,719563342,79,45070,36,36900,102310,r2cnrifle:31 r2cnportable:14 r2qilin:14 r2phl:6 r2cloud:4 r2zbd:3 r2lynx:2 r2redspear:2 r2crane:1 r2mantis:1 r2skyspear:1,142,59100,28,102810,37400,e2:55 shk:30 flakt:28 htnk:8 ttnk:8 htk:7 apoc:2 yuri:2 zep:2
rr.tournament-2a.normal.america-israel.r2,tournament-2A,normal,2,america,israel,1,2,complete,win,israel,conquest,21363,14.24,35.5,1048221761,19,5900,9,11850,30000,e1:14 fv:2 dog:1 mtnk:1 shad:1,31,17790,16,30000,11850,r2ilrifle:12 r2ilat:9 r2merkava:4 r2ilshield:3 dog:1 r2ilhowitzer:1 r2namer:1
rr.dustbowl.normal.china-yemen.r2,dustbowl,normal,2,china,yemen,1,2,complete,win,yemen,conquest,46630,31.09,69.0,1064976565,73,46600,37,48200,108190,r2cnrifle:25 r2cnportable:15 r2qilin:14 r2phl:6 r2cloud:4 r2redspear:4 r2zbd:3 r2skyspear:2,201,68400,27,108190,48200,r2ymr:76 r2yrpg:59 r2technical:25 r2ytechrr:14 htk:6 r2ymlr:6 r2wadighost:4 r2yspot:4 r2yzu:4 r2samad:3
rr.tournament-2a.normal.turkey-israel.r2,tournament-2A,normal,2,turkey,israel,1,2,complete,win,israel,conquest,36760,24.51,53.6,1354449679,30,14670,18,32520,51380,r2trrifle:14 r2trat:5 r2bozkir:4 r2yildirim:2 dog:1 r2aras:1 r2kuzgun:1 r2sahin:1 r2sancak:1,50,36180,29,51380,32520,r2ilrifle:19 r2ilat:12 r2merkava:7 r2ilgunship:3 r2ilfalcon:2 r2ilhowitzer:2 r2ilshield:2 dog:1 r2ilrecon:1 r2namer:1
rr.dustbowl.normal.saudi-iran.r2,dustbowl,normal,2,saudi,iran,1,2,complete,win,iran,conquest,42898,28.6,63.8,1402093338,30,19150,25,32530,60510,r2sang:10 r2m1a2s:6 r2saat:6 r2bradley:3 r2caesar:2 r2sads:2 dog:1,148,53320,30,60510,32530,r2basij:78 r2toophan:38 r2karrar:12 r2fajr:5 r2dronecontrol:4 dog:2 htk:2 r2toufan:2 r2azar:1 r2coast:1 r2loiter:1 r2mohajer:1 r2raad:1
rr.dustbowl.normal.china-hezbollah.r2,dustbowl,normal,2,china,hezbollah,1,2,complete,win,hezbollah,conquest,40939,27.29,60.5,1756875884,39,21510,21,28550,63500,r2cnrifle:13 r2cnportable:10 r2qilin:5 r2cloud:3 r2phl:3 dog:1 r2lynx:1 r2mantis:1 r2skyspear:1 r2zbd:1,123,47150,33,67200,32250,r2hzrifle:44 r2hzat:33 r2hzrecoilless:13 r2hztechnical:10 r2hzdrone:8 r2hzrockets:5 htk:4 r2hzscout:4 dog:1 r2hzescort:1
rr.tournament-2a.normal.israel-russia.r2,tournament-2A,normal,2,israel,russia,1,2,complete,win,israel,conquest,25669,17.11,41.3,1892875946,25,17150,18,21800,9070,r2ilrifle:10 r2ilat:5 r2merkava:4 dog:1 r2ilfalcon:1 r2ilgunship:1 r2ilhowitzer:1 r2ilshield:1 r2namer:1,13,4500,8,9070,21800,e2:6 shk:4 htk:2 htnk:1
rr.tournament-2a.normal.turkey-america.r2,tournament-2A,normal,2,turkey,america,1,2,complete,win,america,conquest,15454,10.3,27.7,2041534510,16,6135,10,6600,30295,r2trrifle:7 r2trat:4 r2sancak:2 dog:1 r2aras:1 r2bozkir:1,58,20700,17,30295,6600,e1:37 mtnk:11 fv:5 dog:3 shad:2
rr.dustbowl.normal.yemen-america.r2,dustbowl,normal,2,yemen,america,1,2,complete,draw,,tick-cap,60001,40.0,83.9,-1990376756,202,80000,33,78500,85850,r2ymr:70 r2yrpg:62 r2technical:22 r2ytechrr:16 r2wadighost:12 r2ymlr:7 r2yzu:7 htk:6,115,76900,40,86050,78700,e1:34 jumpjet:20 fv:17 orca:10 mtnk:8 sref:8 cleg:7 shad:7 mgtk:2 dog:1 tany:1
rr.tournament-2a.normal.israel-yemen.r2,tournament-2A,normal,2,israel,yemen,1,2,complete,win,yemen,conquest,25856,17.24,40.2,-1977452045,22,12480,14,19850,45140,r2ilrifle:9 r2ilat:6 r2merkava:4 dog:1 r2ilhowitzer:1 r2namer:1,92,28950,26,45740,20450,r2ymr:36 r2yrpg:27 r2technical:12 r2ytechrr:9 r2ymlr:3 r2yzu:3 htk:1 r2samad:1
rr.dustbowl.normal.turkey-russia.r2,dustbowl,normal,2,turkey,russia,1,2,complete,win,turkey,conquest,47895,31.93,68.7,-1933854523,191,89405,26,63400,64420,r2trrifle:91 r2trat:36 r2bozkir:30 r2aras:6 r2yildirim:6 r2kuzgun:5 r2sancak:5 r2deniz:3 r2greywolf:3 dog:2 r2gokkalkan:1 r2sahin:1 r2trdroneop:1 r2turna:1,58,24500,22,65165,65500,e2:21 shk:12 flakt:9 htnk:8 ttnk:4 htk:3 dog:1
rr.tournament-2a.normal.iran-hezbollah.r2,tournament-2A,normal,2,iran,hezbollah,1,2,complete,win,hezbollah,conquest,28232,18.82,43.9,-1574065236,26,8460,11,13350,29580,r2basij:14 r2toophan:7 r2karrar:3 htk:1 r2raad:1,74,25200,20,30130,13900,r2hzrifle:27 r2hzat:22 r2hzdrone:7 r2hzrecoilless:7 htk:4 r2hztechnical:3 r2hzrockets:2 dog:1 r2hzescort:1
rr.tournament-2a.normal.israel-america.r2,tournament-2A,normal,2,israel,america,1,2,complete,win,israel,conquest,17925,11.95,31.0,-1245585511,18,10010,14,25500,4730,r2ilrifle:8 r2ilat:4 r2merkava:3 dog:1 r2ilhowitzer:1 r2namer:1,9,3200,9,4730,25500,e1:6 mtnk:2 fv:1
rr.tournament-2a.normal.iran-turkey.r2,tournament-2A,normal,2,iran,turkey,1,2,complete,win,iran,conquest,22819,15.21,36.4,-1151784559,66,22370,18,33505,8990,r2basij:38 r2toophan:15 r2karrar:4 r2raad:4 r2fajr:2 dog:1 r2dronecontrol:1 r2toufan:1,20,8245,12,8990,33505,r2trrifle:9 r2trat:4 r2bozkir:3 r2sancak:2 dog:1 r2aras:1
rr.tournament-2a.normal.china-israel.r2,tournament-2A,normal,2,china,israel,1,2,complete,win,china,conquest,27279,18.19,41.4,-1135323253,54,24800,19,31470,14490,r2cnrifle:25 r2cnportable:10 r2qilin:8 r2lynx:2 r2phl:2 r2zbd:2 dog:1 r2cloud:1 r2crane:1 r2mantis:1 r2skyspear:1,10,5910,11,14490,31470,r2ilat:3 r2ilrifle:3 dog:1 r2ilhowitzer:1 r2merkava:1 r2namer:1
rr.tournament-2a.normal.turkey-yemen.r2,tournament-2A,normal,2,turkey,yemen,1,2,complete,win,yemen,conquest,9650,6.43,20.3,-937265974,4,910,5,3550,15970,r2trrifle:2 dog:1 r2trat:1,27,7550,8,15970,3550,r2ymr:12 r2yrpg:8 r2technical:3 r2ytechrr:3 htk:1
rr.dustbowl.normal.turkey-saudi.r2,dustbowl,normal,2,turkey,saudi,1,2,complete,win,turkey,conquest,51662,34.44,77.2,-785294281,137,71855,28,98510,48520,r2trrifle:61 r2trat:26 r2bozkir:22 r2yildirim:6 r2gokkalkan:5 r2greywolf:4 r2aras:3 r2sahin:3 r2trdroneop:2 dog:1 r2deniz:1 r2kuzgun:1 r2sancak:1 r2turna:1,48,40650,33,48520,98510,r2saat:15 r2sang:10 r2m1a2s:6 r2ah64sa:4 r2caesar:4 r2f15sa:4 r2sads:2 dog:1 r2bradley:1 r2sajtac:1
rr.tournament-2a.normal.saudi-israel.r2,tournament-2A,normal,2,saudi,israel,1,2,complete,win,israel,conquest,14367,9.58,26.2,-733577019,4,2040,5,6070,17800,r2sang:2 r2m1a2s:1 r2saat:1,17,9790,11,18300,6570,r2ilrifle:7 r2ilat:4 r2merkava:3 dog:1 r2ilhowitzer:1 r2namer:1
rr.dustbowl.normal.america-china.r2,dustbowl,normal,2,america,china,1,2,complete,win,america,conquest,26149,17.43,42.2,-719452099,56,24400,22,43410,13800,e1:31 mtnk:11 fv:7 jumpjet:2 cleg:1 dog:1 orca:1 shad:1 sref:1,27,12520,15,13800,43410,r2cnrifle:11 r2cnportable:7 r2qilin:3 r2zbd:2 r2cloud:1 r2lynx:1 r2mantis:1 r2phl:1
rr.dustbowl.normal.iran-yemen.r2,dustbowl,normal,2,iran,yemen,1,2,complete,win,yemen,conquest,42401,28.27,64.7,-468713760,75,28980,25,37600,69550,r2basij:37 r2toophan:21 r2fajr:5 r2karrar:5 htk:3 r2toufan:2 r2dronecontrol:1 r2loiter:1,139,48550,30,68060,38750,r2ymr:47 r2yrpg:41 r2technical:19 r2ytechrr:16 r2ymlr:5 htk:3 r2samad:3 r2wadighost:2 r2yzu:2 dog:1
rr.tournament-2a.normal.turkey-russia.r2,tournament-2A,normal,2,turkey,russia,1,2,complete,win,russia,conquest,22735,15.16,38.0,-295657038,20,6555,11,8600,31965,r2trrifle:11 r2trat:5 r2bozkir:2 dog:1 r2sancak:1,39,15900,15,31965,8600,e2:15 shk:9 flakt:5 htnk:5 htk:3 ttnk:2
rr.dustbowl.normal.israel-america.r2,dustbowl,normal,2,israel,america,1,2,complete,win,israel,conquest,11596,7.73,25.6,-13095529,21,12060,10,18300,5070,r2ilrifle:8 r2ilat:6 r2merkava:3 dog:1 r2ilhowitzer:1 r2ilshield:1 r2namer:1,6,2000,6,5070,18300,e1:4 fv:2
rr.dustbowl.normal.hezbollah-america.r2,dustbowl,normal,2,hezbollah,america,1,2,complete,win,america,conquest,27644,18.43,45.7,83456969,41,12300,16,15100,41000,r2hzrifle:17 r2hzat:11 r2hztechnical:7 r2hzrecoilless:3 htk:1 r2hzescort:1 r2hzrockets:1,61,25200,24,41000,15100,e1:33 mtnk:12 fv:8 jumpjet:5 dog:1 orca:1 shad:1
rr.tournament-2a.normal.israel-china.r2,tournament-2A,normal,2,israel,china,1,2,complete,win,israel,conquest,18282,12.19,31.4,178381856,31,20120,20,29610,7520,r2ilrifle:11 r2ilat:8 r2merkava:4 dog:2 r2ilshield:2 r2ilfalcon:1 r2ilgunship:1 r2ilhowitzer:1 r2namer:1,12,4570,9,6470,28560,r2cnrifle:6 r2cnportable:2 r2lynx:2 r2qilin:1 r2zbd:1
rr.tournament-2a.normal.saudi-hezbollah.r2,tournament-2A,normal,2,saudi,hezbollah,1,2,complete,win,saudi,conquest,35843,23.9,53.3,243644825,40,26600,24,19650,14110,r2sang:15 r2saat:9 r2m1a2s:8 r2bradley:2 dog:1 r2ah64sa:1 r2caesar:1 r2f15sa:1 r2falcon:1 r2sads:1,11,3000,8,14110,19650,r2hzrifle:5 r2hzat:3 r2hztechnical:2 r2hzrecoilless:1
rr.tournament-2a.normal.china-hezbollah.r2,tournament-2A,normal,2,china,hezbollah,1,2,complete,win,hezbollah,conquest,14646,9.76,26.6,493225100,8,3030,6,6800,18370,r2cnrifle:4 r2cnportable:2 r2qilin:1 r2zbd:1,36,11050,13,18370,6800,r2hzrifle:16 r2hzat:9 r2hztechnical:4 r2hzrecoilless:3 htk:1 r2hzdrone:1 r2hzescort:1 r2hzrockets:1
rr.tournament-2a.normal.russia-hezbollah.r2,tournament-2A,normal,2,russia,hezbollah,1,2,complete,win,hezbollah,conquest,42483,28.32,60.9,541226295,38,18200,21,45150,48000,shk:14 e2:8 flakt:5 htnk:5 htk:4 ttnk:2,218,73600,33,48000,45150,r2hzrifle:95 r2hzat:56 r2hztechnical:24 r2hzdrone:11 r2hzrecoilless:11 r2hzrockets:8 r2hzscout:5 r2hzescort:3 dog:2 r2hzspotter:2 htk:1
rr.tournament-2a.normal.america-iran.r2,tournament-2A,normal,2,america,iran,1,2,complete,win,iran,conquest,9610,6.41,20.1,758244875,3,600,5,4150,13000,e1:3,25,7240,10,13000,4150,r2basij:16 r2toophan:5 r2karrar:3 r2raad:1
rr.tournament-2a.normal.turkey-saudi.r2,tournament-2A,normal,2,turkey,saudi,1,2,complete,win,saudi,conquest,8473,5.65,19.3,776256060,4,665,5,1600,13875,r2trrifle:3 dog:1,16,7760,10,13875,1600,r2sang:8 r2saat:3 r2m1a2s:2 dog:1 r2bradley:1 r2caesar:1
rr.tournament-2a.normal.america-saudi.r2,tournament-2A,normal,2,america,saudi,1,2,complete,win,america,conquest,27019,18.01,41.6,959415257,48,22800,17,37550,14200,e1:23 mtnk:12 fv:5 jumpjet:4 orca:2 shad:2,19,10290,13,14200,37550,r2sang:7 r2saat:5 r2m1a2s:3 r2bradley:2 dog:1 r2sads:1
rr.dustbowl.normal.saudi-america.r2,dustbowl,normal,2,saudi,america,1,2,complete,win,america,conquest,51525,34.35,73.8,969535810,38,25540,24,41800,70200,r2sang:12 r2saat:10 r2m1a2s:8 r2caesar:3 r2sads:2 dog:1 r2bradley:1 r2f15sa:1,141,89400,24,70200,41800,e1:45 jumpjet:23 fv:21 mtnk:14 cleg:10 mgtk:9 shad:7 sref:6 orca:4 dog:1 tany:1
rr.tournament-2a.normal.hezbollah-china.r2,tournament-2A,normal,2,hezbollah,china,1,2,complete,win,china,conquest,11660,7.77,22.5,1151048393,2,450,4,4020,11050,r2hzat:1 r2hzrifle:1,21,9780,11,11050,4020,r2cnrifle:9 r2cnportable:4 r2qilin:3 r2lynx:2 r2cloud:1 r2phl:1 r2zbd:1
rr.dustbowl.normal.turkey-yemen.r2,dustbowl,normal,2,turkey,yemen,1,2,complete,draw,,tick-cap,60001,40.0,82.2,1376422051,143,74350,41,56350,77820,r2trrifle:60 r2trat:33 r2bozkir:18 r2yildirim:10 r2greywolf:5 r2sancak:5 r2kuzgun:4 r2aras:3 r2deniz:2 dog:1 r2sahin:1 r2trdroneop:1,131,47250,35,78420,56950,r2yrpg:46 r2ymr:38 r2ytechrr:22 r2technical:11 r2ymlr:6 r2yzu:5 htk:1 r2samad:1 r2wadighost:1
rr.tournament-2a.normal.china-iran.r2,tournament-2A,normal,2,china,iran,1,2,complete,win,iran,conquest,34125,22.75,51.2,1381962636,23,10460,11,23240,39050,r2cnrifle:13 r2cnportable:3 r2qilin:2 r2cloud:1 r2lynx:1 r2phl:1 r2skyspear:1 r2zbd:1,78,25550,21,37050,21240,r2basij:45 r2toophan:18 r2karrar:6 htk:3 r2fajr:3 r2mohajer:2 r2raad:1
rr.tournament-2a.normal.america-china.r2,tournament-2A,normal,2,america,china,1,2,complete,win,america,conquest,17109,11.41,29.8,1708686607,41,17300,17,32030,6200,e1:22 mtnk:9 fv:4 jumpjet:3 dog:1 orca:1 shad:1,17,7640,10,6200,32030,r2cnrifle:7 r2cnportable:5 r2qilin:3 r2phl:1 r2zbd:1
rr.tournament-2a.normal.yemen-america.r2,tournament-2A,normal,2,yemen,america,1,2,complete,win,yemen,conquest,45453,30.3,64.2,1893759748,181,60650,32,72300,48300,r2ymr:71 r2yrpg:58 r2technical:19 r2ytechrr:11 r2ymlr:7 htk:5 r2wadighost:4 r2yzu:3 r2yspot:2 r2samad:1,44,22600,25,48300,72300,e1:18 mtnk:10 fv:7 jumpjet:5 orca:4
rr.tournament-2a.normal.china-america.r2,tournament-2A,normal,2,china,america,1,2,complete,win,america,conquest,13347,8.9,25.2,2007033682,13,5830,9,6300,26770,r2cnportable:4 r2cnrifle:4 r2qilin:3 r2lynx:1 r2zbd:1,52,17700,16,26770,6300,e1:35 mtnk:9 fv:5 dog:2 shad:1
rr.tournament-2a.normal.turkey-iran.r2,tournament-2A,normal,2,turkey,iran,1,2,complete,win,iran,conquest,41044,27.36,58.2,-2097167435,77,31250,19,48350,65460,r2trrifle:40 r2trat:21 r2bozkir:6 r2yildirim:3 dog:2 r2greywolf:2 r2kuzgun:1 r2sahin:1 r2sancak:1,170,52130,31,64460,47350,r2basij:102 r2toophan:42 r2karrar:8 r2dronecontrol:4 htk:3 r2fajr:3 r2coast:2 r2raad:2 dog:1 r2azar:1 r2mohajer:1 r2toufan:1
rr.dustbowl.normal.israel-yemen.r2,dustbowl,normal,2,israel,yemen,1,2,complete,win,yemen,conquest,30594,20.4,49.1,-2036130218,29,21970,20,24900,60130,r2ilrifle:11 r2ilat:6 r2merkava:4 r2ilfalcon:2 r2ilgunship:2 r2ilhowitzer:2 dog:1 r2namer:1,118,29900,27,60130,24900,r2ymr:53 r2yrpg:53 r2technical:4 r2ytechrr:3 dog:2 r2ymlr:2 r2yzu:1
rr.tournament-2a.normal.hezbollah-america.r2,tournament-2A,normal,2,hezbollah,america,1,2,complete,win,america,conquest,31699,21.13,47.3,-1757158116,41,8700,20,16000,36750,r2hzrifle:24 r2hzat:17,70,48500,26,37350,16600,e1:24 cleg:8 fv:7 mgtk:7 mtnk:7 jumpjet:5 sref:4 orca:3 shad:2 tany:2 dog:1
rr.dustbowl.normal.china-israel.r2,dustbowl,normal,2,china,israel,1,2,complete,win,israel,conquest,37402,24.93,54.5,-1544174410,21,8930,16,17440,40470,r2cnrifle:9 r2cnportable:5 r2lynx:3 r2qilin:3 r2phl:1,56,38530,27,40470,17440,r2ilrifle:19 r2ilat:15 r2merkava:10 r2ilhowitzer:4 dog:2 r2namer:2 r2ilfalcon:1 r2ilgunship:1 r2ilrecon:1 r2ilshield:1
rr.tournament-2a.normal.china-saudi.r2,tournament-2A,normal,2,china,saudi,1,2,complete,win,china,conquest,41618,27.75,59.9,-1513131532,143,43370,13,64040,56440,r2cnrifle:96 r2cnportable:34 r2qilin:3 r2redspear:3 dog:2 r2lynx:2 r2phl:1 r2skyspear:1 r2zbd:1,44,29180,21,56440,64040,r2sang:14 r2saat:12 r2m1a2s:9 r2bradley:3 r2caesar:2 dog:1 r2ah64sa:1 r2f15sa:1 r2sads:1
rr.tournament-2a.normal.china-yemen.r2,tournament-2A,normal,2,china,yemen,1,2,complete,win,yemen,conquest,40851,27.23,58.9,-1283802954,41,20420,23,33250,63610,r2cnrifle:16 r2cnportable:9 r2qilin:8 r2phl:3 r2cloud:2 r2cnnetwork:1 r2lynx:1 r2zbd:1,181,58850,32,63610,33250,r2ymr:74 r2yrpg:53 r2technical:20 r2ytechrr:11 r2ymlr:6 r2yzu:4 htk:3 r2samad:3 r2wadighost:3 dog:2 r2yspot:2
rr.dustbowl.normal.hezbollah-saudi.r2,dustbowl,normal,2,hezbollah,saudi,1,2,complete,win,hezbollah,conquest,53471,35.65,78.5,-997827788,220,79550,35,133010,61600,r2hzrifle:88 r2hzat:57 r2hztechnical:22 r2hzrecoilless:15 r2hzdrone:12 r2hzscout:7 r2hzrockets:6 r2hzspotter:6 htk:5 r2hzescort:2,80,59900,45,61950,133360,r2sang:25 r2saat:19 r2m1a2s:16 r2caesar:7 r2ah64sa:3 r2falcon:3 dog:2 r2f15sa:2 r2sads:2 r2bradley:1
rr.dustbowl.normal.america-saudi.r2,dustbowl,normal,2,america,saudi,1,2,complete,win,america,conquest,21034,14.02,36.1,-913549869,52,25800,23,38030,11000,e1:25 mtnk:10 fv:7 jumpjet:3 cleg:2 sref:2 dog:1 orca:1 shad:1,16,8670,12,10400,37430,r2sang:6 r2saat:4 r2bradley:2 r2m1a2s:2 dog:1 r2caesar:1
rr.tournament-2a.normal.yemen-israel.r2,tournament-2A,normal,2,yemen,israel,1,2,complete,win,yemen,conquest,16360,10.91,29.2,-694765547,38,11950,11,19780,7250,r2yrpg:14 r2ymr:13 r2technical:4 r2ytechrr:4 htk:1 r2ymlr:1 r2yzu:1,6,2970,6,7250,19780,r2ilat:3 dog:1 r2ilrifle:1 r2namer:1
rr.dustbowl.normal.america-iran.r2,dustbowl,normal,2,america,iran,1,2,complete,win,america,conquest,27532,18.35,45.1,-550400939,81,45200,24,49590,17400,e1:38 mtnk:14 fv:8 cleg:6 sref:4 jumpjet:3 shad:3 mgtk:2 dog:1 orca:1 tany:1,48,14620,20,17400,49590,r2basij:28 r2toophan:12 r2karrar:4 htk:2 r2fajr:1 r2raad:1
rr.dustbowl.normal.yemen-russia.r2,dustbowl,normal,2,yemen,russia,1,2,complete,win,yemen,conquest,20015,13.34,36.3,-400404778,74,24925,19,22900,12850,r2yrpg:27 r2ymr:23 r2ytechrr:9 r2technical:7 r2ymlr:3 r2yzu:2 htk:1 r2samad:1 r2yspot:1,10,3800,10,12850,22900,e2:4 shk:4 htk:1 htnk:1
rr.tournament-2a.normal.israel-iran.r2,tournament-2A,normal,2,israel,iran,1,2,complete,win,iran,conquest,16213,10.81,29.1,-211581772,4,2170,5,9120,18280,dog:1 r2ilat:1 r2ilrifle:1 r2merkava:1,37,12230,14,18280,9120,r2basij:22 r2toophan:8 r2karrar:4 htk:1 r2fajr:1 r2toufan:1
rr.tournament-2a.normal.turkey-hezbollah.r2,tournament-2A,normal,2,turkey,hezbollah,1,2,complete,win,hezbollah,conquest,19057,12.7,32.4,-99483246,7,2565,7,7050,22825,r2trrifle:3 dog:1 r2aras:1 r2sancak:1 r2trat:1,40,12750,14,22825,7050,r2hzrifle:15 r2hzat:13 r2hzrecoilless:4 r2hztechnical:3 htk:2 r2hzdrone:1 r2hzescort:1 r2hzrockets:1
rr.dustbowl.normal.israel-saudi.r2,dustbowl,normal,2,israel,saudi,1,2,complete,win,saudi,conquest,57714,38.48,79.9,-38437692,66,49290,42,76130,122750,r2ilrifle:22 r2ilat:16 r2merkava:13 r2ilhowitzer:6 r2ilfalcon:3 r2ilshield:3 dog:1 r2ilgunship:1 r2namer:1,145,98250,31,123800,77180,r2sang:55 r2saat:33 r2m1a2s:24 r2sads:7 r2ah64sa:6 r2caesar:6 r2bradley:4 r2falcon:4 dog:3 r2f15sa:3
rr.dustbowl.normal.israel-iran.r2,dustbowl,normal,2,israel,iran,1,2,complete,win,israel,conquest,56413,37.61,79.9,80538113,131,84690,34,94600,56510,r2ilrifle:57 r2ilat:26 r2merkava:19 r2ilhowitzer:8 r2ilshield:6 dog:3 r2ilgunship:3 r2ilrecon:3 r2ilfalcon:2 r2ilobserver:2 r2namer:2,113,41430,33,56510,95400,r2basij:62 r2toophan:23 r2karrar:12 r2fajr:5 r2raad:5 htk:2 r2dronecontrol:2 dog:1 r2coast:1
rr.tournament-2a.normal.iran-russia.r2,tournament-2A,normal,2,iran,russia,1,2,complete,win,russia,conquest,26403,17.6,41.9,225068707,46,14430,14,21500,41350,r2basij:27 r2toophan:11 r2karrar:5 htk:1 r2fajr:1 r2raad:1,71,27100,23,40850,21500,e2:27 shk:19 flakt:14 htnk:4 htk:3 ttnk:3 zep:1
rr.dustbowl.normal.russia-saudi.r2,dustbowl,normal,2,russia,saudi,1,2,complete,draw,,tick-cap,60001,40.0,91.8,645499313,224,86850,36,88170,82150,flakt:76 e2:75 shk:34 ttnk:12 htk:11 htnk:8 apoc:3 zep:3 ivan:2,123,88870,32,82150,88170,r2sang:41 r2saat:30 r2m1a2s:20 r2sads:8 r2ah64sa:6 r2caesar:5 r2bradley:4 r2falcon:4 r2f15sa:3 dog:2
rr.dustbowl.normal.america-yemen.r2,dustbowl,normal,2,america,yemen,1,2,complete,win,america,conquest,23696,15.8,40.8,761740815,56,29500,23,26050,13000,e1:26 mtnk:9 fv:7 jumpjet:3 sref:3 cleg:2 shad:2 dog:1 mgtk:1 orca:1 tany:1,23,7250,7,13000,26050,r2ymr:8 r2yrpg:8 r2ytechrr:3 r2technical:2 r2yzu:2
rr.dustbowl.normal.hezbollah-turkey.r2,dustbowl,normal,2,hezbollah,turkey,1,2,complete,win,hezbollah,conquest,26887,17.92,45.5,879687488,74,23950,23,36110,14400,r2hzrifle:29 r2hzat:20 r2hztechnical:9 r2hzrecoilless:8 r2hzdrone:3 r2hzescort:2 r2hzrockets:2 htk:1,23,10500,12,14400,36110,r2trrifle:10 r2bozkir:4 r2trat:4 r2sancak:2 dog:1 r2aras:1 r2yildirim:1
rr.dustbowl.normal.turkey-america.r2,dustbowl,normal,2,turkey,america,1,2,complete,win,turkey,conquest,29159,19.44,46.9,1171336899,94,40490,27,47700,21855,r2trrifle:48 r2trat:17 r2bozkir:12 r2sancak:5 r2yildirim:4 dog:2 r2aras:2 r2deniz:2 r2kuzgun:1 r2sahin:1,37,12800,15,21855,47700,e1:24 fv:6 mtnk:6 dog:1
rr.tournament-2a.normal.yemen-russia.r2,tournament-2A,normal,2,yemen,russia,1,2,complete,win,yemen,conquest,18145,12.1,31.1,1333966915,83,26000,21,24200,16000,r2ymr:32 r2yrpg:25 r2technical:10 r2ytechrr:8 r2ymlr:3 r2yzu:2 dog:1 htk:1 r2samad:1,13,5100,10,16000,24200,e2:5 shk:4 htnk:2 flakt:1 htk:1
rr.tournament-2a.normal.israel-saudi.r2,tournament-2A,normal,2,israel,saudi,1,2,complete,win,israel,conquest,49794,33.2,69.0,1562874894,62,46400,36,82940,43420,r2ilrifle:20 r2ilat:14 r2merkava:14 r2ilhowitzer:3 r2ilshield:3 r2ilrecon:2 r2namer:2 dog:1 r2ilfalcon:1 r2ilgunship:1 r2ilobserver:1,46,34180,26,43420,82940,r2sang:14 r2saat:13 r2caesar:5 r2m1a2s:5 r2ah64sa:2 r2f15sa:2 r2sads:2 dog:1 r2bradley:1 r2falcon:1
rr.tournament-2a.normal.iran-saudi.r2,tournament-2A,normal,2,iran,saudi,1,2,complete,win,iran,conquest,26470,17.65,41.1,1639797220,95,32510,24,47620,17970,r2basij:54 r2toophan:20 r2karrar:9 r2dronecontrol:3 r2fajr:3 r2raad:2 htk:1 r2coast:1 r2loiter:1 r2mohajer:1,25,15360,15,17970,47620,r2sang:8 r2saat:7 r2m1a2s:5 r2caesar:2 dog:1 r2bradley:1 r2sads:1
rr.tournament-2a.normal.russia-israel.r2,tournament-2A,normal,2,russia,israel,1,2,complete,win,israel,conquest,20035,13.36,33.6,1646507679,12,3800,8,9010,21400,e2:6 shk:3 flakt:1 htk:1 htnk:1,19,10230,13,21400,9010,r2ilrifle:9 r2ilat:4 r2merkava:3 dog:1 r2ilhowitzer:1 r2namer:1
rr.tournament-2a.normal.hezbollah-turkey.r2,tournament-2A,normal,2,hezbollah,turkey,1,2,complete,win,hezbollah,conquest,45290,30.19,64.2,1982421453,129,42200,35,80150,35100,r2hzrifle:53 r2hzat:33 r2hztechnical:16 r2hzrecoilless:10 r2hzdrone:5 r2hzrockets:5 r2hzescort:4 dog:2 r2hzscout:1,50,27740,27,35500,80550,r2trrifle:18 r2trat:12 r2bozkir:10 r2yildirim:4 r2sancak:3 dog:1 r2greywolf:1 r2sahin:1
rr.tournament-2a.normal.iran-america.r2,tournament-2A,normal,2,iran,america,1,2,complete,win,america,conquest,41345,27.56,58.7,2049989209,40,13890,19,19700,46610,r2basij:21 r2toophan:11 r2karrar:5 htk:1 r2fajr:1 r2raad:1,76,44700,24,46610,19700,e1:32 mtnk:11 fv:9 cleg:6 jumpjet:5 sref:4 mgtk:3 shad:3 dog:1 orca:1 tany:1
rr.dustbowl.normal.saudi-china.r2,dustbowl,normal,2,saudi,china,1,2,complete,win,china,conquest,42852,28.57,62.6,-2041587454,42,31590,31,47190,86750,r2saat:12 r2sang:12 r2m1a2s:5 r2caesar:3 r2ah64sa:2 r2bradley:2 r2f15sa:2 r2sads:2 dog:1 r2falcon:1,138,66640,29,88650,49090,r2cnrifle:62 r2cnportable:24 r2qilin:22 r2mantis:6 r2cloud:5 r2phl:5 r2lynx:4 r2zbd:4 dog:2 r2redspear:2 r2crane:1 r2skyspear:1
rr.tournament-2a.normal.israel-hezbollah.r2,tournament-2A,normal,2,israel,hezbollah,1,2,complete,win,hezbollah,conquest,30261,20.17,46.1,-1669012723,36,18740,19,27450,54800,r2ilrifle:17 r2ilat:10 r2merkava:5 r2ilhowitzer:2 dog:1 r2namer:1,134,45400,36,54800,27450,r2hzrifle:50 r2hzat:40 r2hztechnical:15 r2hzrecoilless:10 r2hzdrone:7 r2hzrockets:4 dog:2 htk:2 r2hzescort:2 r2hzscout:2
rr.tournament-2a.normal.america-hezbollah.r2,tournament-2A,normal,2,america,hezbollah,1,2,complete,win,america,conquest,21838,14.56,35.1,-1658673795,53,25700,21,36400,13100,e1:28 fv:7 mtnk:7 cleg:2 jumpjet:2 shad:2 sref:2 dog:1 mgtk:1 orca:1,41,11900,16,13100,36400,r2hzrifle:18 r2hzat:13 r2hzrecoilless:4 r2hztechnical:4 r2hzescort:1 r2hzrockets:1
rr.tournament-2a.normal.saudi-turkey.r2,tournament-2A,normal,2,saudi,turkey,1,2,complete,win,saudi,conquest,17767,11.84,31.2,-1415067498,18,10520,13,16825,8190,r2sang:6 r2saat:5 r2m1a2s:4 dog:1 r2bradley:1 r2caesar:1,5,1565,5,8190,16825,r2trrifle:3 dog:1 r2bozkir:1
rr.dustbowl.normal.yemen-israel.r2,dustbowl,normal,2,yemen,israel,1,2,complete,win,yemen,conquest,33826,22.55,52.3,-1306142049,140,47700,29,57780,29700,r2ymr:51 r2yrpg:42 r2technical:18 r2ytechrr:12 r2ymlr:5 r2yzu:4 htk:2 r2samad:2 r2wadighost:2 r2yspot:2,29,18020,21,29700,57780,r2ilrifle:11 r2ilat:7 r2merkava:5 r2ilhowitzer:2 r2namer:2 dog:1 r2ilshield:1
rr.tournament-2a.normal.iran-yemen.r2,tournament-2A,normal,2,iran,yemen,1,2,complete,win,yemen,conquest,28754,19.17,44.1,-1208232397,48,15970,15,24400,44390,r2basij:28 r2toophan:11 r2karrar:4 r2fajr:2 r2raad:2 htk:1,93,30400,26,44390,24400,r2ymr:33 r2yrpg:27 r2technical:14 r2ytechrr:9 r2ymlr:4 r2yzu:3 dog:1 htk:1 r2samad:1
rr.tournament-2a.normal.hezbollah-saudi.r2,tournament-2A,normal,2,hezbollah,saudi,1,2,complete,win,saudi,conquest,41703,27.8,59.9,-1101833063,49,15100,19,38890,48150,r2hzrifle:19 r2hzat:18 r2hzrecoilless:5 r2hzrockets:2 r2hztechnical:2 dog:1 r2hzdrone:1 r2hzescort:1,77,50700,33,47650,39390,r2sang:25 r2saat:21 r2m1a2s:16 r2caesar:5 r2bradley:3 dog:2 r2sads:2 r2ah64sa:1 r2f15sa:1 r2falcon:1
rr.tournament-2a.normal.america-turkey.r2,tournament-2A,normal,2,america,turkey,1,2,complete,win,america,conquest,15303,10.2,27.5,-782797588,46,18700,16,23985,7200,e1:26 mtnk:9 fv:5 jumpjet:3 dog:1 orca:1 shad:1,10,3525,7,7200,23985,r2trrifle:5 r2trat:2 dog:1 r2bozkir:1 r2sancak:1
rr.dustbowl.normal.hezbollah-israel.r2,dustbowl,normal,2,hezbollah,israel,1,2,complete,win,hezbollah,conquest,36635,24.42,57.2,-767566296,134,43750,34,53570,32800,r2hzrifle:60 r2hzat:36 r2hztechnical:13 r2hzrecoilless:8 r2hzrockets:6 r2hzdrone:5 r2hzscout:2 r2hzspotter:2 htk:1 r2hzescort:1,28,17310,17,32800,53570,r2ilat:9 r2ilrifle:8 r2merkava:4 r2namer:3 dog:2 r2ilhowitzer:2
rr.dustbowl.normal.iran-israel.r2,dustbowl,normal,2,iran,israel,1,2,complete,win,iran,conquest,22374,14.92,39.2,-506207981,43,11070,16,16610,9140,r2basij:28 r2toophan:10 r2karrar:2 r2dronecontrol:1 r2fajr:1 r2loiter:1,3,1200,5,9140,16610,r2ilat:2 dog:1
rr.dustbowl.normal.yemen-saudi.r2,dustbowl,normal,2,yemen,saudi,1,2,complete,win,yemen,conquest,32843,21.9,50.1,-502082214,119,41000,27,54830,33400,r2ymr:43 r2yrpg:36 r2technical:14 r2ytechrr:13 htk:5 r2ymlr:5 r2wadighost:2 r2samad:1,24,14270,22,33400,54830,r2saat:8 r2sang:6 r2m1a2s:3 dog:2 r2bradley:2 r2caesar:2 r2sads:1
rr.tournament-2a.normal.yemen-china.r2,tournament-2A,normal,2,yemen,china,1,2,complete,win,china,conquest,26996,18.0,41.8,-194515831,44,10250,14,25880,37900,r2yrpg:24 r2ymr:19 dog:1,81,36630,27,37400,25380,r2cnrifle:39 r2cnportable:15 r2qilin:11 r2lynx:4 r2phl:4 r2cloud:3 dog:1 r2crane:1 r2mantis:1 r2skyspear:1 r2zbd:1
rr.dustbowl.normal.russia-yemen.r2,dustbowl,normal,2,russia,yemen,1,2,complete,draw,,tick-cap,60001,40.0,82.7,-114455872,89,45650,34,69400,55550,shk:35 flakt:23 e2:8 htk:8 htnk:7 ttnk:7 apoc:1,182,69900,41,57950,72550,r2ymr:64 r2yrpg:52 r2ytechrr:20 r2technical:18 r2wadighost:8 r2ymlr:7 r2yzu:7 dog:2 htk:2 r2samad:2
rr.tournament-2a.normal.yemen-saudi.r2,tournament-2A,normal,2,yemen,saudi,1,2,complete,win,saudi,conquest,23717,15.81,38.6,-189425,43,13350,7,20230,30600,r2yrpg:15 r2ymr:14 r2technical:6 r2ytechrr:5 htk:2 r2yzu:1,51,31100,25,31650,21280,r2sang:20 r2saat:12 r2m1a2s:9 r2sads:3 dog:2 r2caesar:2 r2ah64sa:1 r2bradley:1 r2f15sa:1
rr.tournament-2a.normal.russia-saudi.r2,tournament-2A,normal,2,russia,saudi,1,2,complete,win,russia,conquest,31842,21.23,48.4,225805190,78,32500,20,54060,24000,e2:28 shk:22 flakt:12 htnk:7 htk:4 ttnk:4 zep:1,26,15700,21,24000,54060,r2sang:10 r2m1a2s:6 r2saat:5 r2bradley:2 r2caesar:2 dog:1
rr.dustbowl.normal.china-saudi.r2,dustbowl,normal,2,china,saudi,1,2,complete,draw,,tick-cap,60001,40.0,83.0,386508658,146,82910,34,78880,80200,r2cnrifle:53 r2cnportable:31 r2qilin:23 r2phl:8 r2mantis:7 r2cloud:6 r2redspear:5 r2zbd:4 r2crane:3 r2lynx:3 dog:1 r2cnnetwork:1 r2skyspear:1,68,54420,43,80200,78880,r2saat:20 r2sang:16 r2m1a2s:13 r2caesar:5 r2ah64sa:4 r2f15sa:3 r2sads:3 r2bradley:2 dog:1 r2falcon:1
rr.dustbowl.normal.turkey-hezbollah.r2,dustbowl,normal,2,turkey,hezbollah,1,2,complete,win,hezbollah,conquest,48359,32.24,71.2,709050464,83,44915,38,55725,110375,r2trrifle:33 r2trat:18 r2bozkir:17 r2yildirim:6 r2kuzgun:3 r2greywolf:2 dog:1 r2aras:1 r2sahin:1 r2sancak:1,265,68800,38,112525,60300,r2hzrifle:151 r2hzat:98 r2hzscout:8 r2hzspotter:6 dog:2
rr.tournament-2a.normal.iran-china.r2,tournament-2A,normal,2,iran,china,1,2,complete,win,iran,conquest,38922,25.95,56.8,714480511,152,50790,29,53460,31990,r2basij:86 r2toophan:36 r2karrar:9 r2dronecontrol:5 r2fajr:5 htk:4 r2raad:4 r2coast:2 r2mohajer:1,52,27670,12,31990,53460,r2cnrifle:16 r2cnportable:11 r2qilin:10 r2cloud:5 r2phl:3 r2zbd:3 dog:2 r2cnnetwork:2
rr.tournament-2a.normal.russia-turkey.r2,tournament-2A,normal,2,russia,turkey,1,2,complete,win,russia,conquest,39543,26.36,57.4,1217023548,147,58900,27,104430,33500,e2:58 shk:34 flakt:24 htk:9 htnk:9 ttnk:8 apoc:2 ivan:2 zep:1,75,39470,36,33500,104430,r2trrifle:34 r2trat:14 r2bozkir:11 r2yildirim:6 r2kuzgun:3 r2aras:2 r2sahin:2 dog:1 r2greywolf:1 r2turna:1
rr.tournament-2a.normal.hezbollah-iran.r2,tournament-2A,normal,2,hezbollah,iran,1,2,complete,win,iran,conquest,25658,17.11,40.6,1281749118,3,750,7,16500,14900,r2hzat:2 r2hzrifle:1,93,30870,23,15900,17500,r2basij:53 r2toophan:20 r2karrar:9 r2fajr:3 htk:2 r2dronecontrol:2 r2raad:2 r2loiter:1 r2mohajer:1
rr.dustbowl.normal.iran-hezbollah.r2,dustbowl,normal,2,iran,hezbollah,1,2,complete,win,hezbollah,conquest,34529,23.02,52.5,1420867991,63,21780,22,28790,61900,r2basij:37 r2toophan:15 r2karrar:4 r2fajr:3 r2toufan:2 htk:1 r2raad:1,108,36750,28,60020,27500,r2hzrifle:40 r2hzat:28 r2hztechnical:18 r2hzrecoilless:8 r2hzdrone:4 r2hzrockets:4 htk:3 r2hzescort:2 r2hzscout:1
rr.dustbowl.normal.russia-hezbollah.r2,dustbowl,normal,2,russia,hezbollah,1,2,complete,win,russia,conquest,50755,33.84,71.9,1689751296,247,83950,30,102900,58450,e2:111 flakt:70 shk:25 htk:13 ttnk:11 htnk:7 apoc:5 dog:3 zep:2,142,51350,33,54350,104500,r2hzrifle:52 r2hzat:43 r2hztechnical:18 r2hzrecoilless:10 r2hzrockets:5 r2hzdrone:4 r2hzescort:3 r2hzscout:3 dog:2 htk:1 smcv:1
