match,map,bot,replicate,faction_0,faction_1,spawn_0,spawn_1,status,result,winner,end_reason,end_tick,game_minutes,wall_seconds,engine_seed,units_0,unit_value_0,structures_0,destroyed_0,lost_0,production_0,units_1,unit_value_1,structures_1,destroyed_1,lost_1,production_1
rr.tournament-2a.normal.turkey-america.r0,tournament-2A,normal,0,turkey,america,1,2,complete,win,america,conquest,32584,21.72,49.3,943048180,28,11315,18,15700,46475,r2trrifle:13 r2trat:7 r2bozkir:2 r2sancak:2 dog:1 r2aras:1 r2gokkalkan:1 r2yildirim:1,42,24100,23,46475,15700,e1:17 mtnk:9 fv:5 jumpjet:3 cleg:2 sref:2 mgtk:1 orca:1 shad:1 tany:1
rr.dustbowl.normal.israel-saudi.r0,dustbowl,normal,0,israel,saudi,1,2,complete,draw,,tick-cap,60001,40.0,84.0,932648954,121,91470,41,101080,88490,r2ilat:42 r2ilrifle:31 r2merkava:13 r2ilshield:9 r2ilhowitzer:8 r2ilgunship:6 r2ilrecon:4 r2ilfalcon:3 r2namer:3 dog:2,102,84670,47,89540,102130,r2sang:31 r2saat:24 r2m1a2s:17 r2ah64sa:7 r2f15sa:6 r2caesar:5 r2falcon:5 r2sads:5 dog:1 r2bradley:1
rr.dustbowl.normal.yemen-america.r0,dustbowl,normal,0,yemen,america,1,2,complete,win,america,conquest,40927,27.28,61.7,936431041,48,16200,17,23450,47350,r2yrpg:17 r2ymr:16 r2technical:6 r2ytechrr:5 r2yzu:3 r2ymlr:1,115,75000,24,47000,23600,e1:40 fv:14 mtnk:14 cleg:12 jumpjet:11 sref:7 mgtk:6 shad:6 dog:2 orca:2 tany:1
rr.tournament-2a.normal.america-yemen.r0,tournament-2A,normal,0,america,yemen,1,2,complete,win,america,conquest,31152,20.77,49.3,1437176576,81,43200,24,51200,30700,e1:36 mtnk:13 fv:10 jumpjet:8 shad:5 cleg:3 mgtk:2 sref:2 orca:1 tany:1,60,18550,17,30700,51700,r2ymr:24 r2yrpg:24 r2ytechrr:5 r2technical:3 r2yzu:2 htk:1 r2ymlr:1
rr.dustbowl.normal.hezbollah-russia.r0,dustbowl,normal,0,hezbollah,russia,1,2,complete,draw,,tick-cap,60001,40.0,89.1,1555725493,262,106400,37,71250,106200,r2hzrifle:98 r2hzat:72 r2hztechnical:29 r2hzrecoilless:16 r2hzscout:14 r2hzdrone:13 r2hzrockets:9 htk:5 r2hzspotter:4 r2hzescort:2,139,64450,34,102600,75250,shk:42 flakt:35 e2:32 htk:11 ttnk:8 htnk:6 apoc:3 zep:2
rr.tournament-2a.normal.saudi-america.r0,tournament-2A,normal,0,saudi,america,1,2,complete,win,saudi,conquest,33165,22.11,52.0,1774047217,79,46620,27,52500,23970,r2sang:36 r2saat:16 r2m1a2s:12 r2caesar:3 r2sads:3 r2ah64sa:2 r2bradley:2 r2sajtac:2 dog:1 r2f15sa:1 r2falcon:1,34,14700,21,23970,52500,e1:17 fv:8 mtnk:5 dog:1 jumpjet:1 orca:1 shad:1
rr.tournament-2a.normal.saudi-hezbollah.r0,tournament-2A,normal,0,saudi,hezbollah,1,2,complete,win,hezbollah,conquest,11464,7.64,23.6,1931903068,4,2020,5,5400,17780,dog:1 r2m1a2s:1 r2saat:1 r2sang:1,34,10600,12,17780,5400,r2hzrifle:15 r2hzat:8 r2hztechnical:6 r2hzrecoilless:3 r2hzescort:1 r2hzrockets:1
rr.dustbowl.normal.america-iran.r0,dustbowl,normal,0,america,iran,1,2,complete,draw,,tick-cap,60001,40.0,95.6,-2127059520,168,92600,35,116650,105800,e1:73 fv:20 mtnk:20 jumpjet:19 shad:9 orca:8 sref:8 cleg:6 dog:2 mgtk:2 tany:1,362,110930,38,104400,115250,r2basij:217 r2toophan:91 r2karrar:19 r2fajr:8 r2raad:8 htk:6 r2coast:5 dog:2 r2dronecontrol:2 r2loiter:2 r2toufan:2
rr.dustbowl.normal.saudi-israel.r0,dustbowl,normal,0,saudi,israel,1,2,complete,win,saudi,conquest,46212,30.81,67.5,-1999684624,79,51830,29,56810,32830,r2sang:29 r2saat:19 r2m1a2s:16 r2caesar:5 r2ah64sa:2 r2bradley:2 r2sads:2 dog:1 r2f15sa:1 r2falcon:1 r2sajtac:1,24,19800,20,32830,56810,r2ilat:5 r2ilrifle:5 r2merkava:4 r2ilhowitzer:3 dog:2 r2namer:2 r2ilfalcon:1 r2ilgunship:1 r2ilshield:1
rr.dustbowl.normal.saudi-yemen.r0,dustbowl,normal,0,saudi,yemen,1,2,complete,win,saudi,conquest,30586,20.39,50.1,-1846692574,37,22190,21,24550,15580,r2sang:17 r2m1a2s:7 r2saat:7 dog:1 r2ah64sa:1 r2bradley:1 r2caesar:1 r2f15sa:1 r2sads:1,18,5400,7,15580,24550,r2ymr:7 r2yrpg:6 r2technical:3 htk:1 r2ytechrr:1
rr.dustbowl.normal.russia-saudi.r0,dustbowl,normal,0,russia,saudi,1,2,complete,win,russia,conquest,39234,26.16,60.4,-1345593563,150,59650,27,87310,36700,e2:59 flakt:29 shk:28 htk:12 htnk:9 ttnk:9 yuri:2 apoc:1 zep:1,48,34050,32,37500,88110,r2saat:15 r2sang:15 r2m1a2s:7 r2caesar:3 r2ah64sa:2 r2f15sa:2 dog:1 r2bradley:1 r2falcon:1 r2sads:1
rr.tournament-2a.normal.israel-hezbollah.r0,tournament-2A,normal,0,israel,hezbollah,1,2,complete,win,israel,conquest,14791,9.86,27.6,-1325407635,20,10730,12,13500,3850,r2ilrifle:9 r2ilat:5 r2merkava:3 dog:1 r2ilhowitzer:1 r2namer:1,3,650,5,3850,13500,r2hzrifle:2 r2hzat:1
rr.tournament-2a.normal.china-saudi.r0,tournament-2A,normal,0,china,saudi,1,2,complete,win,saudi,conquest,20714,13.81,34.6,-1170898842,19,7860,11,10590,35550,r2cnrifle:8 r2cnportable:5 r2qilin:4 r2zbd:2,39,21590,20,35550,10590,r2sang:17 r2m1a2s:9 r2saat:8 dog:1 r2bradley:1 r2caesar:1 r2sads:1 r2sajtac:1
rr.dustbowl.normal.israel-america.r0,dustbowl,normal,0,israel,america,1,2,complete,win,israel,conquest,50539,33.69,70.2,-1049915011,49,36780,27,59850,24750,r2ilrifle:14 r2ilat:12 r2merkava:11 r2ilshield:3 dog:2 r2ilhowitzer:2 r2namer:2 r2ilfalcon:1 r2ilgunship:1 r2ilrecon:1,39,15600,24,23700,58800,e1:22 fv:9 mtnk:6 jumpjet:1 shad:1
rr.dustbowl.normal.yemen-china.r0,dustbowl,normal,0,yemen,china,1,2,complete,win,yemen,conquest,39794,26.53,60.5,-825159150,153,56850,28,67890,34450,r2ymr:54 r2yrpg:45 r2technical:19 r2ytechrr:14 r2ymlr:7 htk:3 r2samad:3 r2wadighost:3 r2yzu:3 r2yspot:2,41,23100,27,34450,67890,r2cnrifle:15 r2qilin:9 r2cnportable:8 r2cloud:4 r2phl:3 r2skyspear:1 r2zbd:1
rr.tournament-2a.normal.saudi-china.r0,tournament-2A,normal,0,saudi,china,1,2,complete,win,saudi,conquest,31633,21.09,47.7,-741851474,76,46100,26,57830,17440,r2sang:30 r2saat:18 r2m1a2s:12 dog:3 r2caesar:3 r2sads:3 r2ah64sa:2 r2bradley:2 r2f15sa:1 r2falcon:1 r2sajtac:1,33,16890,20,17440,57830,r2cnrifle:12 r2cnportable:9 r2qilin:7 r2phl:3 r2cloud:1 r2zbd:1
rr.tournament-2a.normal.saudi-russia.r0,tournament-2A,normal,0,saudi,russia,1,2,complete,win,russia,conquest,16979,11.32,30.5,-345880178,5,1640,5,7000,17800,r2saat:2 r2sang:2 dog:1,25,9800,12,17800,7000,e2:10 shk:6 flakt:3 htnk:3 htk:2 ttnk:1
rr.tournament-2a.normal.saudi-iran.r0,tournament-2A,normal,0,saudi,iran,1,2,complete,win,iran,conquest,41513,27.68,59.8,-263083399,33,16640,18,33570,52500,r2sang:12 r2saat:10 r2m1a2s:4 dog:3 r2bradley:2 r2caesar:1 r2sads:1,185,59640,28,52500,33570,r2basij:111 r2toophan:42 r2karrar:13 r2coast:4 r2fajr:4 r2dronecontrol:3 dog:2 htk:2 r2azar:1 r2mohajer:1 r2raad:1 r2toufan:1
rr.dustbowl.normal.israel-iran.r0,dustbowl,normal,0,israel,iran,1,2,complete,draw,,tick-cap,60001,40.0,90.4,-218363439,102,76100,35,67580,103510,r2ilrifle:40 r2ilat:18 r2merkava:15 r2ilhowitzer:10 r2ilshield:6 r2ilrecon:4 r2ilfalcon:3 r2ilgunship:3 dog:2 r2namer:1,247,73860,38,103100,68170,r2basij:149 r2toophan:59 r2karrar:14 r2fajr:6 htk:5 r2dronecontrol:4 dog:3 r2raad:3 r2coast:2 r2toufan:2
rr.dustbowl.normal.yemen-russia.r0,dustbowl,normal,0,yemen,russia,1,2,complete,draw,,tick-cap,60001,40.0,95.2,-41292184,190,87100,48,77200,156700,r2yrpg:61 r2ymr:52 r2technical:28 r2wadighost:16 r2ytechrr:15 r2ymlr:7 r2yzu:6 htk:4 dog:1,324,112600,29,153750,77800,e2:148 flakt:84 shk:48 apoc:10 htnk:10 htk:9 ttnk:9 dog:2 yuri:2 zep:2
rr.dustbowl.normal.turkey-iran.r0,dustbowl,normal,0,turkey,iran,1,2,complete,win,turkey,conquest,32736,21.82,53.2,335722036,97,45385,29,50330,26170,r2trrifle:47 r2trat:17 r2bozkir:14 r2yildirim:5 r2sancak:3 dog:2 r2aras:2 r2gokkalkan:2 r2kuzgun:2 r2deniz:1 r2greywolf:1 r2sahin:1,54,19110,19,26220,51730,r2basij:29 r2toophan:13 r2karrar:6 htk:2 r2fajr:2 r2mohajer:1 r2raad:1
rr.tournament-2a.normal.hezbollah-russia.r0,tournament-2A,normal,0,hezbollah,russia,1,2,complete,win,russia,conquest,54144,36.1,75.7,686400851,90,39600,29,55750,83000,r2hzrifle:32 r2hzat:23 r2hzdrone:8 r2hzrecoilless:8 r2hzscout:5 r2hzrockets:4 r2hztechnical:4 htk:3 r2hzescort:3,159,62800,36,77600,53600,e2:64 shk:31 flakt:30 htnk:11 htk:9 ttnk:9 apoc:2 ivan:2 zep:1
rr.tournament-2a.normal.china-yemen.r0,tournament-2A,normal,0,china,yemen,1,2,complete,win,china,conquest,16812,11.21,29.5,867492283,30,15330,15,12650,8080,r2cnrifle:14 r2cnportable:6 r2qilin:4 r2phl:2 r2cloud:1 r2crane:1 r2skyspear:1 r2zbd:1,2,700,4,8080,12650,r2yrpg:2
rr.dustbowl.normal.turkey-saudi.r0,dustbowl,normal,0,turkey,saudi,1,2,complete,win,turkey,conquest,14189,9.46,29.9,911181827,28,10680,13,25470,7205,r2trrifle:16 r2trat:4 r2bozkir:3 dog:1 r2aras:1 r2kuzgun:1 r2sancak:1 r2yildirim:1,10,6010,7,7205,25470,r2m1a2s:3 r2sang:3 r2saat:2 dog:1 r2bradley:1
rr.dustbowl.normal.iran-russia.r0,dustbowl,normal,0,iran,russia,1,2,complete,draw,,tick-cap,60001,40.0,86.1,1164232270,91,37550,27,40650,88370,r2basij:40 r2toophan:30 r2karrar:10 r2fajr:5 r2raad:2 htk:1 r2coast:1 r2loiter:1 r2mohajer:1,192,65800,28,88670,40950,e2:90 flakt:45 shk:24 ttnk:9 htnk:8 htk:7 apoc:4 dog:4 zep:1
rr.dustbowl.normal.china-hezbollah.r0,dustbowl,normal,0,china,hezbollah,1,2,complete,win,china,conquest,46335,30.89,75.3,1210106963,119,59180,27,66850,32910,r2cnrifle:54 r2qilin:20 r2cnportable:19 r2phl:5 r2zbd:5 r2mantis:4 r2cloud:3 r2crane:2 r2lynx:2 r2redspear:2 dog:1 r2cnnetwork:1 r2skyspear:1,77,25700,25,32910,66850,r2hzrifle:30 r2hzat:20 r2hztechnical:14 r2hzrecoilless:8 r2hzrockets:4 r2hzescort:1
rr.dustbowl.normal.saudi-hezbollah.r0,dustbowl,normal,0,saudi,hezbollah,1,2,complete,win,saudi,conquest,52373,34.92,79.0,1442681725,128,82940,36,89600,63110,r2sang:52 r2saat:28 r2m1a2s:24 r2caesar:6 r2sads:6 r2ah64sa:3 r2falcon:3 dog:2 r2bradley:2 r2f15sa:2,109,42550,29,63010,93500,r2hzat:38 r2hzrifle:36 r2hzrecoilless:11 r2hzdrone:9 r2hzescort:4 r2hzrockets:4 r2hztechnical:3 htk:2 r2hzscout:2
rr.dustbowl.normal.america-hezbollah.r0,dustbowl,normal,0,america,hezbollah,1,2,complete,win,hezbollah,conquest,41443,27.63,61.6,1964371419,50,32900,25,41050,79200,e1:13 fv:10 jumpjet:8 orca:7 mtnk:5 cleg:2 shad:2 sref:2 dog:1,177,68250,31,78200,40050,r2hzrifle:61 r2hzat:55 r2hztechnical:20 r2hzrecoilless:11 r2hzdrone:10 r2hzrockets:6 r2hzscout:6 htk:5 dog:2 r2hzescort:1
rr.dustbowl.normal.iran-turkey.r0,dustbowl,normal,0,iran,turkey,1,2,complete,win,iran,conquest,17577,11.72,33.1,2024482415,58,18310,17,16370,9140,r2basij:34 r2toophan:12 r2karrar:4 htk:3 r2fajr:3 r2dronecontrol:1 r2loiter:1,4,910,6,9140,16370,r2trrifle:2 dog:1 r2trat:1
rr.tournament-2a.normal.hezbollah-iran.r0,tournament-2A,normal,0,hezbollah,iran,1,2,complete,win,hezbollah,conquest,31473,20.98,47.6,-2062412190,65,20650,16,37180,18050,r2hzrifle:28 r2hzat:17 r2hztechnical:10 r2hzrecoilless:4 r2hzdrone:2 r2hzrockets:2 htk:1 r2hzescort:1,36,12410,12,18500,39430,r2basij:19 r2toophan:10 r2karrar:4 htk:1 r2fajr:1 r2raad:1
rr.dustbowl.normal.russia-turkey.r0,dustbowl,normal,0,russia,turkey,1,2,complete,draw,,tick-cap,60001,40.0,89.1,-1938055566,246,85200,34,107580,78400,e2:97 flakt:85 shk:22 htk:16 ttnk:14 htnk:7 apoc:2 yuri:2 zep:1,184,92920,35,79600,108780,r2trrifle:84 r2trat:37 r2bozkir:30 r2yildirim:7 r2aras:6 r2greywolf:5 r2turna:4 r2kuzgun:3 r2sancak:3 r2gokkalkan:2 dog:1 r2deniz:1 r2sahin:1
rr.tournament-2a.normal.israel-china.r0,tournament-2A,normal,0,israel,china,1,2,complete,win,israel,conquest,25008,16.67,39.6,-1715270315,49,28470,24,29410,18370,r2ilrifle:21 r2ilat:11 r2merkava:9 dog:2 r2ilhowitzer:2 r2ilshield:2 r2namer:2,15,6220,9,18370,29410,r2cnrifle:6 r2cnportable:5 r2qilin:2 r2mantis:1 r2zbd:1
rr.dustbowl.normal.hezbollah-yemen.r0,dustbowl,normal,0,hezbollah,yemen,1,2,complete,win,hezbollah,conquest,44841,29.89,66.0,-1586726738,165,62700,34,65800,41775,r2hzrifle:63 r2hzat:42 r2hztechnical:22 r2hzrecoilless:13 r2hzdrone:7 r2hzrockets:7 r2hzscout:5 htk:3 r2hzspotter:2 r2hzescort:1,77,26300,28,43925,68950,r2ymr:29 r2yrpg:21 r2technical:11 r2ytechrr:8 r2ymlr:4 htk:2 r2yzu:2
rr.dustbowl.normal.saudi-china.r0,dustbowl,normal,0,saudi,china,1,2,complete,win,china,conquest,34172,22.78,53.2,-1317265693,32,24090,20,26540,66450,r2saat:10 r2sang:7 r2m1a2s:5 r2caesar:4 r2sads:2 dog:1 r2ah64sa:1 r2bradley:1 r2f15sa:1,100,46430,25,65400,25490,r2cnrifle:49 r2qilin:18 r2cnportable:14 r2phl:4 r2lynx:3 r2mantis:3 r2cloud:2 r2zbd:2 dog:1 r2cnnetwork:1 r2crane:1 r2redspear:1 r2skyspear:1
rr.dustbowl.normal.iran-saudi.r0,dustbowl,normal,0,iran,saudi,1,2,complete,win,iran,conquest,21954,14.64,37.6,-1045319293,66,23710,19,27330,10570,r2basij:34 r2toophan:17 r2karrar:7 r2fajr:3 htk:2 dog:1 r2mohajer:1 r2raad:1,10,5770,8,10570,27330,r2bradley:3 r2saat:3 dog:2 r2m1a2s:1 r2sang:1
rr.tournament-2a.normal.turkey-hezbollah.r0,tournament-2A,normal,0,turkey,hezbollah,1,2,complete,win,turkey,conquest,17109,11.41,30.5,-925228623,30,13915,14,17450,7105,r2trrifle:13 r2bozkir:5 r2trat:5 r2aras:2 r2sancak:2 dog:1 r2kuzgun:1 r2yildirim:1,11,2900,5,7105,17450,r2hzrifle:6 r2hzat:3 r2hzrecoilless:1 r2hztechnical:1
rr.dustbowl.normal.turkey-yemen.r0,dustbowl,normal,0,turkey,yemen,1,2,complete,win,yemen,conquest,26069,17.38,42.7,-783256086,26,12350,14,15325,41760,r2trrifle:10 r2trat:6 r2bozkir:5 dog:1 r2aras:1 r2kuzgun:1 r2sancak:1 r2yildirim:1,60,17625,24,41760,15325,r2yrpg:28 r2ymr:24 r2technical:3 r2ytechrr:2 htk:1 r2ymlr:1 r2yspot:1
rr.tournament-2a.normal.turkey-russia.r0,tournament-2A,normal,0,turkey,russia,1,2,complete,win,russia,conquest,36793,24.53,54.1,-671410413,53,26175,21,21500,65435,r2trrifle:25 r2bozkir:10 r2trat:8 r2kuzgun:3 r2yildirim:3 dog:1 r2aras:1 r2sahin:1 r2sancak:1,74,33250,24,65435,21500,e2:25 shk:19 flakt:12 htnk:6 htk:5 ttnk:5 apoc:1 zep:1
rr.dustbowl.normal.russia-china.r0,dustbowl,normal,0,russia,china,1,2,complete,win,china,conquest,24019,16.01,40.3,-620579152,11,4900,8,10520,22500,shk:5 e2:2 htk:2 flakt:1 htnk:1,56,24640,21,22500,10520,r2cnrifle:27 r2qilin:11 r2cnportable:9 r2mantis:2 r2phl:2 dog:1 r2cloud:1 r2crane:1 r2lynx:1 r2zbd:1
rr.dustbowl.normal.hezbollah-iran.r0,dustbowl,normal,0,hezbollah,iran,1,2,complete,win,hezbollah,conquest,33657,22.44,52.0,-356664504,117,41950,31,41520,26900,r2hzrifle:46 r2hzat:30 r2hztechnical:16 r2hzrecoilless:9 r2hzdrone:5 r2hzrockets:4 r2hzescort:3 htk:2 r2hzscout:2,41,9450,16,26900,41520,r2basij:25 r2toophan:12 dog:2 r2dronecontrol:1 r2karrar:1
rr.tournament-2a.normal.iran-yemen.r0,tournament-2A,normal,0,iran,yemen,1,2,complete,win,yemen,conquest,57069,38.05,79.0,-216331981,129,41510,31,78075,101180,r2basij:79 r2toophan:24 r2karrar:13 r2fajr:6 r2mohajer:3 dog:2 htk:1 r2raad:1,254,97525,38,100480,78425,r2ymr:87 r2yrpg:76 r2technical:31 r2ytechrr:23 r2wadighost:9 r2samad:8 r2ymlr:7 r2yzu:4 dog:3 htk:3 r2yspot:3
rr.dustbowl.normal.america-turkey.r0,dustbowl,normal,0,america,turkey,1,2,complete,draw,,tick-cap,60001,40.0,86.3,-128125330,188,117500,27,155535,72500,e1:56 jumpjet:37 fv:27 mtnk:22 cleg:11 mgtk:11 shad:11 sref:6 orca:3 tany:3 dog:1,120,70625,59,71900,154935,r2trrifle:45 r2trat:22 r2bozkir:17 r2gokkalkan:10 r2yildirim:9 dog:5 r2greywolf:4 r2sahin:4 r2kuzgun:3 r2sancak:1
rr.tournament-2a.normal.russia-saudi.r0,tournament-2A,normal,0,russia,saudi,1,2,complete,win,saudi,conquest,20143,13.43,33.5,162493058,19,9200,10,5680,30500,e2:6 shk:5 htnk:4 htk:2 flakt:1 ttnk:1,23,13050,14,30500,5680,r2sang:10 r2m1a2s:5 r2saat:4 dog:1 r2bradley:1 r2caesar:1 r2sads:1
rr.dustbowl.normal.hezbollah-america.r0,dustbowl,normal,0,hezbollah,america,1,2,complete,win,america,conquest,24424,16.28,41.7,498863127,33,10550,12,14200,34600,r2hzrifle:13 r2hzat:9 r2hztechnical:6 r2hzrecoilless:3 htk:1 r2hzrockets:1,48,25900,23,34600,14200,e1:23 fv:7 mtnk:7 cleg:2 mgtk:2 shad:2 sref:2 jumpjet:1 orca:1 tany:1
rr.tournament-2a.normal.yemen-china.r0,tournament-2A,normal,0,yemen,china,1,2,complete,win,yemen,conquest,30871,20.58,46.8,573964346,63,22400,21,42720,15300,r2yrpg:21 r2ymr:20 r2ytechrr:7 r2technical:6 htk:3 r2yzu:3 r2ymlr:2 r2samad:1,23,10780,15,15300,42720,r2cnrifle:9 r2cnportable:6 r2qilin:5 r2cloud:1 r2phl:1 r2zbd:1
rr.tournament-2a.normal.yemen-hezbollah.r0,tournament-2A,normal,0,yemen,hezbollah,1,2,complete,win,yemen,conquest,21102,14.07,34.9,735282312,48,16900,17,20550,10750,r2yrpg:18 r2ymr:15 r2ytechrr:7 htk:3 r2technical:3 r2ymlr:2,13,3750,8,10750,20550,r2hzrifle:6 r2hzat:4 htk:1 r2hzrecoilless:1 r2hztechnical:1
rr.tournament-2a.normal.hezbollah-israel.r0,tournament-2A,normal,0,hezbollah,israel,1,2,complete,win,hezbollah,conquest,17647,11.76,30.6,915457561,48,15200,16,27460,11100,r2hzrifle:21 r2hzat:12 r2hztechnical:7 r2hzrecoilless:3 r2hzdrone:2 htk:1 r2hzescort:1 r2hzrockets:1,11,4050,11,11100,27460,r2ilrifle:5 r2ilat:3 dog:2 r2namer:1
rr.tournament-2a.normal.iran-hezbollah.r0,tournament-2A,normal,0,iran,hezbollah,1,2,complete,win,iran,conquest,53502,35.67,73.5,1040187595,239,72730,34,84350,46970,r2basij:147 r2toophan:49 r2karrar:14 r2fajr:8 r2dronecontrol:6 htk:4 r2coast:3 r2loiter:3 dog:2 r2raad:2 r2toufan:1,87,35750,30,43800,85600,r2hzrifle:31 r2hzat:21 r2hztechnical:13 r2hzrecoilless:9 r2hzrockets:5 r2hzscout:4 r2hzdrone:2 htk:1 r2hzescort:1
rr.dustbowl.normal.america-israel.r0,dustbowl,normal,0,america,israel,1,2,complete,win,israel,conquest,52061,34.71,73.7,1084555715,59,33000,27,41710,84900,e1:18 fv:14 jumpjet:10 mtnk:8 orca:6 shad:2 dog:1,98,64060,28,84900,41710,r2ilrifle:38 r2ilat:21 r2merkava:16 r2ilshield:5 r2ilhowitzer:4 dog:3 r2ilobserver:3 r2namer:3 r2ilgunship:2 r2ilrecon:2 r2ilfalcon:1
rr.dustbowl.normal.turkey-america.r0,dustbowl,normal,0,turkey,america,1,2,complete,draw,,tick-cap,60001,40.0,84.2,1222023090,116,71955,40,100855,82255,r2trrifle:41 r2bozkir:24 r2trat:24 r2greywolf:7 r2yildirim:7 r2gokkalkan:6 r2turna:2 dog:1 r2aras:1 r2kuzgun:1 r2sahin:1 r2sancak:1,181,107500,30,82100,100700,e1:65 jumpjet:30 mtnk:21 fv:19 shad:12 orca:9 mgtk:8 sref:7 tany:5 cleg:4 dog:1
rr.tournament-2a.normal.america-turkey.r0,tournament-2A,normal,0,america,turkey,1,2,complete,win,turkey,conquest,36065,24.04,53.0,1778509110,25,11800,21,30570,55500,e1:10 mtnk:6 fv:4 jumpjet:3 dog:1 orca:1,101,47485,31,55500,30570,r2trrifle:47 r2trat:19 r2bozkir:15 r2yildirim:5 dog:3 r2sancak:3 r2aras:2 r2deniz:1 r2gokkalkan:1 r2greywolf:1 r2kuzgun:1 r2sahin:1 r2trdroneop:1 r2turna:1
rr.tournament-2a.normal.russia-yemen.r0,tournament-2A,normal,0,russia,yemen,1,2,complete,win,yemen,conquest,16794,11.2,29.0,1822517763,8,3600,7,10300,19800,shk:4 e2:2 htk:1 htnk:1,49,16600,17,20200,10700,r2ymr:17 r2yrpg:17 r2technical:6 r2ytechrr:4 r2ymlr:2 r2yzu:2 htk:1
rr.tournament-2a.normal.yemen-russia.r0,tournament-2A,normal,0,yemen,russia,1,2,complete,win,russia,conquest,30373,20.25,45.4,2063716014,34,11550,11,15800,34550,r2yrpg:12 r2ymr:11 r2technical:5 r2ytechrr:4 r2ymlr:1 r2yzu:1,68,30200,20,34550,15800,e2:24 shk:15 flakt:9 htnk:8 htk:6 ttnk:4 ivan:1 zep:1
rr.dustbowl.normal.turkey-russia.r0,dustbowl,normal,0,turkey,russia,1,2,complete,draw,,tick-cap,60001,40.0,84.5,2112249599,142,82240,39,68150,104100,r2trrifle:58 r2trat:27 r2bozkir:26 r2greywolf:7 r2yildirim:7 r2sancak:4 r2aras:3 r2sahin:3 r2kuzgun:2 r2turna:2 dog:1 r2deniz:1 r2gokkalkan:1,241,83850,35,104100,68150,e2:94 flakt:76 shk:35 htk:13 ttnk:13 htnk:4 apoc:3 ivan:2 zep:1
rr.dustbowl.normal.saudi-turkey.r0,dustbowl,normal,0,saudi,turkey,1,2,complete,win,saudi,conquest,49537,33.02,69.8,-1986865661,86,56110,33,58685,39170,r2sang:33 r2saat:17 r2m1a2s:15 r2caesar:5 r2bradley:4 r2sads:4 dog:3 r2ah64sa:2 r2falcon:2 r2f15sa:1,38,20325,20,39170,58685,r2trrifle:15 r2bozkir:8 r2trat:7 r2kuzgun:2 r2yildirim:2 dog:1 r2aras:1 r2deniz:1 r2sahin:1
rr.tournament-2a.normal.china-turkey.r0,tournament-2A,normal,0,china,turkey,1,2,complete,win,china,conquest,41650,27.77,60.3,-1775312594,109,50360,30,65240,32790,r2cnrifle:53 r2cnportable:17 r2qilin:17 r2mantis:5 r2cloud:4 r2lynx:3 r2phl:3 r2cnnetwork:2 r2zbd:2 r2crane:1 r2redspear:1 r2skyspear:1,42,25030,20,32790,65240,r2trrifle:16 r2trat:9 r2bozkir:7 r2yildirim:2 amcv:1 dog:1 r2aras:1 r2gokkalkan:1 r2greywolf:1 r2kuzgun:1 r2sahin:1 r2sancak:1
rr.tournament-2a.normal.russia-israel.r0,tournament-2A,normal,0,russia,israel,1,2,complete,win,russia,conquest,26498,17.67,41.6,-1334964491,58,23200,19,37830,12800,e2:23 shk:13 flakt:9 htnk:6 ttnk:4 htk:3,17,10070,13,12800,37830,r2ilrifle:6 r2ilat:5 r2merkava:3 dog:1 r2ilhowitzer:1 r2namer:1
rr.dustbowl.normal.america-saudi.r0,dustbowl,normal,0,america,saudi,1,2,complete,draw,,tick-cap,60001,40.0,82.3,-1287925339,135,84000,47,83790,112200,e1:43 fv:23 jumpjet:23 shad:13 mtnk:9 orca:7 sref:7 cleg:5 tany:3 dog:1 mgtk:1,118,83070,33,112200,83790,r2sang:41 r2saat:29 r2m1a2s:20 r2sads:8 r2caesar:7 r2falcon:5 r2ah64sa:4 r2bradley:2 dog:1 r2f15sa:1
rr.tournament-2a.normal.america-saudi.r0,tournament-2A,normal,0,america,saudi,1,2,complete,win,saudi,conquest,33411,22.27,48.9,-1173636734,29,10600,15,17270,39500,e1:18 fv:5 mtnk:4 dog:1 shad:1,43,29720,25,39500,17270,r2sang:16 r2m1a2s:9 r2saat:8 r2bradley:2 r2caesar:2 r2sads:2 dog:1 r2ah64sa:1 r2f15sa:1 r2falcon:1
rr.dustbowl.normal.russia-yemen.r0,dustbowl,normal,0,russia,yemen,1,2,complete,win,yemen,conquest,44761,29.84,65.1,-918192701,46,19700,23,43550,54700,e2:15 shk:14 htnk:7 htk:5 flakt:4 ttnk:1,167,62450,28,54500,43350,r2ymr:59 r2yrpg:47 r2technical:19 r2ytechrr:16 r2ymlr:7 r2yzu:6 r2samad:4 r2yspot:4 r2wadighost:3 htk:2
rr.tournament-2a.normal.america-iran.r0,tournament-2A,normal,0,america,iran,1,2,complete,win,america,conquest,24567,16.38,39.0,-683027321,44,22900,23,31020,17200,e1:20 fv:7 mtnk:4 shad:4 jumpjet:3 cleg:1 dog:1 mgtk:1 orca:1 sref:1 tany:1,27,9350,10,17200,31020,r2basij:15 r2toophan:7 r2karrar:3 r2fajr:1 r2raad:1
rr.tournament-2a.normal.iran-china.r0,tournament-2A,normal,0,iran,china,1,2,complete,win,china,conquest,54016,36.01,74.6,-463939879,63,22040,20,47790,57310,r2basij:36 r2toophan:14 r2karrar:7 r2raad:3 r2fajr:2 r2mohajer:1,85,46830,36,56810,49690,r2cnrifle:34 r2qilin:18 r2cnportable:15 r2cloud:5 r2phl:5 r2redspear:2 r2zbd:2 r2crane:1 r2lynx:1 r2mantis:1 r2skyspear:1
rr.dustbowl.normal.israel-russia.r0,dustbowl,normal,0,israel,russia,1,2,complete,draw,,tick-cap,60001,40.0,87.4,-292287395,90,77110,38,49150,107610,r2ilat:27 r2ilrifle:23 r2merkava:10 r2ilgunship:7 r2ilhowitzer:7 r2ilfalcon:6 r2ilrecon:4 r2ilshield:3 dog:2 r2namer:1,199,71950,30,107110,51050,e2:83 flakt:57 shk:26 htk:11 ttnk:8 apoc:5 htnk:5 ivan:2 zep:2
rr.tournament-2a.normal.israel-saudi.r0,tournament-2A,normal,0,israel,saudi,1,2,complete,win,israel,conquest,20201,13.47,33.5,-268261505,29,17740,18,27420,7720,r2ilrifle:12 r2ilat:6 r2merkava:5 r2ilhowitzer:2 r2namer:2 dog:1 r2ilshield:1,11,6260,7,7720,27420,r2saat:3 r2sang:3 r2bradley:2 r2m1a2s:2 dog:1
rr.dustbowl.normal.iran-china.r0,dustbowl,normal,0,iran,china,1,2,complete,win,iran,conquest,47124,31.42,70.2,69350483,215,70250,31,94200,45430,r2basij:120 r2toophan:54 r2karrar:17 htk:5 r2fajr:5 dog:4 r2toufan:3 r2coast:2 r2dronecontrol:2 r2loiter:1 r2mohajer:1 r2raad:1,63,36870,31,46140,94910,r2cnrifle:21 r2cnportable:13 r2qilin:11 r2phl:4 r2zbd:4 r2cloud:2 r2redspear:2 dog:1 r2cnnetwork:1 r2crane:1 r2lynx:1 r2mantis:1 r2skyspear:1
rr.tournament-2a.normal.yemen-iran.r0,tournament-2A,normal,0,yemen,iran,1,2,complete,win,iran,conquest,45185,30.12,64.7,283915406,55,21300,15,48800,52050,r2yrpg:25 r2technical:10 r2ytechrr:8 r2ymr:7 htk:2 r2yzu:2 r2ymlr:1,195,65430,30,52050,48800,r2basij:112 r2toophan:48 r2karrar:13 r2coast:5 r2dronecontrol:4 r2fajr:4 htk:3 dog:2 r2toufan:2 r2azar:1 r2mohajer:1
rr.tournament-2a.normal.russia-china.r0,tournament-2A,normal,0,russia,china,1,2,complete,win,china,conquest,30293,20.2,46.5,582812580,9,3300,7,10790,18700,e2:4 shk:3 htk:1 htnk:1,41,20760,23,18700,10790,r2cnrifle:18 r2cnportable:8 r2qilin:6 r2cloud:2 r2phl:2 r2crane:1 r2lynx:1 r2mantis:1 r2skyspear:1 r2zbd:1
rr.dustbowl.normal.iran-yemen.r0,dustbowl,normal,0,iran,yemen,1,2,complete,win,yemen,conquest,42847,28.56,62.0,769719288,77,27580,22,42150,71150,r2basij:42 r2toophan:21 r2karrar:8 r2fajr:2 r2raad:2 r2coast:1 r2toufan:1,147,58150,31,69550,43600,r2ymr:49 r2yrpg:43 r2ytechrr:17 r2technical:15 r2wadighost:5 r2ymlr:5 htk:4 r2samad:4 r2yzu:3 r2yspot:2
rr.tournament-2a.normal.israel-america.r0,tournament-2A,normal,0,israel,america,1,2,complete,win,israel,conquest,53352,35.57,73.9,929596445,64,44840,34,82600,35290,r2ilrifle:22 r2ilat:15 r2merkava:11 r2ilhowitzer:5 r2ilshield:3 r2namer:3 dog:2 r2ilfalcon:1 r2ilgunship:1 r2ilrecon:1,61,31100,29,35290,82600,e1:30 mtnk:11 fv:7 orca:3 cleg:2 jumpjet:2 shad:2 dog:1 mgtk:1 sref:1 tany:1
rr.tournament-2a.normal.saudi-yemen.r0,tournament-2A,normal,0,saudi,yemen,1,2,complete,win,yemen,conquest,38683,25.79,56.0,1047980153,44,28880,25,45600,74440,r2sang:14 r2saat:13 r2m1a2s:10 r2bradley:2 r2caesar:2 dog:1 r2ah64sa:1 r2f15sa:1,194,61650,34,75040,46200,r2ymr:87 r2yrpg:71 r2technical:11 r2ytechrr:9 r2wadighost:4 r2ymlr:4 r2samad:3 dog:2 r2yzu:2 htk:1
rr.dustbowl.normal.russia-israel.r0,dustbowl,normal,0,russia,israel,1,2,complete,win,russia,conquest,54710,36.47,79.8,1390918237,233,81350,33,98170,48400,e2:109 flakt:53 shk:32 htnk:11 htk:10 ttnk:8 apoc:3 zep:3 dog:2 yuri:2,47,36010,36,48400,98370,r2ilat:14 r2ilrifle:13 r2merkava:8 r2ilhowitzer:4 r2ilfalcon:2 r2ilgunship:2 r2ilshield:2 dog:1 r2namer:1
rr.tournament-2a.normal.israel-turkey.r0,tournament-2A,normal,0,israel,turkey,1,2,complete,win,turkey,conquest,36475,24.32,54.0,1608643807,36,22260,23,36910,68920,r2ilrifle:13 r2ilat:10 r2merkava:6 r2ilhowitzer:2 r2ilshield:2 r2namer:2 dog:1,115,54325,29,67870,35860,r2trrifle:55 r2trat:20 r2bozkir:19 r2kuzgun:4 r2yildirim:4 r2sancak:3 dog:2 r2aras:2 r2deniz:1 r2gokkalkan:1 r2greywolf:1 r2sahin:1 r2trdroneop:1 r2turna:1
rr.dustbowl.normal.yemen-hezbollah.r0,dustbowl,normal,0,yemen,hezbollah,1,2,complete,win,yemen,conquest,37471,24.98,56.3,1671258468,108,38000,30,39300,28850,r2ymr:38 r2yrpg:27 r2technical:16 r2ytechrr:12 htk:4 r2ymlr:4 dog:3 r2samad:2 r2wadighost:1 r2yzu:1,36,10500,16,28850,39300,r2hzrifle:17 r2hzat:12 r2hzrecoilless:3 r2hztechnical:3 r2hzrockets:1
rr.tournament-2a.normal.iran-america.r0,tournament-2A,normal,0,iran,america,1,2,complete,win,america,conquest,27737,18.49,43.1,-2144994933,35,11240,11,16800,37660,r2basij:21 r2toophan:7 r2karrar:4 htk:1 r2fajr:1 r2raad:1,60,33000,25,37660,16800,e1:28 mtnk:8 fv:6 cleg:4 jumpjet:4 shad:3 mgtk:2 sref:2 dog:1 orca:1 tany:1
rr.tournament-2a.normal.israel-yemen.r0,tournament-2A,normal,0,israel,yemen,1,2,complete,win,israel,conquest,28952,19.3,44.0,-2106812481,67,42880,29,41825,18610,r2ilrifle:24 r2ilat:17 r2merkava:12 dog:3 r2ilhowitzer:3 r2ilshield:3 r2namer:2 r2ilfalcon:1 r2ilgunship:1 r2ilobserver:1,44,12975,14,17560,40775,r2yrpg:20 r2ymr:18 r2yspot:3 r2ytechrr:2 r2yzu:1
rr.dustbowl.normal.saudi-russia.r0,dustbowl,normal,0,saudi,russia,1,2,complete,win,saudi,conquest,19263,12.84,33.6,-2061123749,41,21660,19,21800,10340,r2sang:18 r2saat:9 r2m1a2s:8 dog:2 r2bradley:2 r2caesar:1 r2sads:1,9,3300,9,10340,21800,e2:4 shk:4 htnk:1
rr.dustbowl.normal.iran-israel.r0,dustbowl,normal,0,iran,israel,1,2,complete,win,iran,conquest,41139,27.43,60.5,-1725759991,172,57480,30,71000,40810,r2basij:97 r2toophan:42 r2karrar:15 r2fajr:8 r2dronecontrol:5 htk:2 r2raad:2 r2mohajer:1,42,28540,24,40810,71000,r2ilat:13 r2ilrifle:12 r2merkava:9 r2ilhowitzer:3 r2namer:3 dog:1 r2ilshield:1
rr.tournament-2a.normal.america-hezbollah.r0,tournament-2A,normal,0,america,hezbollah,1,2,complete,win,america,conquest,45680,30.45,64.0,-1715541944,146,85000,32,70550,48900,e1:62 mtnk:20 fv:18 jumpjet:11 cleg:10 sref:8 mgtk:7 shad:6 orca:2 dog:1 tany:1,103,37150,15,48500,70350,r2hzrifle:31 r2hztechnical:24 r2hzat:22 r2hzrecoilless:11 r2hzescort:6 htk:4 r2hzrockets:2 r2hzspotter:2 r2hzdrone:1
rr.dustbowl.normal.china-turkey.r0,dustbowl,normal,0,china,turkey,1,2,complete,win,turkey,conquest,57447,38.3,81.5,-1665456111,101,59600,41,75325,126690,r2cnrifle:35 r2cnportable:21 r2qilin:20 r2cloud:7 r2phl:6 r2crane:3 r2zbd:3 r2mantis:2 r2redspear:2 r2skyspear:2,192,95960,29,126690,75325,r2trrifle:92 r2trat:36 r2bozkir:26 r2yildirim:9 r2gokkalkan:7 r2greywolf:5 r2turna:4 r2aras:3 r2sancak:3 dog:2 r2kuzgun:2 r2sahin:2 r2trdroneop:1
rr.dustbowl.normal.turkey-china.r0,dustbowl,normal,0,turkey,china,1,2,complete,win,turkey,conquest,46443,30.96,71.4,-1120315197,142,67590,27,84910,45005,r2trrifle:68 r2trat:28 r2bozkir:19 r2yildirim:8 r2gokkalkan:4 r2kuzgun:4 dog:2 r2aras:2 r2greywolf:2 r2sancak:2 r2deniz:1 r2sahin:1 r2turna:1,50,27020,29,45005,84910,r2cnrifle:21 r2qilin:9 r2cnportable:8 r2cloud:3 r2phl:3 r2zbd:2 dog:1 r2mantis:1 r2redspear:1 r2skyspear:1
rr.tournament-2a.normal.yemen-america.r0,tournament-2A,normal,0,yemen,america,1,2,complete,win,yemen,conquest,18943,12.63,32.2,-1073639680,43,14400,16,25400,9100,r2ymr:16 r2yrpg:14 r2technical:5 r2ytechrr:4 r2ymlr:2 htk:1 r2yzu:1,13,3400,9,9100,25400,e1:11 fv:2
rr.dustbowl.normal.saudi-iran.r0,dustbowl,normal,0,saudi,iran,1,2,complete,win,saudi,conquest,17515,11.68,32.8,-848700189,25,15750,15,18940,8250,r2sang:10 r2saat:6 r2m1a2s:3 dog:1 r2ah64sa:1 r2bradley:1 r2caesar:1 r2f15sa:1 r2sads:1,16,5220,5,8250,18940,r2basij:8 r2toophan:4 htk:2 r2karrar:2
rr.dustbowl.normal.saudi-america.r0,dustbowl,normal,0,saudi,america,1,2,complete,win,saudi,conquest,36592,24.39,55.3,-750780667,72,44750,35,45300,38180,r2sang:30 r2saat:16 r2m1a2s:13 r2caesar:4 r2sads:3 r2bradley:2 dog:1 r2ah64sa:1 r2f15sa:1 r2falcon:1,56,13500,13,38180,45300,e1:50 mtnk:3 fv:2 dog:1
rr.tournament-2a.normal.saudi-turkey.r0,tournament-2A,normal,0,saudi,turkey,1,2,complete,win,turkey,conquest,26273,17.52,41.8,-519172975,24,13890,12,20180,40750,r2saat:8 r2sang:7 r2bradley:3 r2m1a2s:3 dog:1 r2caesar:1 r2sads:1,94,40880,26,40750,20180,r2trrifle:46 r2trat:19 r2bozkir:11 r2sancak:3 r2yildirim:3 dog:2 r2aras:2 r2kuzgun:2 r2trdroneop:2 r2deniz:1 r2gokkalkan:1 r2sahin:1 r2turna:1
rr.dustbowl.normal.russia-iran.r0,dustbowl,normal,0,russia,iran,1,2,complete,win,iran,conquest,24504,16.34,40.7,-405127830,14,5000,8,15450,22500,e2:7 shk:4 htnk:2 htk:1,76,24800,20,22500,15450,r2basij:45 r2toophan:17 r2karrar:5 r2fajr:4 r2raad:2 dog:1 htk:1 r2mohajer:1
rr.tournament-2a.normal.israel-iran.r0,tournament-2A,normal,0,israel,iran,1,2,complete,win,iran,conquest,58316,38.88,79.5,-197547028,55,41260,33,48670,102320,r2ilat:21 r2ilrifle:13 r2merkava:10 r2ilfalcon:3 r2ilhowitzer:3 r2ilshield:2 dog:1 r2ilgunship:1 r2namer:1,228,74840,34,104320,50670,r2basij:131 r2toophan:56 r2karrar:10 r2dronecontrol:6 r2coast:5 r2fajr:5 r2raad:5 dog:3 htk:2 r2loiter:2 r2azar:1 r2mohajer:1 r2toufan:1
rr.dustbowl.normal.israel-hezbollah.r0,dustbowl,normal,0,israel,hezbollah,1,2,complete,win,hezbollah,conquest,27949,18.63,44.9,-101585515,28,18000,17,22850,54260,r2ilrifle:10 r2ilat:7 r2merkava:6 r2ilhowitzer:2 dog:1 r2ilshield:1 r2namer:1,98,30900,25,54260,22850,r2hzrifle:45 r2hzat:24 r2hztechnical:12 r2hzrecoilless:6 r2hzdrone:4 r2hzrockets:3 r2hzspotter:2 htk:1 r2hzescort:1
rr.dustbowl.normal.israel-yemen.r0,dustbowl,normal,0,israel,yemen,1,2,complete,draw,,tick-cap,60001,40.0,83.8,3055843,103,82880,40,73350,99870,r2ilrifle:34 r2ilat:24 r2merkava:16 r2ilgunship:7 r2ilhowitzer:7 r2ilfalcon:5 r2ilrecon:4 dog:2 r2ilshield:2 r2ilobserver:1 r2namer:1,168,66800,41,99870,73350,r2ymr:53 r2yrpg:53 r2technical:22 r2ytechrr:15 r2wadighost:7 r2ymlr:7 r2yzu:5 htk:4 dog:2
rr.tournament-2a.normal.turkey-saudi.r0,tournament-2A,normal,0,turkey,saudi,1,2,complete,win,turkey,conquest,33771,22.51,50.4,348994006,109,49715,29,55460,31420,r2trrifle:53 r2trat:21 r2bozkir:16 r2yildirim:5 dog:3 r2gokkalkan:3 r2kuzgun:3 r2sancak:2 r2deniz:1 r2greywolf:1 r2sahin:1,32,22500,16,31420,55460,r2sang:10 r2m1a2s:7 r2saat:7 r2caesar:2 dog:1 r2ah64sa:1 r2bradley:1 r2f15sa:1 r2sads:1 r2sajtac:1
rr.dustbowl.normal.hezbollah-israel.r0,dustbowl,normal,0,hezbollah,israel,1,2,complete,win,hezbollah,conquest,53478,35.65,78.8,598124342,275,98050,39,114380,74400,r2hzrifle:113 r2hzat:80 r2hztechnical:27 r2hzrecoilless:16 r2hzrockets:11 r2hzdrone:10 r2hzscout:8 dog:6 htk:2 r2hzescort:2,65,50620,39,71450,114580,r2ilrifle:21 r2ilat:16 r2merkava:11 r2ilhowitzer:5 r2ilfalcon:3 r2ilgunship:3 dog:2 r2ilrecon:2 r2namer:2
rr.dustbowl.normal.china-saudi.r0,dustbowl,normal,0,china,saudi,1,2,complete,win,saudi,conquest,49092,32.73,70.2,841341235,48,29910,29,42080,86150,r2cnrifle:18 r2qilin:10 r2cnportable:8 r2phl:4 r2skyspear:3 r2cloud:1 r2crane:1 r2lynx:1 r2redspear:1 r2zbd:1,90,60830,31,87200,43130,r2sang:34 r2m1a2s:18 r2saat:18 r2sads:5 r2caesar:4 dog:2 r2ah64sa:2 r2bradley:2 r2f15sa:2 r2falcon:2 r2sajtac:1
rr.tournament-2a.normal.hezbollah-saudi.r0,tournament-2A,normal,0,hezbollah,saudi,1,2,complete,win,hezbollah,conquest,29367,19.58,45.2,852256517,114,34650,25,48180,24750,r2hzrifle:53 r2hzat:30 r2hztechnical:14 r2hzrecoilless:8 r2hzdrone:4 htk:2 r2hzrockets:2 r2hzescort:1,25,15970,17,24600,48030,r2saat:9 r2m1a2s:6 r2sang:6 r2caesar:2 dog:1 r2bradley:1
rr.tournament-2a.normal.iran-turkey.r0,tournament-2A,normal,0,iran,turkey,1,2,complete,win,iran,conquest,46242,30.83,65.5,1305565697,207,67030,30,79275,52880,r2basij:117 r2toophan:52 r2karrar:15 r2fajr:5 dog:4 r2dronecontrol:4 r2coast:3 r2mohajer:2 r2raad:2 htk:1 r2loiter:1 r2toufan:1,54,28765,29,52880,79275,r2trrifle:23 r2bozkir:10 r2trat:9 r2yildirim:3 r2aras:2 r2gokkalkan:2 r2kuzgun:2 dog:1 r2greywolf:1 r2sahin:1
rr.dustbowl.normal.china-yemen.r0,dustbowl,normal,0,china,yemen,1,2,complete,draw,,tick-cap,60001,40.0,83.2,1386372299,152,84310,40,90200,96460,r2cnrifle:63 r2qilin:29 r2cnportable:26 r2phl:9 r2cloud:8 r2redspear:5 r2crane:3 r2mantis:3 r2zbd:3 r2lynx:2 r2skyspear:1,173,74200,49,96460,90200,r2yrpg:59 r2ymr:52 r2ytechrr:22 r2wadighost:9 r2yzu:9 r2technical:8 r2ymlr:8 htk:6
rr.tournament-2a.normal.yemen-turkey.r0,tournament-2A,normal,0,yemen,turkey,1,2,complete,win,turkey,conquest,24805,16.54,38.5,1542482223,18,5700,8,8780,27250,r2yrpg:7 r2ymr:6 r2technical:3 r2ytechrr:1 r2yzu:1,41,18005,15,27250,8780,r2trrifle:21 r2trat:7 r2bozkir:6 r2sancak:2 dog:1 r2aras:1 r2kuzgun:1 r2sahin:1 r2yildirim:1
rr.tournament-2a.normal.russia-hezbollah.r0,tournament-2A,normal,0,russia,hezbollah,1,2,complete,win,hezbollah,conquest,22984,15.32,37.7,1930534008,14,6100,10,14600,25200,e2:6 shk:4 htnk:2 htk:1 ttnk:1,70,23300,22,25200,14600,r2hzrifle:29 r2hzat:18 r2hztechnical:10 r2hzrecoilless:5 r2hzdrone:3 r2hzrockets:3 htk:1 r2hzescort:1
rr.dustbowl.normal.russia-hezbollah.r0,dustbowl,normal,0,russia,hezbollah,1,2,complete,draw,,tick-cap,60001,40.0,91.5,1960144194,236,82500,43,129450,71600,e2:114 flakt:55 shk:28 ttnk:11 htk:10 htnk:10 apoc:4 yuri:2 zep:2,193,76100,47,72750,133650,r2hzrifle:73 r2hzat:57 r2hztechnical:20 r2hzrecoilless:13 r2hzdrone:10 r2hzscout:9 r2hzrockets:6 r2hzescort:3 htk:2
rr.dustbowl.normal.israel-turkey.r0,dustbowl,normal,0,israel,turkey,1,2,complete,win,israel,conquest,58833,39.22,83.1,-2075857960,92,61210,27,66335,30690,r2ilrifle:33 r2ilat:23 r2merkava:17 r2ilhowitzer:6 r2ilshield:3 r2namer:3 dog:2 r2ilobserver:2 r2ilfalcon:1 r2ilgunship:1 r2ilrecon:1,41,22375,23,28590,64235,r2trrifle:15 r2trat:9 r2bozkir:5 r2kuzgun:4 r2yildirim:3 r2sancak:2 dog:1 r2aras:1 r2greywolf:1
rr.tournament-2a.normal.hezbollah-turkey.r0,tournament-2A,normal,0,hezbollah,turkey,1,2,complete,win,turkey,conquest,14225,9.48,26.3,-1987387120,3,850,5,5035,15100,r2hzat:2 r2hzrifle:1,26,11860,13,15100,5035,r2trrifle:12 r2bozkir:5 r2trat:4 dog:1 r2aras:1 r2kuzgun:1 r2sancak:1 r2yildirim:1
rr.dustbowl.normal.israel-china.r0,dustbowl,normal,0,israel,china,1,2,complete,win,israel,conquest,41141,27.43,64.5,-1723748836,109,63950,30,87620,35970,r2ilrifle:55 r2ilat:19 r2merkava:15 r2ilhowitzer:6 r2ilshield:4 dog:3 r2ilgunship:3 r2namer:2 r2ilfalcon:1 r2ilrecon:1,54,33480,31,35970,87620,r2cnrifle:19 r2cnportable:11 r2qilin:10 r2phl:4 r2skyspear:3 r2cloud:2 r2zbd:2 r2crane:1 r2mantis:1 r2redspear:1
rr.dustbowl.normal.hezbollah-turkey.r0,dustbowl,normal,0,hezbollah,turkey,1,2,complete,draw,,tick-cap,60001,40.0,97.8,-1416634934,235,95750,43,93080,75850,r2hzrifle:84 r2hzat:72 r2hzdrone:18 r2hzrecoilless:18 r2hztechnical:11 r2hzscout:10 r2hzrockets:9 r2hzescort:5 htk:4 dog:2 r2hzspotter:2,154,78930,40,75850,93080,r2trrifle:66 r2trat:32 r2bozkir:27 r2yildirim:8 r2greywolf:5 r2aras:4 r2sancak:4 r2gokkalkan:3 dog:2 r2deniz:1 r2kuzgun:1 r2sahin:1
rr.dustbowl.normal.iran-hezbollah.r0,dustbowl,normal,0,iran,hezbollah,1,2,complete,draw,,tick-cap,60001,40.0,91.1,-1242687077,182,61080,45,82500,86560,r2basij:102 r2toophan:49 r2karrar:14 r2fajr:4 r2raad:4 r2coast:3 htk:2 r2loiter:2 dog:1 r2azar:1,176,77550,48,85560,81500,r2hzrifle:62 r2hzat:46 r2hzrecoilless:15 r2hztechnical:13 r2hzdrone:11 r2hzscout:11 r2hzrockets:8 r2hzescort:6 htk:2 r2hzspotter:2
rr.tournament-2a.normal.russia-turkey.r0,tournament-2A,normal,0,russia,turkey,1,2,complete,win,turkey,conquest,16504,11.0,29.9,-1077746019,3,1100,4,5145,12500,shk:2 e2:1,30,13530,18,12500,5145,r2trrifle:16 r2trat:5 r2bozkir:4 dog:1 r2aras:1 r2sahin:1 r2turna:1 r2yildirim:1
rr.dustbowl.normal.yemen-iran.r0,dustbowl,normal,0,yemen,iran,1,2,complete,win,yemen,conquest,43411,28.94,65.7,-775370350,202,74650,30,69880,47750,r2ymr:74 r2yrpg:57 r2technical:26 r2ytechrr:18 r2ymlr:8 r2wadighost:5 htk:4 r2samad:4 r2yzu:3 r2yspot:2 dog:1,67,25810,26,47600,69730,r2basij:34 r2toophan:18 r2karrar:8 r2fajr:3 r2raad:2 htk:1 r2toufan:1
rr.tournament-2a.normal.america-israel.r0,tournament-2A,normal,0,america,israel,1,2,complete,win,israel,conquest,20595,13.73,35.1,-437685712,15,5500,13,8740,30600,e1:10 fv:3 mtnk:1 shad:1,30,17400,18,30600,8740,r2ilrifle:15 r2merkava:5 r2ilat:4 r2ilhowitzer:2 r2ilshield:2 dog:1 r2namer:1
rr.tournament-2a.normal.hezbollah-yemen.r0,tournament-2A,normal,0,hezbollah,yemen,1,2,complete,win,yemen,conquest,57169,38.11,78.4,-332480776,64,21250,18,68400,53800,r2hzrifle:25 r2hzat:18 r2hztechnical:10 r2hzrecoilless:6 r2hzrockets:3 htk:1 r2hzdrone:1,157,63500,41,51500,66600,r2ymr:51 r2yrpg:46 r2technical:23 r2ytechrr:16 r2wadighost:7 r2ymlr:7 htk:4 r2yzu:2 r2samad:1
rr.tournament-2a.normal.turkey-iran.r0,tournament-2A,normal,0,turkey,iran,1,2,complete,win,iran,conquest,19520,13.01,33.0,-120997090,5,1810,5,10710,15970,r2trrifle:2 dog:1 r2bozkir:1 r2trat:1,42,15020,16,15970,10710,r2basij:23 r2toophan:10 r2karrar:4 r2fajr:2 htk:1 r2mohajer:1 r2raad:1
rr.dustbowl.normal.china-america.r0,dustbowl,normal,0,china,america,1,2,complete,draw,,tick-cap,60001,40.0,85.5,-88479982,168,94080,33,83270,95800,r2cnrifle:69 r2cnportable:31 r2qilin:25 r2mantis:10 r2cloud:9 r2phl:9 r2redspear:6 r2crane:3 r2zbd:3 r2lynx:2 r2skyspear:1,134,83200,36,95630,83100,e1:46 fv:17 jumpjet:17 mtnk:15 orca:9 shad:9 mgtk:7 cleg:5 tany:5 sref:3 dog:1
rr.dustbowl.normal.turkey-hezbollah.r0,dustbowl,normal,0,turkey,hezbollah,1,2,complete,win,hezbollah,conquest,37926,25.28,56.0,209167861,39,20185,20,28700,58995,r2trrifle:17 r2trat:7 r2bozkir:6 r2sancak:2 r2yildirim:2 dog:1 r2aras:1 r2kuzgun:1 r2sahin:1 r2turna:1,131,48450,33,58995,28700,r2hzrifle:49 r2hzat:38 r2hzrecoilless:12 r2hztechnical:10 r2hzdrone:8 r2hzrockets:6 htk:3 r2hzescort:2 r2hzscout:2 dog:1
rr.tournament-2a.normal.israel-russia.r0,tournament-2A,normal,0,israel,russia,1,2,complete,win,israel,conquest,16563,11.04,30.2,453609424,17,10340,13,13500,2320,r2ilrifle:7 r2ilat:3 r2merkava:3 dog:1 r2ilhowitzer:1 r2ilshield:1 r2namer:1,3,700,6,2320,13500,e2:2 shk:1
rr.tournament-2a.normal.saudi-israel.r0,tournament-2A,normal,0,saudi,israel,1,2,complete,win,saudi,conquest,32631,21.75,48.1,754503546,64,40960,29,49860,21110,r2sang:23 r2saat:16 r2m1a2s:10 r2sads:4 dog:2 r2ah64sa:2 r2bradley:2 r2caesar:2 r2f15sa:1 r2falcon:1 r2sajtac:1,29,19900,13,21110,49860,r2ilrifle:10 r2ilat:8 r2merkava:4 r2ilhowitzer:2 dog:1 r2ilfalcon:1 r2ilgunship:1 r2ilshield:1 r2namer:1
rr.dustbowl.normal.yemen-israel.r0,dustbowl,normal,0,yemen,israel,1,2,complete,win,yemen,conquest,43588,29.06,62.8,767336048,203,78800,31,89740,50050,r2ymr:66 r2yrpg:65 r2ytechrr:24 r2technical:18 r2ymlr:10 r2yzu:6 r2samad:5 r2wadighost:5 dog:2 htk:2,47,28480,32,50050,89740,r2ilat:17 r2ilrifle:14 r2merkava:5 r2ilhowitzer:4 r2ilshield:3 dog:2 r2namer:2
rr.tournament-2a.normal.iran-israel.r0,tournament-2A,normal,0,iran,israel,1,2,complete,draw,,tick-cap,60001,40.0,81.2,771306232,111,38240,32,84920,41890,r2basij:66 r2toophan:20 r2karrar:10 r2fajr:6 htk:4 r2coast:1 r2dronecontrol:1 r2loiter:1 r2raad:1 r2toufan:1,45,34160,27,41890,84920,r2ilrifle:18 r2merkava:9 r2ilat:8 r2ilgunship:3 r2ilfalcon:2 dog:1 r2ilhowitzer:1 r2ilrecon:1 r2ilshield:1 r2namer:1
rr.dustbowl.normal.iran-america.r0,dustbowl,normal,0,iran,america,1,2,complete,win,america,conquest,55296,36.86,81.4,1238087915,106,38750,29,46300,85520,r2basij:55 r2toophan:23 r2karrar:10 r2fajr:5 htk:3 r2dronecontrol:3 r2raad:3 dog:2 r2mohajer:2,158,95000,23,85520,46500,e1:58 fv:24 jumpjet:21 mtnk:17 cleg:11 mgtk:9 sref:8 shad:6 tany:2 dog:1 orca:1
rr.dustbowl.normal.china-iran.r0,dustbowl,normal,0,china,iran,1,2,complete,win,china,conquest,19061,12.71,34.2,1397311822,42,18100,17,24730,10530,r2cnrifle:20 r2cnportable:9 r2qilin:6 r2lynx:2 r2phl:2 r2zbd:2 r2cloud:1,17,5260,8,10530,24730,r2basij:9 r2toophan:5 r2karrar:2 htk:1
rr.dustbowl.normal.yemen-turkey.r0,dustbowl,normal,0,yemen,turkey,1,2,complete,win,turkey,conquest,46223,30.82,68.0,1587202066,66,21750,24,47535,64150,r2ymr:26 r2yrpg:25 r2technical:7 r2ytechrr:3 r2ymlr:2 r2yzu:2 r2wadighost:1,137,67410,33,62950,49110,r2trrifle:62 r2trat:25 r2bozkir:21 r2yildirim:8 r2sancak:6 r2kuzgun:5 dog:3 r2aras:2 r2greywolf:2 r2deniz:1 r2gokkalkan:1 r2sahin:1
rr.tournament-2a.normal.iran-russia.r0,tournament-2A,normal,0,iran,russia,1,2,complete,win,iran,conquest,56749,37.83,77.7,1738822443,146,50580,32,55600,46910,r2basij:82 r2toophan:39 r2fajr:7 r2karrar:7 r2coast:3 r2loiter:3 r2raad:2 dog:1 r2mohajer:1 r2toufan:1,104,40000,8,46910,55600,e2:38 shk:35 flakt:16 htnk:7 ttnk:5 htk:2 ivan:1
rr.tournament-2a.normal.russia-iran.r0,tournament-2A,normal,0,russia,iran,1,2,complete,win,russia,conquest,49124,32.75,68.0,2049044756,174,63500,32,68120,45300,e2:75 flakt:38 shk:27 htnk:11 htk:9 ttnk:9 apoc:2 dog:2 zep:1,79,27200,24,45800,71620,r2basij:45 r2toophan:16 r2karrar:7 htk:3 r2fajr:3 r2raad:2 dog:1 r2mohajer:1 r2toufan:1
rr.tournament-2a.normal.iran-saudi.r0,tournament-2A,normal,0,iran,saudi,1,2,complete,win,saudi,conquest,18557,12.37,30.8,-2030779518,13,4280,6,5380,19700,r2basij:7 r2toophan:4 r2karrar:1 r2raad:1,22,12490,13,19700,5380,r2sang:7 r2saat:6 r2m1a2s:4 dog:2 r2bradley:1 r2caesar:1 r2sads:1
rr.tournament-2a.normal.yemen-israel.r0,tournament-2A,normal,0,yemen,israel,1,2,complete,win,israel,conquest,12901,8.6,24.3,-1780106016,2,700,4,3130,12650,r2yrpg:2,13,7600,8,12650,3130,r2ilrifle:5 r2ilat:3 r2merkava:3 dog:1 r2namer:1
rr.dustbowl.normal.america-china.r0,dustbowl,normal,0,america,china,1,2,complete,win,america,conquest,41632,27.75,59.8,-1721251778,78,47900,24,30340,9900,e1:33 mtnk:10 fv:9 cleg:7 sref:6 mgtk:5 jumpjet:3 shad:2 dog:1 orca:1 tany:1,12,4700,10,9900,30340,r2cnrifle:5 r2cnportable:4 r2qilin:2 r2zbd:1
rr.tournament-2a.normal.yemen-saudi.r0,tournament-2A,normal,0,yemen,saudi,1,2,complete,draw,,tick-cap,60001,40.0,82.5,-1563523056,63,25700,25,46160,65650,r2yrpg:22 r2ymr:15 r2ytechrr:10 htk:7 r2technical:3 r2ymlr:3 r2yzu:2 r2wadighost:1,77,60690,35,65000,50630,r2sang:22 r2saat:19 r2m1a2s:12 r2ah64sa:5 r2caesar:5 r2bradley:3 r2f15sa:3 r2falcon:3 r2sads:3 dog:2
rr.tournament-2a.normal.hezbollah-america.r0,tournament-2A,normal,0,hezbollah,america,1,2,complete,win,america,conquest,19795,13.2,33.1,-1535422714,20,6300,8,14900,26750,r2hzrifle:8 r2hzat:6 r2hzrecoilless:2 r2hztechnical:2 htk:1 r2hzescort:1,67,24700,20,26750,14900,e1:43 mtnk:11 fv:7 dog:2 shad:2 jumpjet:1 orca:1
rr.dustbowl.normal.hezbollah-saudi.r0,dustbowl,normal,0,hezbollah,saudi,1,2,complete,win,hezbollah,conquest,47079,31.39,72.4,-1203593116,215,76850,38,106730,59350,r2hzrifle:90 r2hzat:61 r2hztechnical:21 r2hzrecoilless:12 r2hzdrone:11 r2hzrockets:7 r2hzscout:6 htk:3 dog:2 r2hzescort:2,61,39370,38,59350,106730,r2sang:21 r2saat:16 r2m1a2s:13 r2caesar:5 r2bradley:2 r2sads:2 dog:1 r2f15sa:1
rr.dustbowl.normal.yemen-saudi.r0,dustbowl,normal,0,yemen,saudi,1,2,complete,win,yemen,conquest,53782,35.85,77.9,-1121370166,164,63400,30,90530,57000,r2ymr:54 r2yrpg:47 r2technical:25 r2ytechrr:14 r2wadighost:6 r2yzu:6 r2ymlr:5 dog:2 htk:2 r2yspot:2 r2samad:1,48,36070,30,57800,91330,r2sang:16 r2saat:12 r2m1a2s:8 r2caesar:4 r2ah64sa:3 r2f15sa:3 dog:1 r2bradley:1
rr.dustbowl.normal.china-russia.r0,dustbowl,normal,0,china,russia,1,2,complete,draw,,tick-cap,60001,40.0,84.7,-737485837,194,98090,25,66200,77810,r2cnrifle:82 r2qilin:35 r2cnportable:34 r2lynx:9 r2phl:7 r2zbd:7 r2mantis:6 r2cloud:5 r2redspear:5 r2cnnetwork:2 r2crane:1 r2skyspear:1,73,33800,29,80210,69800,flakt:26 shk:17 e2:10 htk:9 ttnk:7 htnk:4
rr.dustbowl.normal.america-yemen.r0,dustbowl,normal,0,america,yemen,1,2,complete,win,america,conquest,42366,28.24,63.2,-478130414,79,54300,23,33550,12500,e1:26 fv:10 mtnk:10 cleg:9 jumpjet:6 sref:6 mgtk:4 orca:3 shad:3 dog:1 tany:1,35,11300,10,12500,33550,r2ymr:13 r2yrpg:13 r2technical:4 r2ytechrr:2 r2yzu:2 r2ymlr:1
rr.tournament-2a.normal.turkey-israel.r0,tournament-2A,normal,0,turkey,israel,1,2,complete,win,israel,conquest,43993,29.33,63.6,-341833837,32,17960,20,26620,53670,r2trrifle:12 r2trat:7 r2bozkir:6 r2aras:2 r2sahin:2 dog:1 r2turna:1 r2yildirim:1,48,32770,31,53670,26620,r2ilrifle:21 r2merkava:9 r2ilat:8 r2ilhowitzer:3 r2ilshield:2 dog:1 r2ilfalcon:1 r2ilgunship:1 r2ilrecon:1 r2namer:1
rr.tournament-2a.normal.china-hezbollah.r0,tournament-2A,normal,0,china,hezbollah,1,2,complete,win,hezbollah,conquest,40218,26.81,58.1,110272976,55,23790,22,39675,65880,r2cnrifle:27 r2cnportable:11 r2qilin:8 r2zbd:5 r2phl:2 r2cloud:1 r2mantis:1,159,60300,35,64930,38725,r2hzrifle:62 r2hzat:39 r2hztechnical:20 r2hzrecoilless:12 r2hzdrone:8 r2hzrockets:5 r2hzscout:5 r2hzspotter:4 r2hzescort:3 htk:1
rr.dustbowl.normal.hezbollah-china.r0,dustbowl,normal,0,hezbollah,china,1,2,complete,win,hezbollah,conquest,47209,31.47,68.1,151313349,209,73850,34,92800,55050,r2hzrifle:83 r2hzat:63 r2hztechnical:20 r2hzrecoilless:13 r2hzdrone:9 r2hzrockets:7 r2hzescort:6 r2hzscout:4 dog:2 htk:2,71,34210,33,54500,92250,r2cnrifle:33 r2cnportable:14 r2qilin:12 r2cloud:4 r2phl:4 r2zbd:2 r2crane:1 r2skyspear:1
rr.tournament-2a.normal.america-china.r0,tournament-2A,normal,0,america,china,1,2,complete,win,china,conquest,27119,18.08,42.3,295623515,17,7600,13,17040,35400,e1:8 mtnk:4 fv:2 dog:1 jumpjet:1 orca:1,71,32820,24,35400,17040,r2cnrifle:36 r2cnportable:11 r2qilin:10 r2phl:4 r2cloud:2 r2mantis:2 r2zbd:2 dog:1 r2crane:1 r2lynx:1 r2skyspear:1
rr.tournament-2a.normal.hezbollah-china.r0,tournament-2A,normal,0,hezbollah,china,1,2,complete,win,hezbollah,conquest,18884,12.59,31.5,690445011,73,24250,23,31790,15900,r2hzrifle:30 r2hzat:21 r2hztechnical:8 r2hzrecoilless:6 r2hzdrone:3 r2hzrockets:3 htk:1 r2hzescort:1,19,8700,10,15900,31790,r2cnportable:8 r2cnrifle:5 r2qilin:3 r2zbd:3
rr.tournament-2a.normal.china-russia.r0,tournament-2A,normal,0,china,russia,1,2,complete,win,china,conquest,55620,37.08,75.6,716349418,171,85540,36,84800,74310,r2cnrifle:77 r2cnportable:29 r2qilin:29 r2phl:8 r2lynx:7 r2cloud:6 r2mantis:5 r2redspear:4 r2crane:2 r2zbd:2 dog:1 r2skyspear:1,101,41100,24,68910,84500,e2:35 shk:26 flakt:18 htnk:7 htk:6 ttnk:5 apoc:2 dog:2
rr.tournament-2a.normal.china-iran.r0,tournament-2A,normal,0,china,iran,1,2,complete,win,iran,conquest,31873,21.25,47.8,834940595,24,13710,12,17680,40200,r2cnrifle:8 r2cnportable:6 r2qilin:4 r2phl:2 r2cloud:1 r2lynx:1 r2skyspear:1 r2zbd:1,62,22440,18,41200,18680,r2basij:36 r2toophan:13 r2karrar:5 r2raad:3 r2coast:2 r2fajr:2 htk:1
rr.tournament-2a.normal.china-america.r0,tournament-2A,normal,0,china,america,1,2,complete,win,america,conquest,20780,13.85,33.6,1005217314,14,5040,10,17600,30830,r2cnrifle:7 r2cnportable:4 r2qilin:2 r2zbd:1,64,30300,24,30830,17600,e1:33 mtnk:11 fv:6 jumpjet:6 cleg:2 shad:2 sref:2 dog:1 orca:1
rr.dustbowl.normal.china-israel.r0,dustbowl,normal,0,china,israel,1,2,complete,draw,,tick-cap,60001,40.0,86.4,1313198473,189,96450,29,97610,91570,r2cnrifle:85 r2cnportable:31 r2qilin:27 r2phl:10 r2mantis:9 r2zbd:7 r2lynx:5 r2cloud:4 r2redspear:4 r2crane:3 r2cnnetwork:2 dog:1 r2skyspear:1,84,62850,47,91570,97610,r2ilrifle:30 r2ilat:20 r2merkava:13 r2ilhowitzer:6 r2ilfalcon:4 r2ilshield:4 r2ilgunship:2 r2ilrecon:2 r2namer:2 dog:1
rr.dustbowl.normal.turkey-israel.r0,dustbowl,normal,0,turkey,israel,1,2,complete,win,israel,conquest,41700,27.8,61.5,1341992473,31,15705,18,23790,51615,r2trrifle:11 r2trat:8 r2bozkir:3 r2yildirim:3 r2sancak:2 dog:1 r2aras:1 r2gokkalkan:1 r2kuzgun:1,71,48090,28,51615,23790,r2ilrifle:27 r2ilat:16 r2merkava:11 r2ilhowitzer:6 dog:2 r2ilrecon:2 r2ilshield:2 r2namer:2 r2ilfalcon:1 r2ilgunship:1 r2ilobserver:1
rr.tournament-2a.normal.turkey-china.r0,tournament-2A,normal,0,turkey,china,1,2,complete,win,turkey,conquest,49393,32.93,68.6,1474144635,87,45285,28,82170,25750,r2trrifle:37 r2trat:18 r2bozkir:15 r2yildirim:4 r2gokkalkan:3 r2greywolf:2 dog:1 r2aras:1 r2deniz:1 r2kuzgun:1 r2sahin:1 r2sancak:1 r2trdroneop:1 r2turna:1,45,29380,28,25750,82170,r2cnrifle:14 r2cnportable:9 r2qilin:9 r2cloud:4 r2phl:4 r2skyspear:2 r2mantis:1 r2redspear:1 r2zbd:1
rr.tournament-2a.normal.turkey-yemen.r0,tournament-2A,normal,0,turkey,yemen,1,2,complete,win,yemen,conquest,11781,7.85,24.1,1962735758,3,755,6,3150,14465,dog:1 r2trat:1 r2trrifle:1,18,5850,7,14465,3150,r2yrpg:7 r2ymr:6 r2technical:2 r2ytechrr:2 r2yzu:1
rr.tournament-2a.normal.china-israel.r0,tournament-2A,normal,0,china,israel,1,2,complete,win,israel,conquest,15293,10.2,27.9,-2131972985,2,570,4,4070,13360,r2cnportable:1 r2cnrifle:1,17,9790,13,13360,4070,r2ilrifle:7 r2ilat:4 r2merkava:3 dog:1 r2ilhowitzer:1 r2namer:1
rr.dustbowl.normal.america-china.r1,dustbowl,normal,1,america,china,1,2,complete,win,america,conquest,26466,17.64,44.1,-2116823180,57,30800,23,50690,13300,e1:26 mtnk:11 fv:6 cleg:3 jumpjet:3 shad:3 sref:3 dog:1 orca:1,30,13650,19,13300,50690,r2cnrifle:15 r2cnportable:5 r2qilin:5 r2lynx:1 r2mantis:1 r2phl:1 r2skyspear:1 r2zbd:1
rr.tournament-2a.normal.turkey-russia.r1,tournament-2A,normal,1,turkey,russia,1,2,complete,win,turkey,conquest,24494,16.33,39.3,-2094745008,61,27945,22,25755,15045,r2trrifle:29 r2trat:11 r2bozkir:9 r2kuzgun:3 r2aras:2 r2sancak:2 r2yildirim:2 dog:1 r2sahin:1 r2trdroneop:1,13,5900,11,14890,25600,shk:7 e2:2 htk:2 flakt:1 htnk:1
rr.tournament-2a.normal.yemen-saudi.r1,tournament-2A,normal,1,yemen,saudi,1,2,complete,win,yemen,conquest,28612,19.07,44.3,-1853421620,79,26900,22,32860,18050,r2ymr:30 r2yrpg:23 r2technical:11 r2ytechrr:7 r2ymlr:4 r2yzu:3 r2samad:1,12,7700,9,18050,32860,r2saat:6 r2bradley:4 dog:1 r2m1a2s:1
rr.tournament-2a.normal.iran-china.r1,tournament-2A,normal,1,iran,china,1,2,complete,win,iran,conquest,54114,36.08,74.1,-1700122657,222,70330,32,102790,52500,r2basij:132 r2toophan:53 r2karrar:13 r2fajr:5 htk:4 r2dronecontrol:4 r2raad:3 dog:2 r2azar:2 r2toufan:2 r2coast:1 r2mohajer:1,65,40150,38,52500,102790,r2cnrifle:25 r2qilin:12 r2cnportable:11 r2phl:5 r2cloud:3 r2redspear:3 r2zbd:3 r2skyspear:2 r2mantis:1
rr.tournament-2a.normal.israel-saudi.r1,tournament-2A,normal,1,israel,saudi,1,2,complete,win,israel,conquest,20912,13.94,34.6,-1674803991,27,16560,18,32640,10650,r2ilrifle:13 r2ilat:5 r2merkava:3 dog:1 r2ilfalcon:1 r2ilgunship:1 r2ilhowitzer:1 r2ilshield:1 r2namer:1,12,6730,10,9400,31390,r2sang:4 r2m1a2s:3 r2saat:3 dog:1 r2bradley:1
rr.tournament-2a.normal.saudi-israel.r1,tournament-2A,normal,1,saudi,israel,1,2,complete,win,israel,conquest,46599,31.07,65.7,-1409138941,34,20050,26,43560,68710,r2sang:15 r2m1a2s:8 r2saat:5 r2bradley:2 r2caesar:2 dog:1 r2sads:1,133,79660,32,68710,43560,r2ilrifle:58 r2ilat:32 r2merkava:19 r2ilgunship:5 r2ilhowitzer:5 dog:4 r2ilshield:3 r2namer:3 r2ilobserver:2 r2ilfalcon:1 r2ilrecon:1
rr.tournament-2a.normal.saudi-america.r1,tournament-2A,normal,1,saudi,america,1,2,complete,win,saudi,conquest,38348,25.57,55.8,-1327539317,79,47380,27,74900,22060,r2sang:34 r2saat:17 r2m1a2s:13 r2caesar:3 r2sads:3 dog:2 r2ah64sa:2 r2bradley:2 r2f15sa:1 r2falcon:1 r2sajtac:1,54,29700,21,22060,74900,e1:22 mtnk:8 fv:7 jumpjet:6 orca:5 shad:3 cleg:1 dog:1 sref:1
rr.dustbowl.normal.yemen-america.r1,dustbowl,normal,1,yemen,america,1,2,complete,draw,,tick-cap,60001,40.0,91.0,-959487134,130,50400,33,64900,88400,r2yrpg:40 r2ymr:37 r2technical:22 r2ytechrr:15 r2ymlr:8 htk:3 r2yzu:3 r2wadighost:2,137,88700,28,87600,64800,e1:41 jumpjet:22 fv:21 mtnk:15 cleg:8 sref:8 orca:7 shad:6 mgtk:5 tany:3 dog:1
rr.dustbowl.normal.china-russia.r1,dustbowl,normal,1,china,russia,1,2,complete,draw,,tick-cap,60001,40.0,87.3,-769038456,208,103530,34,63450,103840,r2cnrifle:94 r2cnportable:40 r2qilin:28 r2cloud:10 r2phl:9 r2zbd:7 r2mantis:6 r2lynx:5 r2redspear:5 r2crane:2 dog:1 r2skyspear:1,195,65950,41,103370,67150,e2:91 flakt:46 shk:25 htnk:12 ttnk:9 htk:8 ivan:2 apoc:1 zep:1
rr.dustbowl.normal.iran-yemen.r1,dustbowl,normal,1,iran,yemen,1,2,complete,win,iran,conquest,30395,20.26,49.9,-751699533,164,31490,31,32950,17050,r2basij:116 r2toophan:43 dog:3 r2dronecontrol:2,29,9900,11,17050,32950,r2yrpg:12 r2ymr:9 r2ytechrr:5 r2yzu:2 r2technical:1
rr.tournament-2a.normal.israel-turkey.r1,tournament-2A,normal,1,israel,turkey,1,2,complete,win,turkey,conquest,18010,12.01,31.1,-253084013,4,2170,5,9360,18280,dog:1 r2ilat:1 r2ilrifle:1 r2merkava:1,37,18130,18,18280,9360,r2trrifle:16 r2bozkir:7 r2trat:7 r2sancak:2 dog:1 r2aras:1 r2kuzgun:1 r2sahin:1 r2yildirim:1
rr.dustbowl.normal.yemen-israel.r1,dustbowl,normal,1,yemen,israel,1,2,complete,win,yemen,conquest,40076,26.72,62.3,-48101499,184,62300,27,98370,45700,r2ymr:70 r2yrpg:54 r2technical:23 r2ytechrr:16 htk:7 r2ymlr:5 r2yzu:3 dog:2 r2samad:2 r2wadighost:2,52,39010,34,45700,98370,r2ilrifle:18 r2ilat:12 r2merkava:9 r2ilhowitzer:5 r2ilfalcon:2 r2ilrecon:2 r2ilshield:2 dog:1 r2namer:1
rr.tournament-2a.normal.hezbollah-russia.r1,tournament-2A,normal,1,hezbollah,russia,1,2,complete,win,hezbollah,conquest,16823,11.22,29.2,57397822,41,13050,15,19100,7600,r2hzrifle:18 r2hzat:10 r2hztechnical:6 r2hzrecoilless:3 r2hzdrone:2 htk:1 r2hzrockets:1,7,2700,9,7600,19100,shk:4 e2:2 htk:1
rr.tournament-2a.normal.russia-israel.r1,tournament-2A,normal,1,russia,israel,1,2,complete,win,israel,conquest,14018,9.35,26.0,104200334,2,1000,5,4510,13500,shk:2,29,14480,17,13500,4510,r2ilrifle:14 r2ilat:7 r2merkava:3 dog:1 r2ilhowitzer:1 r2ilobserver:1 r2ilshield:1 r2namer:1
rr.dustbowl.normal.hezbollah-china.r1,dustbowl,normal,1,hezbollah,china,1,2,complete,win,hezbollah,conquest,33950,22.63,53.6,351345735,98,36200,30,52110,20150,r2hzrifle:37 r2hzat:28 r2hzrecoilless:10 r2hzdrone:5 r2hzescort:5 r2hzrockets:5 r2hztechnical:5 dog:1 htk:1 r2hzscout:1,31,17620,17,20150,52110,r2cnrifle:11 r2cnportable:8 r2qilin:5 r2phl:3 r2cloud:2 r2skyspear:1 r2zbd:1
rr.dustbowl.normal.america-yemen.r1,dustbowl,normal,1,america,yemen,1,2,complete,draw,,tick-cap,60001,40.0,86.7,364524533,173,107400,23,80350,89200,e1:55 jumpjet:34 fv:24 mtnk:14 shad:13 sref:9 cleg:8 mgtk:8 orca:4 tany:3 dog:1,172,63800,41,89200,80350,r2yrpg:59 r2ymr:54 r2ytechrr:17 r2technical:11 r2ymlr:8 r2yzu:8 htk:7 r2yspot:4 dog:2 r2wadighost:2
rr.tournament-2a.normal.america-iran.r1,tournament-2A,normal,1,america,iran,1,2,complete,win,america,conquest,25767,17.18,41.3,576560024,69,28000,25,26500,23600,e1:40 mtnk:16 fv:7 jumpjet:2 shad:2 dog:1 orca:1,22,7380,8,23600,26500,r2basij:12 r2toophan:5 r2karrar:3 htk:1 r2raad:1
rr.dustbowl.normal.yemen-hezbollah.r1,dustbowl,normal,1,yemen,hezbollah,1,2,complete,win,hezbollah,conquest,19959,13.31,35.8,887368987,6,1500,5,11300,16350,r2ymr:3 r2yrpg:3,50,15950,16,16350,11300,r2hzrifle:23 r2hzat:13 r2hztechnical:5 r2hzrecoilless:3 r2hzdrone:2 r2hzrockets:2 htk:1 r2hzescort:1
rr.tournament-2a.normal.china-israel.r1,tournament-2A,normal,1,china,israel,1,2,complete,win,israel,conquest,33086,22.06,50.3,990314891,40,21430,14,20450,52220,r2cnrifle:14 r2qilin:12 r2cnportable:5 r2zbd:3 r2lynx:2 r2mantis:2 r2phl:2,56,36780,27,52220,20450,r2ilrifle:24 r2ilat:11 r2merkava:10 r2ilhowitzer:3 r2namer:2 dog:1 r2ilfalcon:1 r2ilgunship:1 r2ilobserver:1 r2ilrecon:1 r2ilshield:1
rr.dustbowl.normal.iran-russia.r1,dustbowl,normal,1,iran,russia,1,2,complete,win,iran,conquest,16028,10.69,31.1,1231436469,47,15940,15,20800,3750,r2basij:26 r2toophan:9 r2karrar:4 r2fajr:3 htk:2 dog:1 r2dronecontrol:1 r2loiter:1,9,4100,8,3750,20800,shk:5 e2:2 htk:1 htnk:1
rr.dustbowl.normal.turkey-saudi.r1,dustbowl,normal,1,turkey,saudi,1,2,complete,win,turkey,conquest,28184,18.79,44.3,1245963332,53,24480,22,28460,10285,r2trrifle:26 r2bozkir:10 r2trat:9 r2yildirim:2 dog:1 r2aras:1 r2deniz:1 r2kuzgun:1 r2sahin:1 r2sancak:1,10,3900,9,10285,28460,r2sang:5 r2saat:3 dog:1 r2m1a2s:1
rr.tournament-2a.normal.hezbollah-china.r1,tournament-2A,normal,1,hezbollah,china,1,2,complete,win,hezbollah,conquest,28707,19.14,45.1,1493724023,87,29225,23,54400,23925,r2hzrifle:32 r2hzat:26 r2hztechnical:15 r2hzdrone:4 r2hzrecoilless:4 r2hzrockets:3 htk:1 r2hzescort:1 r2hzspotter:1,41,18910,20,24375,54850,r2cnrifle:18 r2cnportable:9 r2qilin:8 r2phl:2 r2zbd:2 r2cloud:1 r2mantis:1
rr.dustbowl.normal.yemen-turkey.r1,dustbowl,normal,1,yemen,turkey,1,2,complete,win,yemen,conquest,19430,12.95,36.2,1545288553,46,14850,14,28985,13050,r2ymr:18 r2yrpg:14 r2technical:6 r2ytechrr:5 r2yzu:2 r2ymlr:1,12,5275,10,12450,28385,r2trrifle:5 r2bozkir:2 r2sancak:2 r2trat:2 dog:1
rr.dustbowl.normal.russia-turkey.r1,dustbowl,normal,1,russia,turkey,1,2,complete,win,russia,conquest,21973,14.65,39.5,1689178003,51,22100,18,30000,10000,e2:15 shk:11 flakt:10 htnk:7 htk:4 ttnk:3 dog:1,44,10640,7,10500,30500,r2trrifle:28 r2trat:12 dog:3 r2bozkir:1
rr.tournament-2a.normal.america-saudi.r1,tournament-2A,normal,1,america,saudi,1,2,complete,win,america,conquest,19792,13.19,33.3,1905886927,51,18300,17,40180,19700,e1:33 mtnk:7 fv:5 dog:2 jumpjet:2 orca:1 shad:1,25,15520,13,19700,40180,r2sang:11 r2saat:5 r2m1a2s:4 dog:1 r2ah64sa:1 r2bradley:1 r2caesar:1 r2f15sa:1
rr.dustbowl.normal.saudi-israel.r1,dustbowl,normal,1,saudi,israel,1,2,complete,win,saudi,conquest,42070,28.05,66.1,1944391642,101,63500,32,85110,39200,r2sang:40 r2saat:25 r2m1a2s:17 r2caesar:5 r2ah64sa:3 r2sads:3 dog:2 r2bradley:2 r2f15sa:2 r2falcon:1 r2sajtac:1,42,32500,28,39200,85110,r2ilrifle:15 r2ilat:10 r2merkava:5 r2ilfalcon:3 r2ilhowitzer:3 r2ilgunship:2 dog:1 r2ilrecon:1 r2ilshield:1 r2namer:1
rr.dustbowl.normal.yemen-saudi.r1,dustbowl,normal,1,yemen,saudi,1,2,complete,win,yemen,conquest,28434,18.96,49.9,2085656097,116,30800,27,47680,17250,r2ymr:59 r2yrpg:44 r2technical:4 r2ytechrr:3 dog:2 r2ymlr:2 htk:1 r2yzu:1,19,11620,16,17250,47680,r2saat:6 r2sang:6 r2m1a2s:2 dog:1 r2bradley:1 r2caesar:1 r2f15sa:1 r2sajtac:1
rr.dustbowl.normal.china-israel.r1,dustbowl,normal,1,china,israel,1,2,complete,win,israel,conquest,40253,26.84,61.0,-2054220606,40,20030,29,34280,74920,r2cnrifle:19 r2cnportable:9 r2phl:4 r2qilin:3 r2cloud:1 r2lynx:1 r2mantis:1 r2skyspear:1 r2zbd:1,93,61060,27,74920,34280,r2ilrifle:38 r2ilat:20 r2merkava:16 r2ilhowitzer:5 r2ilshield:4 r2namer:3 r2ilobserver:2 r2ilrecon:2 dog:1 r2ilfalcon:1 r2ilgunship:1
rr.dustbowl.normal.saudi-america.r1,dustbowl,normal,1,saudi,america,1,2,complete,draw,,tick-cap,60001,40.0,84.7,-1708614445,112,83990,31,101050,82410,r2sang:32 r2saat:26 r2m1a2s:25 r2sads:8 r2caesar:6 r2falcon:6 r2bradley:3 dog:2 r2ah64sa:2 r2f15sa:1 r2sajtac:1,145,94200,42,81560,100200,e1:47 fv:19 jumpjet:18 mtnk:18 orca:15 sref:9 cleg:6 shad:6 mgtk:3 tany:3 dog:1
rr.tournament-2a.normal.yemen-turkey.r1,tournament-2A,normal,1,yemen,turkey,1,2,complete,win,yemen,conquest,37279,24.85,54.8,-1688154509,105,39850,30,72780,35450,r2yrpg:34 r2ymr:32 r2ytechrr:16 r2technical:9 r2ymlr:5 htk:4 r2samad:2 r2yzu:2 r2wadighost:1,53,24970,22,35450,72780,r2trrifle:24 r2trat:11 r2bozkir:10 r2yildirim:4 r2kuzgun:2 dog:1 r2sancak:1
rr.dustbowl.normal.israel-america.r1,dustbowl,normal,1,israel,america,1,2,complete,win,israel,conquest,43900,29.27,65.2,-1444598761,107,67240,33,100650,46410,r2ilrifle:47 r2ilat:22 r2merkava:18 r2ilshield:6 r2ilhowitzer:4 dog:3 r2ilgunship:2 r2ilrecon:2 r2namer:2 r2ilfalcon:1,67,41700,35,45360,99600,e1:23 fv:10 jumpjet:9 mtnk:8 cleg:5 orca:4 shad:3 sref:3 dog:1 mgtk:1
rr.tournament-2a.normal.china-iran.r1,tournament-2A,normal,1,china,iran,1,2,complete,win,iran,conquest,37105,24.74,54.0,-1140121478,28,18060,11,34440,40450,r2qilin:9 r2cnrifle:8 r2cnportable:3 r2phl:2 r2zbd:2 r2cloud:1 r2crane:1 r2lynx:1 r2skyspear:1,132,46200,32,40450,34440,r2basij:70 r2toophan:35 r2karrar:10 r2coast:3 r2loiter:3 r2raad:3 dog:2 r2dronecontrol:2 r2fajr:2 htk:1 r2azar:1
rr.dustbowl.normal.america-turkey.r1,dustbowl,normal,1,america,turkey,1,2,complete,draw,,tick-cap,60001,40.0,85.0,-860984775,137,95100,27,81710,71600,jumpjet:32 e1:27 fv:23 mgtk:10 mtnk:10 orca:9 shad:9 cleg:7 sref:5 tany:3 dog:2,69,46150,38,71600,81710,r2trrifle:20 r2trat:13 r2bozkir:12 r2yildirim:5 r2gokkalkan:4 r2sahin:4 dog:3 r2greywolf:3 r2kuzgun:2 r2aras:1 r2sancak:1 r2trdroneop:1
rr.dustbowl.normal.israel-saudi.r1,dustbowl,normal,1,israel,saudi,1,2,complete,win,israel,conquest,37645,25.1,57.3,-793180011,92,58200,28,59840,26870,r2ilrifle:40 r2ilat:18 r2merkava:14 r2ilhowitzer:6 r2ilshield:4 dog:2 r2ilgunship:2 r2ilobserver:2 r2namer:2 r2ilfalcon:1 r2ilrecon:1,28,20480,21,26870,59840,r2sang:9 r2saat:6 r2m1a2s:5 r2ah64sa:2 r2bradley:2 r2caesar:2 dog:1 r2f15sa:1
rr.tournament-2a.normal.russia-yemen.r1,tournament-2A,normal,1,russia,yemen,1,2,complete,win,yemen,conquest,54693,36.46,76.0,-599313357,55,23000,22,71050,65100,e2:20 flakt:12 shk:10 htk:4 htnk:4 ttnk:4 zep:1,185,77350,38,64200,72550,r2yrpg:64 r2ymr:51 r2ytechrr:20 r2technical:17 r2wadighost:8 r2ymlr:8 r2yzu:8 htk:5 dog:2 r2samad:2
rr.dustbowl.normal.hezbollah-israel.r1,dustbowl,normal,1,hezbollah,israel,1,2,complete,win,hezbollah,conquest,41858,27.91,62.1,-219368375,150,53400,35,58690,33850,r2hzrifle:59 r2hzat:39 r2hztechnical:20 r2hzrecoilless:11 r2hzdrone:7 r2hzrockets:5 htk:3 r2hzscout:3 dog:2 r2hzescort:1,33,21830,19,33850,58690,r2ilrifle:14 r2ilat:6 r2merkava:5 r2ilhowitzer:4 dog:1 r2ilfalcon:1 r2ilshield:1 r2namer:1
rr.tournament-2a.normal.hezbollah-israel.r1,tournament-2A,normal,1,hezbollah,israel,1,2,complete,win,hezbollah,conquest,33019,22.01,48.8,-11915775,99,33750,26,55110,19300,r2hzrifle:41 r2hzat:26 r2hztechnical:14 r2hzdrone:5 r2hzrecoilless:4 dog:2 r2hzescort:2 r2hzrockets:2 r2hzscout:2 htk:1,32,19450,18,19300,55110,r2ilrifle:15 r2ilat:7 r2merkava:4 r2ilhowitzer:2 dog:1 r2ilfalcon:1 r2ilgunship:1 r2namer:1
rr.tournament-2a.normal.russia-hezbollah.r1,tournament-2A,normal,1,russia,hezbollah,1,2,complete,win,hezbollah,conquest,28099,18.73,42.5,159502210,29,11500,14,25900,39900,e2:13 shk:7 htnk:3 flakt:2 htk:2 ttnk:2,134,42250,32,39900,25900,r2hzrifle:62 r2hzat:35 r2hztechnical:14 r2hzrecoilless:7 r2hzdrone:6 r2hzrockets:5 htk:3 r2hzspotter:2
rr.tournament-2a.normal.israel-america.r1,tournament-2A,normal,1,israel,america,1,2,complete,win,israel,conquest,17232,11.49,30.5,402249399,17,9510,12,13100,3570,r2ilrifle:8 r2ilat:3 r2merkava:3 dog:1 r2ilhowitzer:1 r2namer:1,4,800,5,3570,13100,e1:4
rr.dustbowl.normal.israel-iran.r1,dustbowl,normal,1,israel,iran,1,2,complete,draw,,tick-cap,60001,40.0,111.7,476627624,70,49330,43,81100,109340,r2ilrifle:29 r2ilat:15 r2merkava:13 r2ilhowitzer:5 r2ilfalcon:3 r2ilgunship:3 dog:1 r2namer:1,292,91640,32,109340,81100,r2basij:171 r2toophan:74 r2karrar:21 r2fajr:6 htk:5 r2coast:5 r2raad:4 dog:2 r2loiter:2 r2mohajer:2
rr.tournament-2a.normal.turkey-china.r1,tournament-2A,normal,1,turkey,china,1,2,complete,win,turkey,conquest,40492,26.99,59.2,586902437,71,33865,27,49400,29350,r2trrifle:33 r2trat:13 r2bozkir:10 r2sancak:4 r2kuzgun:3 r2yildirim:3 r2deniz:2 dog:1 r2aras:1 r2sahin:1,30,15110,17,29350,49400,r2cnrifle:13 r2cnportable:6 r2qilin:5 r2phl:2 r2zbd:2 r2lynx:1 r2skyspear:1
rr.tournament-2a.normal.hezbollah-yemen.r1,tournament-2A,normal,1,hezbollah,yemen,1,2,complete,draw,,tick-cap,60001,40.0,85.8,708518283,98,37050,35,97000,78050,r2hzrifle:30 r2hzat:28 r2hztechnical:21 r2hzrecoilless:11 r2hzrockets:5 r2hzscout:2 htk:1,234,89900,40,75450,94400,r2ymr:84 r2yrpg:67 r2technical:29 r2ytechrr:19 r2ymlr:10 r2wadighost:8 htk:6 r2yspot:4 r2yzu:4 r2samad:3
rr.dustbowl.normal.saudi-turkey.r1,dustbowl,normal,1,saudi,turkey,1,2,complete,win,saudi,conquest,13760,9.17,32.8,1180385666,24,13000,10,16880,6300,r2sang:10 r2saat:6 r2m1a2s:5 dog:1 r2bradley:1 r2caesar:1,7,1620,5,6300,16880,r2trrifle:4 r2trat:2 dog:1
rr.tournament-2a.normal.iran-hezbollah.r1,tournament-2A,normal,1,iran,hezbollah,1,2,complete,win,iran,conquest,24372,16.25,39.8,1505950783,60,19840,18,23700,14140,r2basij:36 r2toophan:11 r2karrar:6 r2fajr:3 dog:1 htk:1 r2mohajer:1 r2raad:1,17,4850,7,14140,23700,r2hzrifle:8 r2hzat:4 r2hztechnical:3 htk:1 r2hzrecoilless:1
rr.tournament-2a.normal.hezbollah-iran.r1,tournament-2A,normal,1,hezbollah,iran,1,2,complete,win,hezbollah,conquest,23387,15.59,39.0,1566611213,53,17550,15,25020,15400,r2hzrifle:21 r2hzat:15 r2hztechnical:7 r2hzrecoilless:5 r2hzrockets:2 htk:1 r2hzdrone:1 r2hzescort:1,19,6050,9,15400,25020,r2basij:10 r2toophan:5 r2karrar:2 dog:1 r2raad:1
rr.dustbowl.normal.saudi-hezbollah.r1,dustbowl,normal,1,saudi,hezbollah,1,2,complete,win,saudi,conquest,50591,33.73,80.7,1594096649,122,83100,32,75200,58100,r2sang:40 r2saat:34 r2m1a2s:18 r2sads:7 r2caesar:6 r2ah64sa:5 dog:3 r2bradley:3 r2f15sa:3 r2falcon:2 r2sajtac:1,80,28350,29,51760,75700,r2hzrifle:27 r2hzat:22 r2hztechnical:13 r2hzrecoilless:7 htk:4 r2hzescort:2 r2hzrockets:2 dog:1 r2hzdrone:1 r2hzscout:1
rr.tournament-2a.normal.israel-iran.r1,tournament-2A,normal,1,israel,iran,1,2,complete,win,iran,conquest,39902,26.6,59.1,1904405324,25,17040,15,15780,50900,r2ilrifle:7 r2ilat:6 r2merkava:6 dog:2 r2ilhowitzer:2 r2ilshield:1 r2namer:1,81,27020,24,52900,17780,r2basij:48 r2toophan:16 r2karrar:8 r2fajr:4 htk:2 r2dronecontrol:1 r2mohajer:1 r2raad:1
rr.tournament-2a.normal.yemen-america.r1,tournament-2A,normal,1,yemen,america,1,2,complete,draw,,tick-cap,60001,40.0,83.2,1955528398,127,46775,37,88500,80800,r2ymr:46 r2yrpg:35 r2technical:16 r2ytechrr:11 htk:7 r2ymlr:5 r2yzu:3 dog:1 r2wadighost:1 r2yspot:1 smcv:1,130,77200,30,83500,91200,e1:52 mtnk:18 fv:13 jumpjet:13 shad:8 orca:7 cleg:6 mgtk:5 sref:5 tany:2 dog:1
rr.tournament-2a.normal.america-turkey.r1,tournament-2A,normal,1,america,turkey,1,2,complete,win,america,conquest,36949,24.63,55.4,-1892752207,93,55500,26,65520,29400,e1:32 mtnk:17 jumpjet:13 fv:12 cleg:6 sref:4 mgtk:3 shad:3 dog:1 orca:1 tany:1,49,23810,21,29400,65520,r2trrifle:22 r2trat:10 r2bozkir:6 r2yildirim:3 r2gokkalkan:2 r2kuzgun:2 dog:1 r2aras:1 r2sahin:1 r2sancak:1
rr.dustbowl.normal.saudi-china.r1,dustbowl,normal,1,saudi,china,1,2,complete,win,saudi,conquest,15634,10.42,32.8,-1796516541,26,13110,14,24270,5520,r2sang:13 r2saat:5 r2m1a2s:4 dog:1 r2bradley:1 r2caesar:1 r2sads:1,8,3330,8,5520,24270,r2cnrifle:4 r2qilin:2 r2cnportable:1 r2zbd:1
rr.tournament-2a.normal.yemen-china.r1,tournament-2A,normal,1,yemen,china,1,2,complete,win,yemen,conquest,34124,22.75,51.9,-1506067540,100,35700,24,63210,33650,r2ymr:35 r2yrpg:28 r2technical:16 r2ytechrr:10 r2ymlr:4 r2yzu:3 htk:2 r2samad:1 r2wadighost:1,42,20320,21,33100,62660,r2cnrifle:16 r2cnportable:9 r2qilin:9 r2zbd:3 r2phl:2 dog:1 r2cloud:1 r2mantis:1
rr.tournament-2a.normal.israel-yemen.r1,tournament-2A,normal,1,israel,yemen,1,2,complete,win,israel,conquest,26229,17.49,42.6,-1469980639,38,23150,21,27800,13030,r2ilrifle:15 r2ilat:8 r2merkava:6 r2ilhowitzer:3 dog:2 r2ilshield:2 r2namer:2,24,7250,8,13030,27800,r2ymr:11 r2yrpg:7 r2ytechrr:3 htk:1 r2technical:1 r2yzu:1
rr.dustbowl.normal.hezbollah-america.r1,dustbowl,normal,1,hezbollah,america,1,2,complete,win,hezbollah,conquest,47162,31.44,81.8,-1338301114,151,58400,33,65700,31450,r2hzrifle:49 r2hzat:48 r2hztechnical:16 r2hzrecoilless:11 r2hzdrone:9 r2hzescort:6 r2hzrockets:6 r2hzscout:3 r2hzspotter:2 htk:1,35,21700,24,31450,65700,e1:11 jumpjet:6 fv:4 mtnk:4 orca:4 shad:3 cleg:1 dog:1 sref:1
rr.tournament-2a.normal.iran-turkey.r1,tournament-2A,normal,1,iran,turkey,1,2,complete,win,turkey,conquest,26546,17.7,43.8,-1041136546,36,13730,12,12180,39850,r2basij:17 r2toophan:10 r2karrar:4 htk:2 r2raad:2 r2fajr:1,59,27585,22,39850,12180,r2trrifle:27 r2trat:11 r2bozkir:9 r2aras:2 r2kuzgun:2 r2sancak:2 r2yildirim:2 dog:1 r2deniz:1 r2sahin:1 r2trdroneop:1
rr.dustbowl.normal.turkey-russia.r1,dustbowl,normal,1,turkey,russia,1,2,complete,win,turkey,conquest,23014,15.34,43.6,-985453604,52,21035,21,23800,12615,r2trrifle:27 r2trat:10 r2bozkir:9 r2sancak:2 dog:1 r2aras:1 r2kuzgun:1 r2yildirim:1,16,6300,8,12615,23800,e2:7 shk:3 flakt:2 htnk:2 htk:1 ttnk:1
rr.dustbowl.normal.israel-china.r1,dustbowl,normal,1,israel,china,1,2,complete,win,israel,conquest,45283,30.19,81.3,-604265919,99,64320,30,81200,39140,r2ilrifle:41 r2ilat:21 r2merkava:17 r2ilshield:6 r2ilhowitzer:5 r2ilgunship:2 r2ilobserver:2 r2namer:2 dog:1 r2ilfalcon:1 r2ilrecon:1,48,26960,28,39140,81200,r2cnrifle:18 r2cnportable:10 r2qilin:10 r2phl:5 r2cloud:2 r2zbd:2 r2skyspear:1
rr.dustbowl.normal.hezbollah-saudi.r1,dustbowl,normal,1,hezbollah,saudi,1,2,complete,win,saudi,conquest,39853,26.57,76.4,-548380396,65,21400,19,32090,60250,r2hzrifle:24 r2hzat:21 r2hztechnical:10 r2hzrecoilless:5 r2hzescort:2 r2hzrockets:2 r2hzdrone:1,88,53550,32,58450,32430,r2sang:35 r2saat:22 r2m1a2s:15 r2caesar:4 r2sads:3 dog:2 r2ah64sa:2 r2bradley:2 r2f15sa:1 r2falcon:1 r2sajtac:1
rr.tournament-2a.normal.yemen-hezbollah.r1,tournament-2A,normal,1,yemen,hezbollah,1,2,complete,win,yemen,conquest,41407,27.6,61.2,-520077627,169,64550,29,47900,49900,r2ymr:62 r2yrpg:46 r2technical:22 r2ytechrr:15 r2ymlr:8 r2wadighost:6 htk:4 dog:2 r2samad:2 r2yzu:2,52,15450,20,49900,47900,r2hzrifle:24 r2hzat:12 r2hztechnical:8 r2hzrecoilless:5 dog:1 r2hzescort:1 r2hzrockets:1
rr.dustbowl.normal.israel-yemen.r1,dustbowl,normal,1,israel,yemen,1,2,complete,draw,,tick-cap,60001,40.0,119.8,94318975,105,90300,44,100950,115240,r2ilrifle:30 r2ilat:27 r2merkava:19 r2ilhowitzer:8 r2ilfalcon:6 r2ilrecon:6 r2ilgunship:5 r2namer:2 dog:1 r2ilshield:1,275,107000,32,114740,100450,r2ymr:101 r2yrpg:85 r2technical:27 r2ytechrr:20 r2ymlr:13 r2wadighost:12 htk:7 r2yzu:7 dog:2 r2samad:1
rr.tournament-2a.normal.hezbollah-turkey.r1,tournament-2A,normal,1,hezbollah,turkey,1,2,complete,win,hezbollah,conquest,13206,8.8,26.9,208221363,33,10200,12,17625,5250,r2hzrifle:15 r2hzat:8 r2hztechnical:6 r2hzdrone:1 r2hzescort:1 r2hzrecoilless:1 r2hzrockets:1,7,2365,5,5250,17625,r2trrifle:3 r2trat:2 dog:1 r2bozkir:1
rr.tournament-2a.normal.russia-turkey.r1,tournament-2A,normal,1,russia,turkey,1,2,complete,win,russia,conquest,56581,37.72,79.5,216547486,90,37500,30,97270,36000,e2:28 flakt:27 shk:16 htk:7 ttnk:5 htnk:4 apoc:2 zep:1,74,38710,33,37400,98670,r2trrifle:32 r2trat:16 r2bozkir:8 r2yildirim:6 r2kuzgun:4 r2aras:3 r2turna:2 dog:1 r2greywolf:1 r2sahin:1
rr.dustbowl.normal.china-iran.r1,dustbowl,normal,1,china,iran,1,2,complete,win,iran,conquest,56656,37.77,110.4,479306062,85,51160,35,58160,109800,r2cnrifle:28 r2cnportable:20 r2qilin:14 r2phl:5 r2cloud:3 r2mantis:3 r2redspear:3 r2zbd:3 r2crane:2 r2lynx:2 r2skyspear:2,198,71490,36,110800,59160,r2basij:106 r2toophan:52 r2karrar:13 r2fajr:9 r2raad:5 dog:3 r2mohajer:3 r2toufan:3 htk:2 r2coast:1 r2loiter:1
rr.tournament-2a.normal.russia-iran.r1,tournament-2A,normal,1,russia,iran,1,2,complete,draw,,tick-cap,60001,40.0,85.3,1014041124,66,28400,23,68570,43300,e2:21 shk:15 flakt:13 htnk:6 htk:5 ttnk:4 dog:1 zep:1,135,46840,37,43300,68570,r2basij:76 r2toophan:28 r2karrar:14 r2fajr:6 htk:5 dog:1 r2coast:1 r2dronecontrol:1 r2loiter:1 r2raad:1 r2toufan:1
rr.dustbowl.normal.israel-turkey.r1,dustbowl,normal,1,israel,turkey,1,2,complete,draw,,tick-cap,60001,40.0,95.9,1290926528,115,89630,41,90005,91190,r2ilrifle:44 r2ilat:25 r2merkava:15 r2ilhowitzer:9 r2ilgunship:8 r2ilfalcon:5 r2ilrecon:5 r2namer:2 dog:1 r2ilshield:1,126,78755,36,91590,90405,r2trrifle:51 r2trat:23 r2bozkir:20 r2yildirim:9 r2greywolf:6 r2turna:5 r2gokkalkan:4 r2sahin:4 r2kuzgun:2 dog:1 r2sancak:1
rr.tournament-2a.normal.russia-china.r1,tournament-2A,normal,1,russia,china,1,2,complete,win,russia,conquest,37467,24.98,57.3,1584180440,77,29150,23,81460,24100,e2:32 flakt:16 shk:14 htk:4 htnk:4 ttnk:3 ivan:2 apoc:1 zep:1,58,28570,29,24100,81460,r2cnrifle:26 r2cnportable:11 r2qilin:11 r2phl:3 r2cloud:2 r2crane:2 r2lynx:1 r2skyspear:1 r2zbd:1
rr.tournament-2a.normal.yemen-iran.r1,tournament-2A,normal,1,yemen,iran,1,2,complete,win,iran,conquest,35463,23.64,54.6,1864498339,41,13800,14,33520,40750,r2ymr:14 r2yrpg:11 r2technical:6 r2ytechrr:5 htk:2 dog:1 r2ymlr:1 r2yzu:1,91,32500,23,40750,33520,r2basij:50 r2toophan:22 r2karrar:7 r2fajr:5 r2mohajer:2 dog:1 htk:1 r2coast:1 r2dronecontrol:1 r2raad:1
rr.dustbowl.normal.china-saudi.r1,dustbowl,normal,1,china,saudi,1,2,complete,win,china,conquest,54525,36.35,103.3,-2137293337,178,90290,26,98360,69570,r2cnrifle:77 r2qilin:33 r2cnportable:28 r2lynx:7 r2phl:7 r2zbd:7 r2cloud:6 r2mantis:4 r2redspear:4 r2crane:2 dog:1 r2cnnetwork:1 r2skyspear:1,85,50600,33,69570,98360,r2sang:30 r2saat:27 r2m1a2s:15 r2caesar:7 r2sads:4 dog:1 r2bradley:1
rr.tournament-2a.normal.china-america.r1,tournament-2A,normal,1,china,america,1,2,complete,win,china,conquest,17154,11.44,31.6,-2044596552,36,15020,16,30170,6520,r2cnrifle:21 r2cnportable:4 r2qilin:4 r2mantis:2 r2cloud:1 r2crane:1 r2lynx:1 r2phl:1 r2zbd:1,15,5300,11,6350,30000,e1:10 mtnk:3 fv:2
rr.dustbowl.normal.iran-hezbollah.r1,dustbowl,normal,1,iran,hezbollah,1,2,complete,win,hezbollah,conquest,58259,38.84,123.4,-1882750883,232,72690,41,91550,140910,r2basij:146 r2toophan:47 r2karrar:10 r2coast:7 r2dronecontrol:6 r2fajr:4 htk:3 r2raad:3 r2loiter:2 r2mohajer:2 r2azar:1 r2toufan:1,296,110650,42,138310,92200,r2hzrifle:120 r2hzat:79 r2hztechnical:32 r2hzrecoilless:17 r2hzdrone:16 r2hzrockets:11 r2hzscout:10 htk:4 r2hzescort:3 dog:2 r2hzspotter:2
rr.tournament-2a.normal.america-yemen.r1,tournament-2A,normal,1,america,yemen,1,2,complete,win,america,conquest,56913,37.94,80.9,-1724325804,109,72000,28,65250,34900,e1:31 jumpjet:20 fv:14 mtnk:13 cleg:9 mgtk:8 sref:7 shad:4 dog:1 orca:1 tany:1,83,30350,19,34900,65250,r2yrpg:25 r2ymr:23 r2technical:14 r2ytechrr:11 htk:4 r2ymlr:3 r2yzu:3
rr.dustbowl.normal.turkey-china.r1,dustbowl,normal,1,turkey,china,1,2,complete,win,china,conquest,27810,18.54,59.1,-1104310749,28,11565,16,16190,46475,r2trrifle:13 r2trat:7 r2sancak:3 r2bozkir:2 dog:1 r2kuzgun:1 r2yildirim:1,67,30180,24,46475,16190,r2cnrifle:34 r2qilin:10 r2cnportable:9 r2mantis:4 r2zbd:3 r2lynx:2 r2phl:2 r2cloud:1 r2cnnetwork:1 r2skyspear:1
rr.dustbowl.normal.america-iran.r1,dustbowl,normal,1,america,iran,1,2,complete,win,iran,conquest,30264,20.18,57.0,-915123971,41,19500,19,22580,56700,e1:21 fv:6 mtnk:6 jumpjet:2 orca:2 cleg:1 dog:1 shad:1 sref:1,130,39700,28,56700,22580,r2basij:80 r2toophan:29 r2karrar:5 r2fajr:3 r2raad:3 dog:2 htk:2 r2coast:2 r2mohajer:2 r2dronecontrol:1 r2toufan:1
rr.dustbowl.normal.hezbollah-yemen.r1,dustbowl,normal,1,hezbollah,yemen,1,2,complete,draw,,tick-cap,60001,40.0,89.1,-645483541,308,122425,50,129100,113375,r2hzrifle:115 r2hzat:90 r2hztechnical:28 r2hzrecoilless:22 r2hzdrone:14 r2hzscout:14 r2hzrockets:13 htk:4 r2hzescort:3 r2hzspotter:3 dog:2,216,93200,51,113375,129100,r2ymr:67 r2yrpg:64 r2technical:29 r2ytechrr:22 r2wadighost:13 r2ymlr:11 r2yzu:7 htk:3
rr.tournament-2a.normal.saudi-china.r1,tournament-2A,normal,1,saudi,china,1,2,complete,win,china,conquest,13128,8.75,25.0,-512924327,4,2020,5,5100,17780,dog:1 r2m1a2s:1 r2saat:1 r2sang:1,25,12140,13,17780,5100,r2cnrifle:12 r2qilin:5 r2cnportable:4 r2mantis:1 r2phl:1 r2skyspear:1 r2zbd:1
rr.dustbowl.normal.turkey-hezbollah.r1,dustbowl,normal,1,turkey,hezbollah,1,2,complete,draw,,tick-cap,60001,40.0,83.1,-346359886,117,67115,50,82350,88170,r2trrifle:43 r2trat:26 r2bozkir:22 r2yildirim:9 r2kuzgun:6 r2greywolf:4 r2sancak:2 dog:1 r2aras:1 r2deniz:1 r2gokkalkan:1 r2sahin:1,179,70850,47,88170,82350,r2hzrifle:61 r2hzat:50 r2hztechnical:25 r2hzrecoilless:15 r2hzrockets:8 r2hzscout:7 r2hzescort:5 r2hzdrone:4 dog:2 htk:2
rr.tournament-2a.normal.saudi-turkey.r1,tournament-2A,normal,1,saudi,turkey,1,2,complete,win,saudi,conquest,38079,25.39,55.9,-261397931,90,53940,27,61125,34770,r2sang:37 r2saat:22 r2m1a2s:17 r2bradley:3 r2sads:3 dog:2 r2ah64sa:2 r2caesar:2 r2f15sa:1 r2falcon:1,61,21365,20,34770,61125,r2trrifle:33 r2trat:15 r2bozkir:7 dog:2 r2sancak:2 r2aras:1 r2yildirim:1
rr.tournament-2a.normal.saudi-yemen.r1,tournament-2A,normal,1,saudi,yemen,1,2,complete,win,yemen,conquest,35320,23.55,52.1,244401478,34,19210,22,39500,63870,r2sang:13 r2saat:11 r2m1a2s:5 r2bradley:2 dog:1 r2caesar:1 r2f15sa:1,184,60000,32,63870,39500,r2ymr:77 r2yrpg:52 r2technical:21 r2ytechrr:15 r2ymlr:5 r2yzu:5 dog:3 htk:3 r2wadighost:2 r2samad:1
rr.dustbowl.normal.russia-china.r1,dustbowl,normal,1,russia,china,1,2,complete,draw,,tick-cap,60001,40.0,82.7,296955020,88,35300,25,77310,30050,e2:40 flakt:23 shk:13 ttnk:3 apoc:2 htk:2 htnk:2 smcv:2 zep:1,65,39720,26,30050,77310,r2cnrifle:21 r2qilin:17 r2cnportable:8 r2phl:4 r2zbd:4 r2cloud:3 r2mantis:3 r2lynx:2 r2skyspear:2 r2crane:1
rr.tournament-2a.normal.saudi-hezbollah.r1,tournament-2A,normal,1,saudi,hezbollah,1,2,complete,win,saudi,conquest,35351,23.57,51.8,485511001,89,53680,28,43200,28360,r2sang:39 r2saat:18 r2m1a2s:15 r2caesar:5 r2sads:3 dog:2 r2ah64sa:2 r2bradley:2 r2f15sa:1 r2falcon:1 r2sajtac:1,49,15000,15,27310,42150,r2hzrifle:21 r2hzat:14 r2hztechnical:7 r2hzrecoilless:5 htk:1 r2hzrockets:1
rr.dustbowl.normal.russia-iran.r1,dustbowl,normal,1,russia,iran,1,2,complete,win,iran,conquest,39930,26.62,59.0,766360409,34,18800,17,40820,49200,shk:15 htk:6 htnk:5 flakt:4 e2:2 ttnk:2,193,62500,27,49100,40720,r2basij:110 r2toophan:47 r2karrar:14 r2dronecontrol:5 r2raad:4 r2coast:3 r2fajr:3 r2loiter:3 htk:2 r2mohajer:2
rr.dustbowl.normal.iran-saudi.r1,dustbowl,normal,1,iran,saudi,1,2,complete,win,iran,conquest,49868,33.25,71.5,1005313888,295,87550,31,112020,64830,r2basij:180 r2toophan:69 r2karrar:16 r2dronecontrol:6 dog:4 htk:4 r2coast:4 r2fajr:4 r2raad:4 r2mohajer:2 r2azar:1 r2toufan:1,64,50460,39,59780,114920,r2sang:18 r2saat:16 r2m1a2s:13 r2caesar:5 r2ah64sa:4 r2bradley:2 r2f15sa:2 r2falcon:2 dog:1 r2sads:1
rr.tournament-2a.normal.yemen-israel.r1,tournament-2A,normal,1,yemen,israel,1,2,complete,draw,,tick-cap,60001,40.0,82.2,1125704594,83,30950,29,61680,50400,r2yrpg:27 r2ymr:24 r2technical:15 r2ytechrr:9 r2ymlr:4 r2yzu:2 htk:1 r2wadighost:1,54,45440,33,51800,63080,r2ilrifle:17 r2ilat:13 r2merkava:9 r2ilfalcon:4 r2ilhowitzer:4 r2ilgunship:3 r2ilrecon:2 dog:1 r2namer:1
rr.tournament-2a.normal.iran-saudi.r1,tournament-2A,normal,1,iran,saudi,1,2,complete,win,saudi,conquest,40656,27.1,58.0,1357465178,44,13980,14,25410,43900,r2basij:27 r2toophan:9 r2karrar:5 r2fajr:1 r2mohajer:1 r2raad:1,61,44070,28,43900,25410,r2sang:21 r2saat:13 r2m1a2s:12 r2ah64sa:3 r2caesar:3 r2bradley:2 r2f15sa:2 r2sads:2 dog:1 r2falcon:1 r2sajtac:1
rr.tournament-2a.normal.iran-yemen.r1,tournament-2A,normal,1,iran,yemen,1,2,complete,win,yemen,conquest,21373,14.25,33.9,1717895641,11,3600,6,9150,18520,r2basij:5 r2toophan:4 htk:1 r2karrar:1,46,14700,16,18520,9150,r2ymr:17 r2yrpg:15 r2technical:7 r2ytechrr:4 htk:2 r2ymlr:1
rr.tournament-2a.normal.turkey-israel.r1,tournament-2A,normal,1,turkey,israel,1,2,complete,win,turkey,conquest,28943,19.3,44.4,1936939540,41,18155,18,31740,16545,r2trrifle:21 r2trat:7 r2bozkir:6 r2aras:2 r2yildirim:2 dog:1 r2kuzgun:1 r2sahin:1,13,8430,9,16545,31740,r2ilrifle:4 r2ilat:3 r2merkava:3 r2namer:2 dog:1
rr.dustbowl.normal.russia-yemen.r1,dustbowl,normal,1,russia,yemen,1,2,complete,win,russia,conquest,17476,11.65,32.0,1947880484,36,14200,14,17800,5900,e2:13 shk:9 flakt:6 htk:3 htnk:3 ttnk:2,11,3500,7,5900,17800,r2yrpg:5 r2ymr:4 r2ytechrr:1 r2yzu:1
rr.tournament-2a.normal.china-saudi.r1,tournament-2A,normal,1,china,saudi,1,2,complete,win,saudi,conquest,30940,20.63,46.6,2060132446,32,15020,15,14820,44710,r2cnrifle:16 r2cnportable:6 r2qilin:4 r2phl:2 r2cloud:1 r2cnnetwork:1 r2skyspear:1 r2zbd:1,45,24550,21,43710,13820,r2sang:20 r2saat:10 r2m1a2s:9 r2bradley:2 r2sads:2 dog:1 r2caesar:1
rr.tournament-2a.normal.turkey-america.r1,tournament-2A,normal,1,turkey,america,1,2,complete,draw,,tick-cap,60001,40.0,81.3,-2026179320,69,38605,34,72050,110115,r2trrifle:31 r2bozkir:13 r2trat:9 r2yildirim:4 r2gokkalkan:3 r2kuzgun:3 r2greywolf:2 dog:1 r2aras:1 r2sahin:1 r2turna:1,124,71300,31,107165,69100,e1:53 fv:16 mtnk:15 jumpjet:9 mgtk:7 orca:7 cleg:6 shad:6 sref:3 dog:1 tany:1
rr.dustbowl.normal.china-turkey.r1,dustbowl,normal,1,china,turkey,1,2,complete,win,turkey,conquest,37366,24.91,56.1,-1913288660,42,23390,21,25215,64180,r2cnrifle:17 r2cnportable:8 r2qilin:7 r2phl:3 r2cloud:2 r2zbd:2 r2lynx:1 r2redspear:1 r2skyspear:1,112,50905,31,64180,25215,r2trrifle:51 r2trat:25 r2bozkir:15 r2aras:5 r2yildirim:4 r2gokkalkan:3 r2kuzgun:2 r2sancak:2 r2trdroneop:2 dog:1 r2greywolf:1 r2sahin:1
rr.dustbowl.normal.turkey-israel.r1,dustbowl,normal,1,turkey,israel,1,2,complete,win,turkey,conquest,37502,25.0,56.9,-1768777144,106,49585,30,61530,29550,r2trrifle:47 r2trat:26 r2bozkir:17 r2yildirim:4 dog:2 r2gokkalkan:2 r2sancak:2 r2aras:1 r2deniz:1 r2greywolf:1 r2kuzgun:1 r2sahin:1 r2turna:1,30,21320,22,29550,61530,r2ilrifle:11 r2ilat:7 r2merkava:4 r2ilgunship:2 r2ilhowitzer:2 dog:1 r2ilfalcon:1 r2ilshield:1 r2namer:1
rr.tournament-2a.normal.israel-hezbollah.r1,tournament-2A,normal,1,israel,hezbollah,1,2,complete,win,israel,conquest,48180,32.12,67.6,-1353015331,80,54440,33,58900,45760,r2ilrifle:32 r2merkava:18 r2ilat:16 r2ilshield:3 r2namer:3 dog:2 r2ilhowitzer:2 r2ilrecon:2 r2ilfalcon:1 r2ilgunship:1,81,27100,17,41310,57850,r2hzrifle:32 r2hzat:28 r2hzrecoilless:9 dog:3 r2hzdrone:2 r2hzescort:2 r2hzrockets:2 htk:1 r2hzscout:1 r2hztechnical:1
rr.tournament-2a.normal.iran-america.r1,tournament-2A,normal,1,iran,america,1,2,complete,win,iran,conquest,25893,17.26,39.7,-1213822609,85,25760,21,42700,16850,r2basij:54 r2toophan:12 r2karrar:6 htk:4 r2fajr:4 dog:1 r2dronecontrol:1 r2loiter:1 r2mohajer:1 r2raad:1,27,10500,15,16850,42700,e1:17 mtnk:7 fv:2 shad:1
rr.tournament-2a.normal.china-russia.r1,tournament-2A,normal,1,china,russia,1,2,complete,win,china,conquest,21077,14.05,33.8,-1200815948,57,25930,25,19300,10460,r2cnrifle:29 r2cnportable:8 r2qilin:7 r2mantis:3 r2zbd:3 r2cloud:2 r2phl:2 dog:1 r2lynx:1 r2skyspear:1,9,3300,7,10460,19300,e2:4 shk:3 htk:1 htnk:1
rr.dustbowl.normal.iran-israel.r1,dustbowl,normal,1,iran,israel,1,2,complete,draw,,tick-cap,60001,40.0,86.5,-860882710,119,45340,33,50020,93310,r2basij:61 r2toophan:30 r2karrar:12 r2fajr:4 r2loiter:4 r2coast:3 htk:2 r2raad:2 r2toufan:1,88,64270,33,92110,51140,r2ilrifle:31 r2ilat:20 r2merkava:17 r2ilhowitzer:7 r2ilrecon:3 r2ilshield:3 dog:2 r2ilfalcon:2 r2namer:2 r2ilgunship:1
rr.tournament-2a.normal.hezbollah-america.r1,tournament-2A,normal,1,hezbollah,america,1,2,complete,win,america,conquest,17042,11.36,29.4,-816573021,23,6450,10,8200,26350,r2hzrifle:11 r2hzat:6 r2hztechnical:4 r2hzrecoilless:2,44,17800,17,26350,8200,e1:25 mtnk:8 fv:6 jumpjet:2 dog:1 orca:1 shad:1
rr.dustbowl.normal.saudi-iran.r1,dustbowl,normal,1,saudi,iran,1,2,complete,win,iran,conquest,26476,17.65,43.1,-675495076,19,10180,13,15690,40940,r2sang:9 r2m1a2s:4 r2saat:3 dog:1 r2bradley:1 r2caesar:1,85,29720,24,40940,15690,r2basij:48 r2toophan:17 r2karrar:10 r2fajr:4 r2dronecontrol:2 htk:1 r2loiter:1 r2mohajer:1 r2raad:1
rr.dustbowl.normal.america-hezbollah.r1,dustbowl,normal,1,america,hezbollah,1,2,complete,draw,,tick-cap,60001,40.0,98.8,-519607979,151,101400,34,79900,79100,e1:43 jumpjet:29 fv:15 mtnk:14 mgtk:12 orca:11 shad:10 cleg:8 sref:6 tany:2 dog:1,206,86200,45,79100,79900,r2hzrifle:73 r2hzat:64 r2hzrecoilless:17 r2hzdrone:12 r2hzescort:10 r2hzscout:10 r2hzrockets:9 htk:5 r2hztechnical:4 dog:2
rr.dustbowl.normal.russia-saudi.r1,dustbowl,normal,1,russia,saudi,1,2,complete,draw,,tick-cap,60001,40.0,95.9,-243187953,278,98200,28,110470,68300,e2:132 flakt:63 shk:37 ttnk:13 htk:11 htnk:11 apoc:4 zep:3 ivan:2 yuri:2,89,70810,42,68300,110470,r2sang:28 r2saat:21 r2m1a2s:15 r2caesar:6 r2ah64sa:5 r2f15sa:4 r2falcon:4 r2sads:4 dog:1 r2bradley:1
rr.dustbowl.normal.iran-america.r1,dustbowl,normal,1,iran,america,1,2,complete,win,america,conquest,30642,20.43,50.6,6698895,60,21730,20,21300,57600,r2basij:32 r2toophan:16 r2karrar:6 r2raad:3 r2fajr:2 r2mohajer:1,76,43300,24,57800,21500,e1:30 mtnk:14 fv:11 jumpjet:7 cleg:5 sref:3 orca:2 shad:2 dog:1 mgtk:1
rr.dustbowl.normal.china-america.r1,dustbowl,normal,1,china,america,1,2,complete,draw,,tick-cap,60001,40.0,89.8,469152510,92,58290,47,68000,103780,r2cnrifle:32 r2cnportable:18 r2qilin:14 r2mantis:8 r2phl:6 r2cloud:4 r2redspear:4 r2skyspear:3 r2zbd:3,160,105100,29,103680,67900,e1:48 jumpjet:30 fv:20 mtnk:15 sref:12 cleg:10 shad:10 orca:7 mgtk:6 dog:1 tany:1
rr.dustbowl.normal.saudi-yemen.r1,dustbowl,normal,1,saudi,yemen,1,2,complete,win,yemen,conquest,54333,36.22,80.5,511745309,86,67260,40,66500,138420,r2sang:28 r2saat:19 r2m1a2s:16 r2ah64sa:5 r2falcon:5 r2caesar:4 r2f15sa:3 r2sads:3 dog:2 r2bradley:1,239,87500,32,139620,67700,r2ymr:81 r2yrpg:77 r2technical:28 r2ytechrr:20 r2yzu:8 r2ymlr:7 htk:6 r2wadighost:6 dog:4 r2samad:2
rr.tournament-2a.normal.russia-saudi.r1,tournament-2A,normal,1,russia,saudi,1,2,complete,win,russia,conquest,42802,28.53,61.9,717540952,46,22950,20,81130,18600,shk:14 flakt:13 e2:7 htk:5 htnk:3 ttnk:2 apoc:1 zep:1,46,31670,25,18600,81130,r2sang:16 r2saat:11 r2m1a2s:10 r2caesar:3 dog:1 r2ah64sa:1 r2bradley:1 r2f15sa:1 r2falcon:1 r2sads:1
rr.tournament-2a.normal.yemen-russia.r1,tournament-2A,normal,1,yemen,russia,1,2,complete,win,yemen,conquest,50622,33.75,70.1,1317196919,247,93050,34,76100,77850,r2ymr:91 r2yrpg:83 r2ytechrr:22 r2technical:13 r2ymlr:10 r2wadighost:8 htk:7 r2samad:5 r2yzu:4 dog:2 r2yspot:2,70,33500,27,75450,81000,flakt:23 shk:15 e2:13 ttnk:8 htk:7 htnk:3 zep:1
rr.tournament-2a.normal.turkey-iran.r1,tournament-2A,normal,1,turkey,iran,1,2,complete,win,iran,conquest,32679,21.79,48.4,1336085335,26,13800,15,20790,46210,r2trrifle:10 r2trat:6 r2bozkir:4 r2yildirim:2 dog:1 r2kuzgun:1 r2sahin:1 r2sancak:1,107,38360,29,47060,21640,r2basij:59 r2toophan:25 r2karrar:10 r2fajr:4 r2dronecontrol:3 r2raad:3 htk:1 r2coast:1 r2toufan:1
rr.tournament-2a.normal.turkey-yemen.r1,tournament-2A,normal,1,turkey,yemen,1,2,complete,win,yemen,conquest,25202,16.8,38.8,1364466799,15,6635,11,13350,31345,r2trrifle:7 r2bozkir:3 r2trat:2 dog:1 r2aras:1 r2yildirim:1,54,17350,18,31345,13350,r2ymr:22 r2yrpg:15 r2technical:8 r2ytechrr:4 htk:2 r2ymlr:2 r2yzu:1
rr.dustbowl.normal.hezbollah-iran.r1,dustbowl,normal,1,hezbollah,iran,1,2,complete,win,hezbollah,conquest,34613,23.08,52.5,1755246769,108,38250,27,45670,26050,r2hzrifle:43 r2hzat:28 r2hztechnical:15 r2hzrecoilless:8 r2hzdrone:7 htk:2 r2hzrockets:2 r2hzscout:2 r2hzescort:1,49,16300,17,25350,45770,r2basij:30 r2toophan:8 r2karrar:5 r2fajr:2 r2raad:2 dog:1 r2mohajer:1
rr.tournament-2a.normal.china-turkey.r1,tournament-2A,normal,1,china,turkey,1,2,complete,win,turkey,conquest,31606,21.07,47.9,1820101824,19,8660,10,17240,34450,r2cnrifle:8 r2cnportable:5 r2qilin:3 r2zbd:2 r2phl:1,59,29530,28,34450,17240,r2trrifle:26 r2trat:11 r2bozkir:10 r2aras:2 r2deniz:2 r2sancak:2 r2yildirim:2 dog:1 r2greywolf:1 r2kuzgun:1 r2sahin:1
rr.dustbowl.normal.turkey-yemen.r1,dustbowl,normal,1,turkey,yemen,1,2,complete,win,yemen,conquest,27050,18.03,43.5,2020114804,19,9685,14,19350,42095,r2trrifle:7 r2bozkir:5 r2trat:3 dog:1 r2aras:1 r2sancak:1 r2yildirim:1,86,30050,22,42095,19350,r2ymr:31 r2yrpg:24 r2technical:12 r2ytechrr:8 r2ymlr:5 r2yzu:4 dog:1 r2samad:1
rr.tournament-2a.normal.israel-china.r1,tournament-2A,normal,1,israel,china,1,2,complete,win,china,conquest,19483,12.99,32.5,-2014775659,7,4450,7,8900,23290,dog:3 r2namer:2 r2ilat:1 r2merkava:1,33,15240,17,23290,8900,r2cnrifle:17 r2cnportable:5 r2qilin:5 r2cloud:1 r2crane:1 r2lynx:1 r2phl:1 r2skyspear:1 r2zbd:1
rr.tournament-2a.normal.israel-russia.r1,tournament-2A,normal,1,israel,russia,1,2,complete,win,russia,conquest,44820,29.88,63.0,-1996888560,32,24500,25,29750,69210,r2ilrifle:10 r2ilat:8 r2merkava:5 r2ilhowitzer:4 dog:1 r2ilfalcon:1 r2ilgunship:1 r2ilrecon:1 r2namer:1,116,43700,26,69210,29750,e2:48 shk:26 flakt:20 htk:7 htnk:5 ttnk:5 apoc:2 dog:2 zep:1
rr.dustbowl.normal.hezbollah-turkey.r1,dustbowl,normal,1,hezbollah,turkey,1,2,complete,win,turkey,conquest,44759,29.84,64.6,-1840118134,85,29350,26,47970,76850,r2hzrifle:35 r2hzat:22 r2hztechnical:14 r2hzrecoilless:6 htk:3 r2hzrockets:3 r2hzscout:2,156,71085,29,75050,50185,r2trrifle:77 r2trat:29 r2bozkir:23 r2yildirim:7 r2aras:4 r2sancak:4 r2kuzgun:3 dog:2 r2greywolf:2 r2trdroneop:2 r2gokkalkan:1 r2sahin:1 r2turna:1
rr.tournament-2a.normal.china-yemen.r1,tournament-2A,normal,1,china,yemen,1,2,complete,win,yemen,conquest,26497,17.66,41.3,-1688099526,23,11120,15,18950,42060,r2cnrifle:11 r2cnportable:4 r2qilin:4 r2phl:2 r2cloud:1 r2zbd:1,77,26000,21,42060,18950,r2ymr:28 r2yrpg:23 r2technical:12 r2ytechrr:7 r2ymlr:3 r2yzu:2 htk:1 r2samad:1
rr.tournament-2a.normal.saudi-russia.r1,tournament-2A,normal,1,saudi,russia,1,2,complete,win,russia,conquest,34601,23.07,51.8,-1362994879,30,21090,21,21300,64150,r2saat:10 r2sang:7 r2m1a2s:3 dog:2 r2ah64sa:2 r2bradley:2 r2caesar:2 r2f15sa:1 r2sads:1,70,31750,22,64150,21300,e2:24 shk:18 flakt:10 htk:5 htnk:5 ttnk:5 apoc:1 ivan:1 zep:1
rr.tournament-2a.normal.hezbollah-saudi.r1,tournament-2A,normal,1,hezbollah,saudi,1,2,complete,win,saudi,conquest,52135,34.76,72.7,-1274971696,85,28250,26,63590,72900,r2hzrifle:36 r2hzat:20 r2hztechnical:12 r2hzrecoilless:9 r2hzrockets:4 r2hzdrone:2 htk:1 r2hzescort:1,118,77230,37,71950,62640,r2sang:39 r2saat:32 r2m1a2s:21 r2caesar:6 r2sads:5 r2bradley:4 dog:3 r2ah64sa:2 r2f15sa:2 r2falcon:2 r2sajtac:2
rr.dustbowl.normal.iran-china.r1,dustbowl,normal,1,iran,china,1,2,complete,win,china,conquest,45652,30.43,66.5,-1192979989,71,25600,26,46010,73870,r2basij:35 r2toophan:24 r2karrar:4 r2raad:3 htk:2 r2coast:1 r2fajr:1 r2toufan:1,144,70120,28,73170,46010,r2cnrifle:66 r2cnportable:24 r2qilin:22 r2phl:7 r2mantis:5 r2cloud:4 r2lynx:4 r2zbd:4 dog:2 r2crane:2 r2redspear:2 r2cnnetwork:1 r2skyspear:1
rr.dustbowl.normal.russia-hezbollah.r1,dustbowl,normal,1,russia,hezbollah,1,2,complete,win,russia,conquest,47205,31.47,74.1,-847203988,261,71800,27,52800,39800,e2:119 flakt:69 shk:57 dog:4 htnk:4 htk:3 ttnk:3 ivan:2,59,18000,22,39800,52800,r2hzrifle:26 r2hzat:15 r2hztechnical:10 r2hzrecoilless:5 r2hzescort:2 r2hzrockets:1
rr.tournament-2a.normal.turkey-saudi.r1,tournament-2A,normal,1,turkey,saudi,1,2,complete,win,saudi,conquest,11386,7.59,22.7,-547117140,3,755,4,4420,13215,dog:1 r2trat:1 r2trrifle:1,19,9860,10,13215,4420,r2sang:8 r2saat:5 r2m1a2s:3 dog:1 r2bradley:1 r2caesar:1
rr.dustbowl.normal.israel-hezbollah.r1,dustbowl,normal,1,israel,hezbollah,1,2,complete,win,hezbollah,conquest,52082,34.72,80.1,-528335855,44,25060,35,44950,80820,r2ilrifle:18 r2ilat:13 r2merkava:7 r2ilhowitzer:2 r2namer:2 dog:1 r2ilshield:1,200,70500,33,80820,44950,r2hzrifle:85 r2hzat:53 r2hztechnical:24 r2hzrecoilless:14 r2hzdrone:8 r2hzscout:6 r2hzrockets:5 htk:3 dog:2
rr.dustbowl.normal.yemen-china.r1,dustbowl,normal,1,yemen,china,1,2,complete,win,yemen,conquest,46158,30.77,71.9,-318702652,139,49450,30,79660,35300,r2ymr:53 r2yrpg:47 r2technical:14 r2ytechrr:9 r2ymlr:5 r2wadighost:4 r2yzu:3 dog:2 htk:1 r2samad:1,43,25870,28,37300,81660,r2cnrifle:16 r2cnportable:9 r2qilin:5 r2cloud:4 r2phl:4 r2skyspear:2 r2zbd:2 r2mantis:1
rr.dustbowl.normal.america-israel.r1,dustbowl,normal,1,america,israel,1,2,complete,win,america,conquest,39173,26.12,59.8,-102655847,86,53500,25,55170,26300,e1:35 mgtk:10 fv:9 mtnk:8 cleg:7 jumpjet:6 sref:5 shad:2 tany:2 dog:1 orca:1,34,24710,16,26300,55170,r2ilat:11 r2ilrifle:8 r2ilhowitzer:4 r2merkava:4 dog:3 r2ilfalcon:1 r2ilgunship:1 r2ilrecon:1 r2namer:1
rr.dustbowl.normal.america-saudi.r1,dustbowl,normal,1,america,saudi,1,2,complete,win,america,conquest,17941,11.96,34.4,276288070,41,18100,17,36280,3900,e1:20 mtnk:9 fv:5 jumpjet:4 dog:1 orca:1 shad:1,18,7420,14,3900,36280,r2saat:8 r2sang:6 dog:2 r2m1a2s:1 r2sajtac:1
rr.dustbowl.normal.turkey-america.r1,dustbowl,normal,1,turkey,america,1,2,complete,win,turkey,conquest,50552,33.7,72.6,401352092,145,73225,26,76555,55635,r2trrifle:65 r2bozkir:26 r2trat:26 r2sancak:5 r2yildirim:5 r2greywolf:4 r2aras:3 r2gokkalkan:3 r2kuzgun:3 dog:2 r2deniz:2 r2sahin:1,47,26900,25,56480,77400,e1:20 mtnk:9 fv:5 tany:3 cleg:2 orca:2 sref:2 dog:1 jumpjet:1 mgtk:1 shad:1
rr.dustbowl.normal.turkey-iran.r1,dustbowl,normal,1,turkey,iran,1,2,complete,win,turkey,conquest,34003,22.67,52.9,496784693,114,50830,30,46750,33115,r2trrifle:56 r2trat:19 r2bozkir:17 r2aras:4 r2sancak:4 dog:3 r2kuzgun:3 r2yildirim:3 r2deniz:1 r2gokkalkan:1 r2greywolf:1 r2sahin:1 r2trdroneop:1,50,13080,17,32300,47700,r2basij:32 r2toophan:13 r2karrar:3 htk:1 r2fajr:1
rr.tournament-2a.normal.saudi-iran.r1,tournament-2A,normal,1,saudi,iran,1,2,complete,win,saudi,conquest,56260,37.51,78.3,617916117,100,60600,34,67180,49380,r2sang:40 r2saat:24 r2m1a2s:18 r2caesar:5 r2sads:5 dog:2 r2bradley:2 r2ah64sa:1 r2f15sa:1 r2falcon:1 r2sajtac:1,62,23360,24,48330,66130,r2basij:34 r2toophan:12 r2karrar:10 r2fajr:3 r2raad:2 htk:1
rr.dustbowl.normal.russia-israel.r1,dustbowl,normal,1,russia,israel,1,2,complete,win,russia,conquest,49886,33.26,71.7,1023324429,219,82900,28,121130,57300,e2:91 flakt:51 shk:36 htk:11 ttnk:11 htnk:8 apoc:4 zep:3 dog:2 ivan:2,65,56320,39,57300,121130,r2ilrifle:16 r2ilat:15 r2merkava:15 r2ilhowitzer:5 r2ilfalcon:3 r2ilrecon:3 r2ilshield:3 dog:2 r2ilgunship:2 r2namer:1
rr.tournament-2a.normal.iran-russia.r1,tournament-2A,normal,1,iran,russia,1,2,complete,win,iran,conquest,24386,16.26,38.6,1126350533,66,23140,19,24600,18120,r2basij:36 r2toophan:16 r2karrar:6 r2fajr:3 r2raad:3 dog:1 htk:1,16,7300,8,18120,24600,e2:5 shk:5 htk:2 htnk:2 flakt:1 ttnk:1
rr.tournament-2a.normal.america-israel.r1,tournament-2A,normal,1,america,israel,1,2,complete,win,israel,conquest,47479,31.65,66.6,1401058334,159,36300,17,50940,74300,e1:146 mtnk:5 dog:4 fv:3 shad:1,97,60690,41,75350,51990,r2ilrifle:42 r2ilat:20 r2merkava:16 r2ilhowitzer:5 r2ilshield:4 dog:3 r2ilrecon:2 r2namer:2 r2ilfalcon:1 r2ilgunship:1 r2ilobserver:1
rr.dustbowl.normal.yemen-iran.r1,dustbowl,normal,1,yemen,iran,1,2,complete,draw,,tick-cap,60001,40.0,86.7,1513675560,286,107150,35,132620,103600,r2ymr:103 r2yrpg:86 r2technical:33 r2ytechrr:25 r2ymlr:10 htk:9 r2wadighost:9 r2samad:5 r2yzu:4 dog:2,219,72400,42,105100,134120,r2basij:125 r2toophan:54 r2karrar:18 r2coast:5 r2fajr:4 htk:3 dog:2 r2dronecontrol:2 r2mohajer:2 r2raad:2 r2loiter:1 r2toufan:1
rr.tournament-2a.normal.turkey-hezbollah.r1,tournament-2A,normal,1,turkey,hezbollah,1,2,complete,win,turkey,conquest,16556,11.04,28.9,1739254725,41,17500,18,18400,11355,r2trrifle:20 r2trat:8 r2bozkir:5 r2aras:2 r2yildirim:2 dog:1 r2deniz:1 r2kuzgun:1 r2sancak:1,12,3850,5,11355,18400,r2hzrifle:5 r2hzat:4 r2hzrecoilless:2 r2hzescort:1
rr.dustbowl.normal.iran-turkey.r1,dustbowl,normal,1,iran,turkey,1,2,complete,draw,,tick-cap,60001,40.0,94.2,2030279496,316,94970,36,102635,98850,r2basij:193 r2toophan:77 r2karrar:21 htk:6 r2coast:5 r2fajr:4 dog:2 r2azar:2 r2loiter:2 r2mohajer:2 r2raad:2,141,76695,53,98310,102095,r2trrifle:59 r2trat:31 r2bozkir:25 r2yildirim:10 r2greywolf:5 r2kuzgun:4 r2turna:2 dog:1 r2aras:1 r2gokkalkan:1 r2sahin:1 r2sancak:1
rr.tournament-2a.normal.america-hezbollah.r1,tournament-2A,normal,1,america,hezbollah,1,2,complete,win,america,conquest,20847,13.9,34.7,2067880126,79,31500,23,35825,21900,e1:49 mtnk:14 fv:7 dog:2 jumpjet:2 sref:2 cleg:1 orca:1 shad:1,39,12525,11,21900,35825,r2hzrifle:15 r2hzat:13 r2hzrecoilless:4 r2hztechnical:4 htk:1 r2hzrockets:1 r2hzspotter:1
rr.dustbowl.normal.china-hezbollah.r1,dustbowl,normal,1,china,hezbollah,1,2,complete,win,hezbollah,conquest,31154,20.77,52.0,-1915591082,46,23270,21,17050,66210,r2cnrifle:21 r2cnportable:8 r2qilin:7 r2cloud:4 r2phl:3 r2cnnetwork:1 r2skyspear:1 r2zbd:1,88,28550,27,66210,17050,r2hzrifle:38 r2hzat:25 r2hztechnical:8 r2hzdrone:6 r2hzrecoilless:4 r2hzrockets:3 htk:2 dog:1 r2hzescort:1
rr.dustbowl.normal.israel-russia.r1,dustbowl,normal,1,israel,russia,1,2,complete,draw,,tick-cap,60001,40.0,86.6,-1879947874,109,73290,33,59450,130550,r2ilrifle:47 r2ilat:20 r2merkava:20 r2ilhowitzer:6 r2ilshield:6 r2ilfalcon:3 dog:2 r2ilrecon:2 r2ilgunship:1 r2ilobserver:1 r2namer:1,225,84050,35,130550,59450,e2:100 flakt:43 shk:35 htnk:17 ttnk:11 htk:10 ivan:3 yuri:2 zep:2 apoc:1 dog:1
rr.dustbowl.normal.saudi-russia.r1,dustbowl,normal,1,saudi,russia,1,2,complete,win,russia,conquest,51975,34.65,73.7,-1392473125,42,34410,24,36750,79670,r2saat:11 r2m1a2s:8 r2sang:8 r2bradley:3 r2caesar:3 r2f15sa:3 dog:2 r2ah64sa:2 r2sads:1 r2sajtac:1,172,63900,28,79670,36750,e2:78 flakt:36 shk:27 htk:9 ttnk:8 htnk:7 apoc:4 yuri:2 zep:1
rr.tournament-2a.normal.america-china.r1,tournament-2A,normal,1,america,china,1,2,complete,win,china,conquest,35647,23.76,52.5,-1323046427,34,13900,19,23160,49900,e1:19 fv:7 mtnk:5 dog:1 orca:1 shad:1,90,42160,30,51300,24560,r2cnrifle:43 r2cnportable:16 r2qilin:15 r2phl:4 r2cloud:3 r2lynx:3 r2cnnetwork:1 r2crane:1 r2mantis:1 r2redspear:1 r2skyspear:1 r2zbd:1
rr.tournament-2a.normal.china-hezbollah.r1,tournament-2A,normal,1,china,hezbollah,1,2,complete,win,hezbollah,conquest,36606,24.4,53.9,-1013212088,79,21350,14,25750,53790,r2cnrifle:50 r2cnportable:22 r2qilin:4 dog:2 r2zbd:1,125,45200,35,53790,25750,r2hzrifle:50 r2hzat:31 r2hztechnical:18 r2hzdrone:8 r2hzrecoilless:7 htk:3 r2hzrockets:3 r2hzscout:3 r2hzspotter:2
rr.dustbowl.normal.yemen-russia.r1,dustbowl,normal,1,yemen,russia,1,2,complete,win,russia,conquest,41170,27.45,64.2,-795958244,55,17950,20,32050,51700,r2ymr:22 r2yrpg:15 r2technical:8 r2ytechrr:6 r2ymlr:2 htk:1 r2yzu:1,204,69450,29,51700,32050,e2:93 shk:43 flakt:40 htk:7 htnk:7 ttnk:5 apoc:3 dog:2 ivan:2 zep:2
rr.tournament-2a.normal.iran-israel.r1,tournament-2A,normal,1,iran,israel,1,2,complete,win,israel,conquest,18977,12.65,32.3,-655454487,15,3960,7,8650,20280,r2basij:9 r2toophan:4 htk:1 r2karrar:1,33,18050,19,20280,8650,r2ilrifle:15 r2ilat:7 r2merkava:4 r2ilshield:2 r2namer:2 dog:1 r2ilhowitzer:1 r2ilobserver:1
rr.dustbowl.normal.china-yemen.r1,dustbowl,normal,1,china,yemen,1,2,complete,draw,,tick-cap,60001,40.0,85.2,-474004430,155,90970,55,96750,120090,r2cnrifle:61 r2cnportable:30 r2qilin:26 r2phl:11 r2cloud:9 r2redspear:6 r2crane:4 r2zbd:4 r2mantis:2 r2skyspear:2,257,95500,28,119550,96750,r2ymr:93 r2yrpg:74 r2technical:33 r2ytechrr:25 r2yzu:11 r2wadighost:8 htk:7 r2ymlr:6
rr.dustbowl.normal.hezbollah-russia.r1,dustbowl,normal,1,hezbollah,russia,1,2,complete,win,hezbollah,conquest,20584,13.72,37.4,-332666830,50,16750,18,20500,10500,r2hzat:17 r2hzrifle:17 r2hztechnical:7 r2hzrecoilless:5 htk:1 r2hzdrone:1 r2hzescort:1 r2hzrockets:1,10,3200,8,10500,20500,shk:5 e2:4 flakt:1
rr.tournament-2a.normal.china-hezbollah.r2,tournament-2A,normal,2,china,hezbollah,1,2,complete,win,hezbollah,conquest,54827,36.55,76.7,-152837519,35,18280,22,21275,62220,r2cnrifle:14 r2cnportable:9 r2qilin:4 r2phl:3 r2zbd:2 r2cloud:1 r2lynx:1 r2skyspear:1,70,25275,20,62620,21675,r2hzrifle:28 r2hzat:15 r2hztechnical:10 r2hzrecoilless:6 dog:2 r2hzdrone:2 r2hzrockets:2 r2hzscout:2 htk:1 r2hzescort:1 r2hzspotter:1
rr.dustbowl.normal.china-hezbollah.r2,dustbowl,normal,2,china,hezbollah,1,2,complete,win,hezbollah,conquest,41032,27.35,60.7,41912845,60,37060,32,42800,96350,r2cnrifle:23 r2cnportable:11 r2qilin:7 r2phl:6 r2zbd:5 r2cloud:3 r2skyspear:3 r2lynx:1 r2redspear:1,216,73750,31,97350,43800,r2hzrifle:90 r2hzat:57 r2hztechnical:25 r2hzrecoilless:12 r2hzdrone:11 r2hzescort:5 dog:4 htk:4 r2hzrockets:4 r2hzscout:4
rr.tournament-2a.normal.america-china.r2,tournament-2A,normal,2,america,china,1,2,complete,win,china,conquest,41245,27.5,59.5,379457886,40,20200,20,35630,61100,e1:18 mtnk:6 fv:5 jumpjet:4 orca:4 shad:2 dog:1,94,45180,32,61100,35630,r2cnrifle:44 r2cnportable:17 r2qilin:16 r2mantis:5 r2phl:5 dog:1 r2cloud:1 r2crane:1 r2lynx:1 r2redspear:1 r2skyspear:1 r2zbd:1
rr.dustbowl.normal.israel-china.r2,dustbowl,normal,2,israel,china,1,2,complete,win,china,conquest,28360,18.91,44.1,613905100,26,16180,14,17610,50040,r2ilat:9 r2ilrifle:9 r2merkava:4 dog:1 r2ilfalcon:1 r2ilhowitzer:1 r2namer:1,64,29120,24,50040,17610,r2cnrifle:31 r2cnportable:11 r2qilin:10 r2lynx:3 r2cloud:2 r2mantis:2 r2phl:2 r2crane:1 r2skyspear:1 r2zbd:1
rr.dustbowl.normal.saudi-china.r2,dustbowl,normal,2,saudi,china,1,2,complete,draw,,tick-cap,60001,40.0,93.1,649856987,92,70400,34,92930,97160,r2sang:30 r2saat:21 r2m1a2s:19 r2sads:5 r2f15sa:4 r2falcon:4 r2ah64sa:3 r2caesar:3 r2bradley:2 dog:1,148,79740,41,97160,92930,r2cnrifle:62 r2cnportable:28 r2qilin:21 r2cloud:6 r2mantis:6 r2phl:6 r2zbd:5 r2redspear:4 r2skyspear:4 dog:2 r2crane:2 r2cnnetwork:1 r2lynx:1
rr.dustbowl.normal.turkey-iran.r2,dustbowl,normal,2,turkey,iran,1,2,complete,draw,,tick-cap,60001,40.0,92.2,973913097,147,86170,44,98940,97825,r2trrifle:54 r2bozkir:36 r2trat:33 r2yildirim:9 r2greywolf:8 r2deniz:2 dog:1 r2aras:1 r2sahin:1 r2sancak:1 r2turna:1,334,102530,34,97825,98940,r2basij:202 r2toophan:87 r2karrar:11 r2fajr:9 r2coast:7 htk:5 r2raad:4 r2loiter:3 r2mohajer:3 dog:1 r2azar:1 r2dronecontrol:1
rr.dustbowl.normal.iran-america.r2,dustbowl,normal,2,iran,america,1,2,complete,win,america,conquest,44927,29.95,68.2,1056517155,80,26950,27,44000,71170,r2basij:45 r2toophan:18 r2karrar:7 r2raad:3 r2fajr:2 dog:1 htk:1 r2coast:1 r2dronecontrol:1 r2loiter:1,125,73300,23,68130,42000,e1:49 mtnk:18 jumpjet:15 fv:14 mgtk:8 cleg:7 sref:5 orca:4 shad:3 dog:1 tany:1
rr.dustbowl.normal.israel-turkey.r2,dustbowl,normal,2,israel,turkey,1,2,complete,win,israel,conquest,23985,15.99,40.9,1583031247,35,19420,18,34950,12650,r2ilrifle:16 r2ilat:8 r2merkava:5 r2ilshield:2 r2namer:2 dog:1 r2ilhowitzer:1,18,6240,13,12650,34950,r2trrifle:8 r2trat:6 dog:1 r2aras:1 r2bozkir:1 r2sancak:1
rr.tournament-2a.normal.china-russia.r2,tournament-2A,normal,2,china,russia,1,2,complete,win,russia,conquest,52573,35.05,73.5,1739405398,117,59130,27,58200,112770,r2cnrifle:54 r2cnportable:20 r2qilin:17 r2phl:6 r2cloud:5 r2mantis:4 r2lynx:3 r2zbd:3 r2crane:2 r2redspear:2 r2skyspear:1,152,58150,41,112770,58200,e2:71 flakt:34 shk:21 apoc:7 htk:7 ttnk:7 htnk:2 yuri:2 zep:1
rr.tournament-2a.normal.america-hezbollah.r2,tournament-2A,normal,2,america,hezbollah,1,2,complete,win,america,conquest,36715,24.48,53.9,1896841228,61,40000,24,45350,15800,e1:21 fv:8 mtnk:7 jumpjet:6 cleg:5 mgtk:4 shad:4 sref:4 orca:1 tany:1,50,15050,18,15800,45350,r2hzrifle:22 r2hzat:13 r2hztechnical:7 r2hzrecoilless:4 dog:1 htk:1 r2hzescort:1 r2hzrockets:1
rr.tournament-2a.normal.hezbollah-turkey.r2,tournament-2A,normal,2,hezbollah,turkey,1,2,complete,win,hezbollah,conquest,17845,11.9,31.1,1991904073,46,15100,17,28450,10250,r2hzrifle:19 r2hzat:13 r2hztechnical:6 r2hzrecoilless:4 r2hzrockets:2 r2hzdrone:1 r2hzescort:1,21,7990,10,10250,28450,r2trrifle:8 r2trat:6 dog:2 r2aras:2 r2bozkir:2 r2sancak:1
rr.tournament-2a.normal.saudi-china.r2,tournament-2A,normal,2,saudi,china,1,2,complete,win,china,conquest,13005,8.67,24.8,-1990994292,3,920,5,5310,16880,dog:1 r2saat:1 r2sang:1,30,14080,14,16880,5310,r2cnrifle:14 r2cnportable:6 r2qilin:4 r2zbd:2 r2cloud:1 r2lynx:1 r2phl:1 r2skyspear:1
rr.tournament-2a.normal.saudi-turkey.r2,tournament-2A,normal,2,saudi,turkey,1,2,complete,win,saudi,conquest,14349,9.57,26.3,-1861037699,16,8320,10,14470,3480,r2sang:6 r2saat:5 r2m1a2s:2 dog:1 r2bradley:1 r2caesar:1,4,910,5,3480,14470,r2trrifle:2 dog:1 r2trat:1
rr.tournament-2a.normal.turkey-saudi.r2,tournament-2A,normal,2,turkey,saudi,1,2,complete,win,saudi,conquest,14738,9.83,26.5,-1822375955,3,755,5,5460,14415,dog:1 r2trat:1 r2trrifle:1,24,12670,16,14415,5460,r2sang:11 r2saat:5 r2m1a2s:4 dog:1 r2bradley:1 r2caesar:1 r2sads:1
rr.tournament-2a.normal.yemen-china.r2,tournament-2A,normal,2,yemen,china,1,2,complete,win,yemen,conquest,41925,27.95,58.9,-1745450203,131,48700,30,66960,32500,r2ymr:46 r2yrpg:34 r2technical:21 r2ytechrr:12 r2ymlr:5 r2wadighost:3 r2yzu:3 htk:2 r2samad:2 r2yspot:2 dog:1,48,21620,22,34500,68960,r2cnrifle:21 r2cnportable:13 r2qilin:7 r2phl:3 r2cloud:2 r2lynx:1 r2zbd:1
rr.dustbowl.normal.iran-yemen.r2,dustbowl,normal,2,iran,yemen,1,2,complete,win,iran,conquest,27490,18.33,43.7,-1595888855,59,20410,17,24600,16640,r2basij:34 r2toophan:13 r2karrar:7 r2fajr:2 htk:1 r2coast:1 r2mohajer:1,19,6350,6,16640,24600,r2yrpg:8 r2ymr:6 r2ytechrr:3 htk:2
rr.dustbowl.normal.saudi-yemen.r2,dustbowl,normal,2,saudi,yemen,1,2,complete,draw,,tick-cap,60001,40.0,88.2,-1556863124,105,80470,37,85000,93060,r2sang:36 r2saat:23 r2m1a2s:19 r2caesar:8 r2ah64sa:5 r2f15sa:4 r2falcon:4 r2sads:4 dog:1 r2bradley:1,215,86600,36,94260,87200,r2ymr:71 r2yrpg:66 r2technical:27 r2ytechrr:18 r2wadighost:10 r2ymlr:9 htk:7 r2yzu:5 r2yspot:2
rr.dustbowl.normal.china-america.r2,dustbowl,normal,2,china,america,1,2,complete,draw,,tick-cap,60001,40.0,90.4,-1157782719,164,92450,38,91100,97640,r2cnrifle:65 r2cnportable:33 r2qilin:26 r2mantis:11 r2phl:8 r2cloud:7 r2redspear:7 r2zbd:3 r2crane:2 r2lynx:1 r2skyspear:1,179,94600,32,97640,91100,e1:82 mtnk:24 fv:19 jumpjet:19 shad:9 orca:6 sref:6 mgtk:5 cleg:4 tany:4 dog:1
rr.dustbowl.normal.iran-turkey.r2,dustbowl,normal,2,iran,turkey,1,2,complete,win,iran,conquest,15196,10.13,31.5,-1152350530,40,13120,14,23870,7960,r2basij:23 r2toophan:9 r2karrar:4 htk:2 r2fajr:2,8,2960,8,7960,23870,r2trat:4 r2trrifle:2 dog:1 r2sancak:1
rr.tournament-2a.normal.israel-america.r2,tournament-2A,normal,2,israel,america,1,2,complete,win,america,conquest,22886,15.26,38.0,-834341083,14,8650,11,19700,33810,r2ilrifle:5 r2ilat:3 r2merkava:2 dog:1 r2ilhowitzer:1 r2ilshield:1 r2namer:1,61,28900,24,33810,19700,e1:33 mtnk:11 fv:6 cleg:2 jumpjet:2 orca:2 shad:2 dog:1 mgtk:1 sref:1
rr.dustbowl.normal.israel-iran.r2,dustbowl,normal,2,israel,iran,1,2,complete,win,iran,conquest,32178,21.45,51.7,-672385365,24,16370,18,26130,52030,r2ilat:8 r2ilrifle:6 r2merkava:5 r2ilhowitzer:2 r2namer:2 dog:1,123,39970,27,52030,26130,r2basij:73 r2toophan:27 r2karrar:12 r2fajr:3 r2raad:3 htk:2 dog:1 r2coast:1 r2toufan:1
rr.dustbowl.normal.russia-yemen.r2,dustbowl,normal,2,russia,yemen,1,2,complete,win,russia,conquest,23611,15.74,41.7,-453751725,32,13000,15,16050,5700,e2:12 shk:9 flakt:4 htnk:3 htk:2 ttnk:2,12,3500,5,5700,16050,r2ymr:5 r2yrpg:4 r2technical:2 r2ytechrr:1
rr.dustbowl.normal.turkey-israel.r2,dustbowl,normal,2,turkey,israel,1,2,complete,win,turkey,conquest,26289,17.53,43.9,-252181296,51,25610,21,23960,13670,r2trrifle:22 r2bozkir:11 r2trat:9 r2sancak:2 r2yildirim:2 dog:1 r2aras:1 r2deniz:1 r2kuzgun:1 r2sahin:1,7,4950,8,13670,23960,dog:2 r2ilat:2 r2merkava:2 r2namer:1
rr.tournament-2a.normal.yemen-america.r2,tournament-2A,normal,2,yemen,america,1,2,complete,win,yemen,conquest,20984,13.99,34.6,-155170031,82,29675,23,32400,15000,r2ymr:27 r2yrpg:26 r2ytechrr:12 r2technical:7 r2ymlr:4 htk:2 r2samad:2 r2yspot:1 r2yzu:1,20,7000,11,15000,32400,e1:14 fv:3 mtnk:2 shad:1
rr.tournament-2a.normal.hezbollah-yemen.r2,tournament-2A,normal,2,hezbollah,yemen,1,2,complete,win,hezbollah,conquest,33349,22.23,50.0,-38457334,144,47950,31,49350,27100,r2hzrifle:61 r2hzat:41 r2hztechnical:16 r2hzrecoilless:7 r2hzdrone:5 r2hzescort:4 r2hzrockets:4 dog:2 htk:2 r2hzscout:2,51,19300,17,27100,49350,r2ymr:18 r2yrpg:16 r2technical:8 r2ytechrr:4 r2yzu:2 htk:1 r2ymlr:1 smcv:1
rr.tournament-2a.normal.russia-turkey.r2,tournament-2A,normal,2,russia,turkey,1,2,complete,win,turkey,conquest,17160,11.44,29.8,184447647,1,500,4,5745,12200,shk:1,23,9905,12,12200,5745,r2trrifle:11 r2trat:4 r2bozkir:3 dog:1 r2aras:1 r2kuzgun:1 r2sancak:1 r2yildirim:1
rr.tournament-2a.normal.turkey-israel.r2,tournament-2A,normal,2,turkey,israel,1,2,complete,win,israel,conquest,21184,14.12,34.6,189220848,26,9215,12,9940,36825,r2trrifle:13 r2trat:7 r2bozkir:3 dog:1 r2aras:1 r2sancak:1,33,18900,22,38075,11190,r2ilrifle:15 r2ilat:7 r2merkava:6 r2namer:2 dog:1 r2ilhowitzer:1 r2ilshield:1
rr.tournament-2a.normal.yemen-israel.r2,tournament-2A,normal,2,yemen,israel,1,2,complete,win,israel,conquest,39740,26.49,57.3,460649310,37,11350,12,24540,37050,r2ymr:15 r2yrpg:10 r2technical:6 r2ytechrr:4 htk:2,42,31100,26,37050,24540,r2ilrifle:15 r2ilat:10 r2merkava:8 r2ilfalcon:2 r2ilhowitzer:2 dog:1 r2ilgunship:1 r2ilrecon:1 r2ilshield:1 r2namer:1
rr.dustbowl.normal.russia-iran.r2,dustbowl,normal,2,russia,iran,1,2,complete,win,russia,conquest,57380,38.25,79.7,484784370,178,74500,31,81520,39850,e2:56 flakt:44 shk:43 htk:9 ttnk:9 htnk:7 apoc:4 dog:2 ivan:2 zep:2,112,37530,26,41750,85300,r2basij:62 r2toophan:32 r2karrar:8 r2fajr:3 dog:2 r2toufan:2 htk:1 r2azar:1 r2raad:1
rr.tournament-2a.normal.turkey-russia.r2,tournament-2A,normal,2,turkey,russia,1,2,complete,win,turkey,conquest,12327,8.22,23.7,536060990,23,8815,11,12300,3845,r2trrifle:13 r2bozkir:3 r2trat:3 dog:1 r2aras:1 r2sancak:1 r2yildirim:1,2,600,4,3845,12300,e2:1 shk:1
rr.tournament-2a.normal.yemen-russia.r2,tournament-2A,normal,2,yemen,russia,1,2,complete,win,russia,conquest,58455,38.97,79.2,774267594,127,41800,38,49000,108000,r2ymr:50 r2yrpg:37 r2technical:16 r2ytechrr:11 r2ymlr:5 r2yzu:5 dog:1 htk:1 r2samad:1,233,80000,34,107050,49800,e2:113 flakt:46 shk:37 ttnk:10 htk:9 htnk:9 apoc:4 dog:2 yuri:2 zep:1
rr.tournament-2a.normal.iran-yemen.r2,tournament-2A,normal,2,iran,yemen,1,2,complete,win,yemen,conquest,24418,16.28,38.4,1033081502,17,7030,8,12750,25800,r2basij:7 r2toophan:6 r2karrar:2 r2raad:2,60,20750,18,25800,12750,r2yrpg:21 r2ymr:19 r2technical:8 r2ytechrr:7 r2ymlr:2 r2yzu:2 htk:1
rr.dustbowl.normal.hezbollah-turkey.r2,dustbowl,normal,2,hezbollah,turkey,1,2,complete,win,hezbollah,conquest,58259,38.84,82.6,1281836083,280,99000,46,162355,83150,r2hzrifle:122 r2hzat:78 r2hztechnical:28 r2hzdrone:13 r2hzrecoilless:12 r2hzrockets:10 r2hzscout:8 r2hzescort:4 htk:3 dog:2,159,79595,48,78850,161955,r2trrifle:69 r2trat:35 r2bozkir:19 r2kuzgun:8 r2yildirim:8 r2aras:5 r2greywolf:4 r2sancak:3 dog:2 r2gokkalkan:2 r2deniz:1 r2sahin:1 r2trdroneop:1 r2turna:1
rr.dustbowl.normal.russia-saudi.r2,dustbowl,normal,2,russia,saudi,1,2,complete,win,russia,conquest,34575,23.05,54.6,1418441339,81,36550,24,53600,24100,e2:29 shk:16 flakt:14 htnk:7 ttnk:7 htk:6 apoc:1 zep:1,25,17940,16,24100,53600,r2saat:7 r2sang:7 r2m1a2s:4 r2caesar:2 dog:1 r2ah64sa:1 r2bradley:1 r2f15sa:1 r2sads:1
rr.tournament-2a.normal.iran-russia.r2,tournament-2A,normal,2,iran,russia,1,2,complete,win,iran,conquest,20386,13.59,33.7,1567948673,55,16750,14,21900,9040,r2basij:35 r2toophan:9 r2karrar:5 htk:2 r2coast:1 r2dronecontrol:1 r2fajr:1 r2mohajer:1,11,4300,8,9040,21900,e2:5 shk:3 htnk:2 htk:1
rr.tournament-2a.normal.russia-china.r2,tournament-2A,normal,2,russia,china,1,2,complete,win,china,conquest,17204,11.47,30.1,1905391767,10,3400,8,11270,21000,e2:5 shk:3 htk:1 htnk:1,32,14450,13,21000,11270,r2cnrifle:15 r2cnportable:7 r2qilin:5 r2lynx:1 r2mantis:1 r2phl:1 r2skyspear:1 r2zbd:1
rr.dustbowl.normal.yemen-china.r2,dustbowl,normal,2,yemen,china,1,2,complete,win,yemen,conquest,40791,27.19,61.7,1966204843,199,69050,28,77280,41375,r2ymr:78 r2yrpg:56 r2technical:23 r2ytechrr:17 r2ymlr:7 htk:4 r2yzu:4 r2samad:3 r2wadighost:3 dog:2 r2yspot:2,45,24840,31,41375,77280,r2cnrifle:17 r2cnportable:9 r2qilin:9 r2cloud:5 r2phl:3 r2skyspear:1 r2zbd:1
rr.tournament-2a.normal.iran-china.r2,tournament-2A,normal,2,iran,china,1,2,complete,win,iran,conquest,48836,32.56,69.3,2109051909,68,22600,21,46070,26770,r2basij:40 r2toophan:14 r2karrar:8 r2fajr:3 htk:1 r2loiter:1 r2raad:1,35,14830,15,26770,46070,r2cnrifle:19 r2cnportable:6 r2qilin:5 r2phl:2 r2zbd:2 r2cloud:1
rr.dustbowl.normal.saudi-hezbollah.r2,dustbowl,normal,2,saudi,hezbollah,1,2,complete,win,saudi,conquest,41719,27.81,62.1,-2087862873,62,42520,28,38000,25020,r2sang:21 r2saat:14 r2m1a2s:11 r2caesar:4 r2bradley:3 r2sads:3 dog:2 r2falcon:2 r2ah64sa:1 r2f15sa:1,39,8050,15,25020,38500,r2hzrifle:29 r2hzat:9 r2hzrecoilless:1
rr.tournament-2a.normal.turkey-yemen.r2,tournament-2A,normal,2,turkey,yemen,1,2,complete,win,yemen,conquest,24876,16.58,39.6,-1711483044,16,8080,12,13300,33140,r2trrifle:6 r2bozkir:3 r2trat:3 dog:1 r2kuzgun:1 r2sancak:1 r2yildirim:1,60,20400,20,33140,13300,r2ymr:23 r2yrpg:17 r2technical:8 r2ytechrr:6 r2ymlr:3 htk:1 r2samad:1 r2yzu:1
rr.dustbowl.normal.saudi-iran.r2,dustbowl,normal,2,saudi,iran,1,2,complete,win,iran,conquest,53277,35.52,74.2,-1491914232,41,31590,23,42930,74150,r2sang:12 r2saat:10 r2m1a2s:8 r2ah64sa:2 r2bradley:2 r2caesar:2 r2f15sa:2 dog:1 r2falcon:1 r2sads:1,186,57940,31,74150,42930,r2basij:111 r2toophan:45 r2karrar:13 dog:4 r2coast:3 r2fajr:3 htk:2 r2raad:2 r2azar:1 r2mohajer:1 r2toufan:1
rr.dustbowl.normal.saudi-turkey.r2,dustbowl,normal,2,saudi,turkey,1,2,complete,win,saudi,conquest,12179,8.12,27.6,-1465578415,19,10140,11,16015,5140,r2sang:7 r2saat:6 r2m1a2s:3 dog:1 r2bradley:1 r2caesar:1,2,555,5,5140,16015,r2trat:1 r2trrifle:1
rr.dustbowl.normal.yemen-israel.r2,dustbowl,normal,2,yemen,israel,1,2,complete,win,yemen,conquest,28951,19.3,48.9,-1314912424,99,35550,23,45700,19000,r2ymr:34 r2yrpg:31 r2technical:10 r2ytechrr:10 r2ymlr:7 htk:2 r2samad:2 r2yzu:2 dog:1,20,11740,16,19000,45700,r2ilrifle:7 r2ilat:5 r2merkava:4 dog:2 r2ilhowitzer:1 r2namer:1
rr.tournament-2a.normal.china-america.r2,tournament-2A,normal,2,china,america,1,2,complete,win,america,conquest,39302,26.2,57.2,-1189752746,57,28000,25,35300,74990,r2cnrifle:25 r2cnportable:10 r2qilin:7 r2mantis:5 r2phl:4 dog:2 r2cloud:2 r2zbd:2,97,63300,26,74990,35300,e1:32 jumpjet:15 fv:10 mtnk:10 cleg:7 sref:7 mgtk:6 orca:4 shad:4 dog:1 tany:1
rr.dustbowl.normal.israel-russia.r2,dustbowl,normal,2,israel,russia,1,2,complete,draw,,tick-cap,60001,40.0,85.2,-824665804,118,86030,32,54450,86180,r2ilrifle:44 r2ilat:28 r2merkava:21 r2ilhowitzer:6 r2ilgunship:5 r2ilfalcon:4 r2ilrecon:3 r2ilshield:3 r2ilobserver:2 dog:1 r2namer:1,155,53800,38,86680,54950,e2:71 flakt:43 shk:16 ttnk:8 htnk:6 htk:5 apoc:2 zep:2 dog:1 ivan:1
rr.tournament-2a.normal.saudi-israel.r2,tournament-2A,normal,2,saudi,israel,1,2,complete,win,israel,conquest,41188,27.46,59.0,-751109491,43,26370,27,41690,76930,r2sang:16 r2m1a2s:10 r2saat:9 r2bradley:3 r2caesar:2 r2sads:2 dog:1,86,55030,32,76930,41690,r2ilrifle:34 r2ilat:21 r2merkava:15 r2ilhowitzer:5 r2ilshield:3 dog:2 r2namer:2 r2ilfalcon:1 r2ilgunship:1 r2ilobserver:1 r2ilrecon:1
rr.tournament-2a.normal.israel-china.r2,tournament-2A,normal,2,israel,china,1,2,complete,win,china,conquest,16756,11.17,29.4,-617640526,5,2470,6,11070,19280,r2ilat:2 dog:1 r2ilrifle:1 r2namer:1,66,27730,21,19280,11070,r2cnrifle:34 r2cnportable:14 r2qilin:7 r2phl:3 r2mantis:2 r2zbd:2 r2cloud:1 r2cnnetwork:1 r2crane:1 r2lynx:1
rr.dustbowl.normal.yemen-turkey.r2,dustbowl,normal,2,yemen,turkey,1,2,complete,win,yemen,conquest,48819,32.55,70.6,-323892332,173,64950,29,71825,39950,r2ymr:63 r2yrpg:53 r2technical:19 r2ytechrr:13 r2ymlr:7 htk:6 r2wadighost:6 dog:2 r2samad:2 r2yzu:2,42,27215,28,38300,70175,r2trrifle:13 r2bozkir:9 r2trat:9 r2yildirim:3 r2sahin:2 r2sancak:2 dog:1 r2greywolf:1 r2kuzgun:1 r2turna:1
rr.tournament-2a.normal.turkey-china.r2,tournament-2A,normal,2,turkey,china,1,2,complete,win,china,conquest,32325,21.55,49.4,-156018086,29,13360,14,23410,47070,r2trrifle:12 r2trat:6 r2sancak:4 r2bozkir:3 dog:1 r2aras:1 r2gokkalkan:1 r2yildirim:1,73,35130,27,46020,22360,r2cnrifle:34 r2cnportable:12 r2qilin:9 r2cloud:4 r2zbd:4 r2mantis:3 r2lynx:2 r2phl:2 dog:1 r2redspear:1 r2skyspear:1
rr.tournament-2a.normal.america-israel.r2,tournament-2A,normal,2,america,israel,1,2,complete,win,america,conquest,18075,12.05,31.1,28594505,59,23500,19,35310,10200,e1:33 mtnk:11 fv:6 jumpjet:5 dog:2 orca:1 shad:1,14,8850,10,10000,35110,r2ilrifle:5 r2ilat:3 r2merkava:3 dog:1 r2ilhowitzer:1 r2namer:1
rr.dustbowl.normal.saudi-israel.r2,dustbowl,normal,2,saudi,israel,1,2,complete,draw,,tick-cap,60001,40.0,86.1,335034961,102,79020,38,79470,83240,r2sang:36 r2saat:21 r2m1a2s:15 r2ah64sa:8 r2caesar:8 r2falcon:5 r2f15sa:3 r2sads:3 dog:2 r2bradley:1,74,65700,43,83240,79470,r2ilrifle:20 r2ilat:15 r2merkava:14 r2ilhowitzer:8 r2ilshield:5 r2ilfalcon:4 r2ilrecon:4 r2ilgunship:2 dog:1 r2namer:1
rr.dustbowl.normal.turkey-yemen.r2,dustbowl,normal,2,turkey,yemen,1,2,complete,draw,,tick-cap,60001,40.0,93.3,340552903,162,90375,36,78250,100835,r2trrifle:65 r2trat:35 r2bozkir:31 r2yildirim:10 r2greywolf:7 r2kuzgun:4 r2aras:3 r2sancak:2 r2turna:2 dog:1 r2deniz:1 r2sahin:1,185,79850,41,100185,77600,r2yrpg:67 r2ymr:49 r2ytechrr:24 r2ymlr:13 r2yzu:9 r2wadighost:7 htk:6 r2technical:6 dog:2 r2samad:2
rr.dustbowl.normal.turkey-russia.r2,dustbowl,normal,2,turkey,russia,1,2,complete,win,turkey,conquest,53052,35.37,78.2,383517456,148,75880,30,64450,60090,r2trrifle:66 r2bozkir:28 r2trat:26 r2sancak:6 r2aras:5 r2greywolf:5 r2yildirim:5 dog:2 r2deniz:1 r2gokkalkan:1 r2kuzgun:1 r2sahin:1 r2turna:1,57,26150,23,57425,65250,e2:18 shk:16 flakt:8 htnk:6 htk:4 ttnk:4 apoc:1
rr.tournament-2a.normal.israel-hezbollah.r2,tournament-2A,normal,2,israel,hezbollah,1,2,complete,win,hezbollah,conquest,27649,18.43,41.9,1165713209,14,8570,11,16050,34430,r2ilrifle:6 r2merkava:3 r2ilat:2 dog:1 r2ilhowitzer:1 r2namer:1,71,24050,22,34930,16550,r2hzrifle:27 r2hzat:20 r2hztechnical:9 r2hzrecoilless:6 r2hzdrone:4 htk:3 r2hzrockets:2
rr.tournament-2a.normal.hezbollah-saudi.r2,tournament-2A,normal,2,hezbollah,saudi,1,2,complete,win,saudi,conquest,28470,18.98,43.0,1195272330,36,11100,12,25620,37400,r2hzrifle:16 r2hzat:9 r2hztechnical:6 r2hzrecoilless:3 r2hzescort:1 r2hzrockets:1,73,41890,28,37400,25620,r2sang:32 r2saat:18 r2m1a2s:11 r2sads:3 r2ah64sa:2 r2bradley:2 r2caesar:2 dog:1 r2f15sa:1 r2sajtac:1
rr.tournament-2a.normal.saudi-hezbollah.r2,tournament-2A,normal,2,saudi,hezbollah,1,2,complete,win,saudi,conquest,14008,9.34,25.8,1273398281,25,12290,13,15400,6150,r2sang:12 r2saat:6 r2m1a2s:3 dog:1 r2bradley:1 r2caesar:1 r2sads:1,8,2100,6,6150,15400,r2hzrifle:4 r2hzat:2 r2hztechnical:2
rr.tournament-2a.normal.israel-iran.r2,tournament-2A,normal,2,israel,iran,1,2,complete,win,iran,conquest,34895,23.26,50.9,1530012061,18,9260,13,21920,36120,r2ilrifle:8 r2ilat:5 r2merkava:2 dog:1 r2ilhowitzer:1 r2namer:1,107,37790,28,36120,21920,r2basij:56 r2toophan:28 r2karrar:10 r2fajr:3 r2raad:3 r2dronecontrol:2 dog:1 htk:1 r2coast:1 r2loiter:1 r2mohajer:1
rr.dustbowl.normal.china-russia.r2,dustbowl,normal,2,china,russia,1,2,complete,draw,,tick-cap,60001,40.0,87.2,1584841926,143,79180,31,55900,97920,r2cnrifle:59 r2qilin:26 r2cnportable:24 r2phl:7 r2redspear:6 r2lynx:5 r2zbd:5 r2cloud:3 r2mantis:3 r2crane:2 r2skyspear:2 r2cnnetwork:1,205,76100,30,97920,55900,e2:82 flakt:57 shk:29 htk:12 htnk:9 ttnk:9 apoc:4 yuri:2 zep:1
rr.tournament-2a.normal.yemen-iran.r2,tournament-2A,normal,2,yemen,iran,1,2,complete,win,yemen,conquest,31999,21.33,47.4,1625720911,111,39400,28,44630,23950,r2ymr:42 r2yrpg:30 r2technical:15 r2ytechrr:10 r2samad:3 r2ymlr:3 r2yzu:3 htk:2 r2wadighost:2 dog:1,46,13910,17,23600,44280,r2basij:29 r2toophan:10 r2fajr:2 r2karrar:2 r2raad:2 htk:1
rr.dustbowl.normal.america-yemen.r2,dustbowl,normal,2,america,yemen,1,2,complete,draw,,tick-cap,60001,40.0,84.7,2042200378,112,76700,31,86750,68600,e1:30 jumpjet:21 mtnk:14 fv:11 orca:10 mgtk:8 sref:6 cleg:5 shad:5 tany:2,157,67050,39,68600,86750,r2yrpg:56 r2ymr:49 r2ytechrr:18 r2ymlr:9 r2yzu:9 r2wadighost:8 r2technical:5 htk:3
rr.tournament-2a.normal.russia-saudi.r2,tournament-2A,normal,2,russia,saudi,1,2,complete,win,saudi,conquest,11973,7.98,24.2,2102751231,2,600,6,3860,14000,e2:1 shk:1,16,7760,10,14000,3860,r2sang:8 r2saat:3 r2m1a2s:2 dog:1 r2bradley:1 r2caesar:1
rr.dustbowl.normal.russia-turkey.r2,dustbowl,normal,2,russia,turkey,1,2,complete,draw,,tick-cap,60001,40.0,86.7,-1949439814,245,87600,38,112645,70750,e2:99 flakt:70 shk:31 htk:15 ttnk:14 htnk:7 apoc:4 dog:2 ivan:2 zep:1,172,89535,38,70750,112645,r2trrifle:77 r2trat:31 r2bozkir:25 r2yildirim:10 r2sancak:7 r2kuzgun:6 r2greywolf:5 r2aras:3 r2deniz:3 dog:2 r2sahin:2 r2gokkalkan:1
rr.tournament-2a.normal.iran-israel.r2,tournament-2A,normal,2,iran,israel,1,2,complete,win,iran,conquest,35299,23.53,52.5,-1835875843,100,32810,25,65290,29630,r2basij:59 r2toophan:20 r2karrar:10 r2fajr:5 htk:4 r2loiter:1 r2raad:1,35,22930,21,29630,65290,r2ilrifle:14 r2ilat:10 r2merkava:4 r2ilfalcon:2 r2ilhowitzer:2 dog:1 r2ilgunship:1 r2namer:1
rr.tournament-2a.normal.china-yemen.r2,tournament-2A,normal,2,china,yemen,1,2,complete,win,yemen,conquest,30041,20.03,46.6,-1405585548,29,15490,12,19000,43580,r2cnrifle:12 r2cnportable:6 r2qilin:5 r2cloud:2 r2phl:2 r2skyspear:1 r2zbd:1,80,28625,25,43580,19000,r2ymr:24 r2yrpg:24 r2technical:14 r2ytechrr:8 htk:3 r2ymlr:3 r2yzu:2 r2samad:1 r2yspot:1
rr.dustbowl.normal.iran-saudi.r2,dustbowl,normal,2,iran,saudi,1,2,complete,draw,,tick-cap,60001,40.0,84.0,-1310439879,204,65140,42,79760,77810,r2basij:121 r2toophan:52 r2karrar:14 r2fajr:5 htk:3 dog:2 r2azar:2 r2coast:2 r2raad:2 r2toufan:1,92,64310,51,77810,79760,r2sang:33 r2saat:23 r2m1a2s:16 r2caesar:6 r2sads:4 r2ah64sa:3 r2falcon:3 r2f15sa:2 dog:1 r2bradley:1
rr.tournament-2a.normal.israel-yemen.r2,tournament-2A,normal,2,israel,yemen,1,2,complete,draw,,tick-cap,60001,40.0,82.5,-1082139447,51,40550,36,40750,43300,r2ilrifle:15 r2merkava:13 r2ilat:12 r2ilhowitzer:4 r2ilrecon:2 dog:1 r2ilfalcon:1 r2ilgunship:1 r2ilshield:1 r2namer:1,66,23150,26,43300,40750,r2yrpg:23 r2ymr:22 r2technical:9 r2ytechrr:5 r2yzu:3 r2ymlr:2 dog:1 r2wadighost:1
rr.dustbowl.normal.america-israel.r2,dustbowl,normal,2,america,israel,1,2,complete,win,america,conquest,23887,15.92,39.7,-939111093,58,28300,24,55220,16300,e1:29 mtnk:9 fv:7 jumpjet:4 cleg:2 shad:2 dog:1 mgtk:1 orca:1 sref:1 tany:1,32,18210,18,16300,55220,r2ilrifle:13 r2ilat:9 r2merkava:4 r2ilhowitzer:2 r2namer:2 dog:1 r2ilshield:1
rr.dustbowl.normal.hezbollah-israel.r2,dustbowl,normal,2,hezbollah,israel,1,2,complete,win,israel,conquest,47859,31.91,70.1,-541985080,81,29100,24,58180,74450,r2hzrifle:31 r2hzat:20 r2hztechnical:14 r2hzrecoilless:6 r2hzrockets:4 r2hzdrone:3 r2hzescort:2 r2hzscout:1,113,74520,37,72550,57580,r2ilrifle:46 r2ilat:26 r2merkava:19 r2ilhowitzer:7 r2ilshield:3 r2namer:3 dog:2 r2ilfalcon:2 r2ilgunship:2 r2ilrecon:2 r2ilobserver:1
rr.tournament-2a.normal.israel-turkey.r2,tournament-2A,normal,2,israel,turkey,1,2,complete,win,turkey,conquest,26990,17.99,42.0,-469799415,21,11780,12,22855,40640,r2ilrifle:9 r2ilat:5 r2merkava:3 dog:1 r2ilhowitzer:1 r2ilshield:1 r2namer:1,60,29330,23,40140,22355,r2trrifle:26 r2trat:12 r2bozkir:11 r2yildirim:3 r2aras:2 r2kuzgun:2 r2sancak:2 dog:1 r2sahin:1
rr.tournament-2a.normal.iran-america.r2,tournament-2A,normal,2,iran,america,1,2,complete,win,iran,conquest,18365,12.24,31.0,-258145553,47,14210,15,26800,6840,r2basij:29 r2toophan:9 r2karrar:4 htk:2 r2fajr:2 r2dronecontrol:1,14,4600,9,6840,26800,e1:10 fv:2 mtnk:2
rr.dustbowl.normal.israel-saudi.r2,dustbowl,normal,2,israel,saudi,1,2,complete,win,israel,conquest,14884,9.92,30.1,-46981948,23,12420,13,26600,6480,r2ilrifle:11 r2ilat:5 r2merkava:4 dog:1 r2ilhowitzer:1 r2namer:1,11,5940,8,6480,26600,r2saat:5 r2bradley:2 r2sang:2 dog:1 r2m1a2s:1
rr.dustbowl.normal.russia-china.r2,dustbowl,normal,2,russia,china,1,2,complete,win,russia,conquest,46266,30.84,70.1,55167633,162,66450,28,96760,41100,e2:61 shk:35 flakt:34 ttnk:10 htk:8 apoc:5 htnk:5 ivan:2 dog:1 zep:1,59,31620,36,41000,96660,r2cnrifle:26 r2qilin:13 r2cnportable:8 r2phl:3 r2cloud:2 r2mantis:2 r2zbd:2 r2crane:1 r2redspear:1 r2skyspear:1
rr.tournament-2a.normal.turkey-iran.r2,tournament-2A,normal,2,turkey,iran,1,2,complete,win,iran,conquest,15749,10.5,29.1,161090071,3,755,5,5540,13915,dog:1 r2trat:1 r2trrifle:1,37,13040,12,13915,5540,r2basij:21 r2toophan:8 r2karrar:4 r2fajr:2 r2dronecontrol:1 r2raad:1
rr.tournament-2a.normal.israel-saudi.r2,tournament-2A,normal,2,israel,saudi,1,2,complete,win,israel,conquest,25876,17.25,41.0,253437859,32,17640,19,35140,17070,r2ilrifle:17 r2merkava:5 r2ilat:4 r2namer:3 dog:1 r2ilhowitzer:1 r2ilshield:1,17,6940,14,17070,35140,r2saat:7 r2sang:7 r2bradley:2 dog:1
rr.dustbowl.normal.america-saudi.r2,dustbowl,normal,2,america,saudi,1,2,complete,draw,,tick-cap,60001,40.0,87.3,451666234,134,88800,41,94180,98800,e1:39 jumpjet:25 mtnk:13 fv:12 mgtk:10 shad:10 orca:9 sref:6 cleg:5 tany:4 dog:1,107,83640,35,98800,94180,r2sang:32 r2saat:27 r2m1a2s:18 r2sads:8 r2caesar:7 r2falcon:5 r2ah64sa:4 r2f15sa:4 dog:1 r2bradley:1
rr.dustbowl.normal.hezbollah-america.r2,dustbowl,normal,2,hezbollah,america,1,2,complete,win,america,conquest,32618,21.75,51.9,664282415,45,14450,15,17850,43450,r2hzrifle:20 r2hzat:11 r2hztechnical:6 r2hzrecoilless:4 r2hzescort:2 r2hzrockets:2,55,31900,23,41700,17100,e1:22 mtnk:10 fv:8 jumpjet:4 cleg:3 orca:2 shad:2 sref:2 mgtk:1 tany:1
rr.tournament-2a.normal.iran-turkey.r2,tournament-2A,normal,2,iran,turkey,1,2,complete,win,iran,conquest,14388,9.59,26.9,755000957,29,5240,11,13965,3870,r2basij:21 r2toophan:7 dog:1,3,755,5,3870,13965,dog:1 r2trat:1 r2trrifle:1
rr.dustbowl.normal.america-china.r2,dustbowl,normal,2,america,china,1,2,complete,draw,,tick-cap,60001,40.0,96.2,1026499488,156,96600,32,86170,84800,e1:54 jumpjet:28 fv:18 mgtk:12 shad:11 mtnk:10 orca:10 cleg:6 sref:5 dog:1 tany:1,139,81290,39,84800,86170,r2cnrifle:52 r2cnportable:28 r2qilin:24 r2mantis:10 r2phl:7 r2redspear:6 r2cloud:4 r2crane:3 r2lynx:2 r2skyspear:2 r2zbd:1
rr.dustbowl.normal.yemen-saudi.r2,dustbowl,normal,2,yemen,saudi,1,2,complete,win,saudi,conquest,36517,24.34,60.1,1183783223,60,23000,22,37460,60300,r2yrpg:24 r2ymr:16 r2ytechrr:10 r2ymlr:4 r2yzu:3 r2technical:2 htk:1,94,59220,31,58850,37960,r2sang:36 r2saat:22 r2m1a2s:19 r2sads:4 r2bradley:3 r2caesar:3 r2ah64sa:2 r2sajtac:2 dog:1 r2f15sa:1 r2falcon:1
rr.dustbowl.normal.america-iran.r2,dustbowl,normal,2,america,iran,1,2,complete,win,america,conquest,37392,24.93,61.0,1324380334,104,65100,24,58050,24400,e1:41 fv:12 mtnk:11 cleg:10 jumpjet:9 mgtk:8 sref:6 shad:4 dog:1 orca:1 tany:1,65,20980,23,24200,57850,r2basij:37 r2toophan:17 r2karrar:5 htk:2 r2raad:2 r2fajr:1 r2toufan:1
rr.tournament-2a.normal.hezbollah-china.r2,tournament-2A,normal,2,hezbollah,china,1,2,complete,win,hezbollah,conquest,57463,38.31,80.2,1786678598,85,31550,26,67220,38000,r2hzrifle:35 r2hzat:21 r2hztechnical:12 r2hzrecoilless:6 r2hzdrone:3 r2hzrockets:3 r2hzscout:3 htk:1 r2hzescort:1,84,33080,19,38600,67820,r2cnrifle:44 r2cnportable:22 r2qilin:7 r2phl:4 dog:2 r2cloud:2 r2mantis:1 r2skyspear:1 r2zbd:1
rr.dustbowl.normal.yemen-russia.r2,dustbowl,normal,2,yemen,russia,1,2,complete,draw,,tick-cap,60001,40.0,83.4,1934633320,179,68450,45,55250,101200,r2ymr:62 r2yrpg:52 r2technical:26 r2ytechrr:17 r2ymlr:7 r2wadighost:6 r2yzu:5 htk:4,222,71600,35,101500,55550,e2:115 flakt:50 shk:24 htnk:9 ttnk:9 htk:8 apoc:4 ivan:2 zep:1
rr.tournament-2a.normal.china-saudi.r2,tournament-2A,normal,2,china,saudi,1,2,complete,win,china,conquest,21472,14.31,34.5,1986271470,64,26650,25,36320,11960,r2cnrifle:35 r2cnportable:9 r2qilin:8 r2zbd:4 r2mantis:2 dog:1 r2cloud:1 r2crane:1 r2lynx:1 r2phl:1 r2skyspear:1,12,7160,12,11960,36320,r2saat:4 r2sang:3 r2m1a2s:2 dog:1 r2bradley:1 r2caesar:1
rr.tournament-2a.normal.yemen-saudi.r2,tournament-2A,normal,2,yemen,saudi,1,2,complete,win,yemen,conquest,27957,18.64,43.5,-1960745804,63,19400,24,49450,15350,r2ymr:25 r2yrpg:25 r2technical:7 r2ymlr:2 r2ytechrr:2 htk:1 r2samad:1,28,15790,15,15350,49450,r2sang:12 r2m1a2s:6 r2saat:6 r2caesar:2 dog:1 r2bradley:1
rr.dustbowl.normal.israel-yemen.r2,dustbowl,normal,2,israel,yemen,1,2,complete,win,yemen,conquest,43201,28.8,66.7,-1706533372,45,27840,25,42800,72500,r2ilrifle:17 r2ilat:13 r2merkava:7 r2ilhowitzer:3 dog:1 r2ilfalcon:1 r2ilobserver:1 r2ilshield:1 r2namer:1,152,55100,33,72500,42800,r2ymr:57 r2yrpg:44 r2technical:19 r2ytechrr:12 htk:6 r2wadighost:4 r2ymlr:4 r2samad:3 r2yspot:2 r2yzu:1
rr.dustbowl.normal.turkey-saudi.r2,dustbowl,normal,2,turkey,saudi,1,2,complete,win,saudi,conquest,36630,24.42,54.8,-1526064418,39,20330,22,25630,59740,r2trrifle:16 r2bozkir:8 r2trat:8 r2yildirim:3 dog:1 r2kuzgun:1 r2sahin:1 r2sancak:1,71,41590,28,60590,26480,r2sang:32 r2saat:14 r2m1a2s:11 r2sads:4 r2bradley:3 dog:2 r2caesar:2 r2ah64sa:1 r2f15sa:1 r2falcon:1
rr.dustbowl.normal.turkey-hezbollah.r2,dustbowl,normal,2,turkey,hezbollah,1,2,complete,win,hezbollah,conquest,17197,11.46,33.2,-1519993176,12,5325,10,9550,31385,r2trrifle:5 r2aras:2 r2bozkir:2 dog:1 r2sancak:1 r2trat:1,44,14650,13,31385,9550,r2hzrifle:17 r2hzat:13 r2hztechnical:7 r2hzrecoilless:3 r2hzrockets:2 r2hzdrone:1 r2hzescort:1
rr.tournament-2a.normal.yemen-turkey.r2,tournament-2A,normal,2,yemen,turkey,1,2,complete,win,turkey,conquest,13059,8.71,25.6,-1187592946,2,700,4,4090,12650,r2yrpg:2,25,10215,14,12650,4090,r2trrifle:13 r2trat:4 r2bozkir:3 dog:1 r2aras:1 r2kuzgun:1 r2sancak:1 r2yildirim:1
rr.tournament-2a.normal.hezbollah-america.r2,tournament-2A,normal,2,hezbollah,america,1,2,complete,win,hezbollah,conquest,45788,30.53,65.2,-1039806350,115,42650,33,72250,41950,r2hzrifle:39 r2hzat:38 r2hzrecoilless:11 r2hztechnical:7 r2hzdrone:6 r2hzrockets:6 htk:4 r2hzescort:2 dog:1 r2hzscout:1,60,27200,20,41400,71700,e1:34 fv:8 mtnk:7 orca:3 jumpjet:2 shad:2 cleg:1 dog:1 sref:1 tany:1
rr.dustbowl.normal.hezbollah-russia.r2,dustbowl,normal,2,hezbollah,russia,1,2,complete,win,hezbollah,conquest,25654,17.1,42.5,-977782167,81,24700,21,28900,16600,r2hzrifle:36 r2hzat:24 r2hztechnical:8 r2hzrecoilless:6 htk:3 r2hzdrone:2 r2hzescort:1 r2hzrockets:1,16,6600,11,16600,28900,e2:6 shk:5 htnk:3 flakt:1 htk:1
rr.dustbowl.normal.hezbollah-iran.r2,dustbowl,normal,2,hezbollah,iran,1,2,complete,win,hezbollah,conquest,40624,27.08,59.7,-932033712,179,61500,32,64270,40850,r2hzrifle:73 r2hzat:52 r2hztechnical:23 r2hzrecoilless:11 r2hzdrone:5 r2hzrockets:5 r2hzscout:4 htk:3 dog:2 r2hzescort:1,70,19700,23,39700,63620,r2basij:40 r2toophan:20 r2karrar:4 dog:2 htk:2 r2fajr:1 r2raad:1
rr.tournament-2a.normal.china-iran.r2,tournament-2A,normal,2,china,iran,1,2,complete,win,china,conquest,16203,10.8,28.8,-551896513,39,16320,17,18720,6010,r2cnrifle:21 r2cnportable:6 r2qilin:4 r2lynx:2 r2zbd:2 r2cloud:1 r2crane:1 r2mantis:1 r2phl:1,11,3600,6,6010,18720,r2basij:5 r2toophan:4 htk:1 r2karrar:1
rr.dustbowl.normal.saudi-russia.r2,dustbowl,normal,2,saudi,russia,1,2,complete,win,russia,conquest,40324,26.88,70.0,-387053106,48,35940,29,35200,91000,r2saat:15 r2sang:12 r2m1a2s:8 r2caesar:4 r2sads:3 r2ah64sa:2 r2f15sa:2 dog:1 r2bradley:1,168,62600,27,91000,35200,e2:71 flakt:32 shk:31 htnk:11 htk:10 ttnk:8 apoc:2 dog:2 zep:1
rr.dustbowl.normal.hezbollah-yemen.r2,dustbowl,normal,2,hezbollah,yemen,1,2,complete,win,yemen,conquest,43087,28.72,68.9,-335187736,67,19900,36,51000,79250,r2hzat:32 r2hzrifle:31 r2hzscout:2 dog:1 r2hzrecoilless:1,196,72950,27,77850,52050,r2ymr:70 r2yrpg:57 r2technical:26 r2ytechrr:15 r2wadighost:6 r2ymlr:6 htk:5 r2samad:4 r2yzu:3 dog:2 r2yspot:2
rr.dustbowl.normal.turkey-china.r2,dustbowl,normal,2,turkey,china,1,2,complete,win,turkey,conquest,47822,31.88,70.4,-263197965,153,69475,32,91750,39720,r2trrifle:75 r2trat:32 r2bozkir:20 r2yildirim:6 dog:3 r2gokkalkan:3 r2kuzgun:3 r2sancak:3 r2turna:3 r2deniz:2 r2greywolf:1 r2sahin:1 r2trdroneop:1,52,32160,33,39720,91750,r2cnrifle:18 r2cnportable:11 r2qilin:11 r2phl:4 r2cloud:2 r2redspear:2 r2skyspear:2 r2mantis:1 r2zbd:1
rr.tournament-2a.normal.russia-yemen.r2,tournament-2A,normal,2,russia,yemen,1,2,complete,win,yemen,conquest,30794,20.53,46.7,313078111,22,9900,13,27700,34600,shk:7 e2:6 flakt:3 htnk:3 htk:2 ttnk:1,103,37600,27,34600,27700,r2ymr:37 r2yrpg:30 r2technical:13 r2ytechrr:11 r2ymlr:4 htk:3 r2wadighost:2 r2yzu:2 r2samad:1
rr.tournament-2a.normal.america-iran.r2,tournament-2A,normal,2,america,iran,1,2,complete,win,america,conquest,28518,19.01,43.9,355517002,54,31500,23,33190,14800,e1:23 mtnk:7 fv:6 cleg:4 jumpjet:4 mgtk:3 sref:3 dog:1 orca:1 shad:1 tany:1,36,12370,11,14800,33190,r2basij:18 r2toophan:10 r2karrar:3 r2raad:3 dog:1 htk:1
rr.dustbowl.normal.china-turkey.r2,dustbowl,normal,2,china,turkey,1,2,complete,win,china,conquest,50902,33.93,72.4,441264320,154,78700,32,103260,60530,r2cnrifle:70 r2cnportable:25 r2qilin:18 r2cloud:11 r2phl:8 r2mantis:5 r2zbd:5 r2crane:3 r2lynx:3 r2cnnetwork:2 r2redspear:2 dog:1 r2skyspear:1,68,38530,36,60360,103090,r2trrifle:26 r2trat:14 r2bozkir:11 r2yildirim:4 r2gokkalkan:3 r2aras:2 r2kuzgun:2 r2sahin:2 dog:1 r2greywolf:1 r2sancak:1 r2turna:1
rr.tournament-2a.normal.iran-hezbollah.r2,tournament-2A,normal,2,iran,hezbollah,1,2,complete,draw,,tick-cap,60001,40.0,82.7,780985813,123,42960,37,78700,75460,r2basij:69 r2toophan:28 r2karrar:15 r2fajr:5 htk:3 r2mohajer:1 r2raad:1 r2toufan:1,138,59650,42,75460,78700,r2hzrifle:43 r2hzat:42 r2hztechnical:21 r2hzrecoilless:11 r2hzscout:9 r2hzrockets:6 r2hzdrone:3 r2hzescort:2 htk:1
rr.dustbowl.normal.saudi-america.r2,dustbowl,normal,2,saudi,america,1,2,complete,win,saudi,conquest,39818,26.55,58.2,793490599,88,58230,27,63400,25500,r2sang:29 r2saat:21 r2m1a2s:16 r2sajtac:5 r2bradley:4 r2sads:4 r2ah64sa:3 r2caesar:3 dog:1 r2f15sa:1 r2falcon:1,37,22900,22,25500,63400,e1:12 mtnk:8 fv:5 jumpjet:4 orca:4 cleg:1 mgtk:1 sref:1 tany:1
rr.dustbowl.normal.america-turkey.r2,dustbowl,normal,2,america,turkey,1,2,complete,win,turkey,conquest,50673,33.78,72.0,1165252920,48,32500,27,45520,83400,e1:11 jumpjet:8 fv:7 mtnk:6 orca:5 shad:4 cleg:3 dog:2 mgtk:1 sref:1,147,72230,27,83400,45520,r2trrifle:66 r2trat:30 r2bozkir:21 r2gokkalkan:7 r2yildirim:6 r2kuzgun:4 dog:3 r2greywolf:3 r2sancak:2 r2aras:1 r2deniz:1 r2sahin:1 r2trdroneop:1 r2turna:1
rr.tournament-2a.normal.russia-israel.r2,tournament-2A,normal,2,russia,israel,1,2,complete,win,russia,conquest,44006,29.34,62.4,1374453921,150,57700,31,78020,36350,e2:60 flakt:36 shk:23 htnk:11 htk:9 apoc:4 ttnk:4 ivan:2 zep:1,40,33560,24,36350,78020,r2ilrifle:13 r2ilat:8 r2merkava:7 r2ilfalcon:3 r2ilhowitzer:3 r2ilgunship:2 dog:1 r2ilrecon:1 r2ilshield:1 r2namer:1
rr.dustbowl.normal.america-hezbollah.r2,dustbowl,normal,2,america,hezbollah,1,2,complete,win,america,conquest,40107,26.74,59.9,1607624867,87,54700,23,52350,27700,e1:32 jumpjet:11 fv:9 mtnk:9 sref:7 cleg:6 shad:6 mgtk:3 orca:2 dog:1 tany:1,64,20500,19,27700,52350,r2hzrifle:24 r2hzat:18 r2hztechnical:11 r2hzrecoilless:6 r2hzescort:3 dog:1 r2hzrockets:1
rr.tournament-2a.normal.iran-saudi.r2,tournament-2A,normal,2,iran,saudi,1,2,complete,win,iran,conquest,36740,24.49,53.2,1885020646,156,52540,27,58560,31660,r2basij:86 r2toophan:41 r2karrar:13 r2fajr:4 dog:3 htk:3 r2raad:3 r2azar:1 r2coast:1 r2toufan:1,34,26450,17,32710,59610,r2sang:10 r2saat:8 r2m1a2s:6 r2caesar:2 r2f15sa:2 r2sads:2 dog:1 r2ah64sa:1 r2bradley:1 r2falcon:1
rr.tournament-2a.normal.china-israel.r2,tournament-2A,normal,2,china,israel,1,2,complete,win,israel,conquest,27814,18.54,42.7,2000330679,33,15050,18,13510,50990,r2cnrifle:15 r2cnportable:8 r2qilin:4 r2zbd:2 r2cloud:1 r2lynx:1 r2phl:1 r2skyspear:1,59,35900,27,50990,13510,r2ilrifle:25 r2ilat:13 r2merkava:9 r2ilshield:3 dog:2 r2ilhowitzer:2 r2namer:2 r2ilfalcon:1 r2ilgunship:1 r2ilobserver:1
rr.dustbowl.normal.china-israel.r2,dustbowl,normal,2,china,israel,1,2,complete,win,china,conquest,37004,24.67,54.7,-2088083636,122,57560,27,67530,32280,r2cnrifle:58 r2qilin:22 r2cnportable:20 r2phl:6 r2cloud:4 r2mantis:3 r2lynx:2 r2zbd:2 dog:1 r2cnnetwork:1 r2crane:1 r2redspear:1 r2skyspear:1,38,24270,24,32280,67530,r2ilat:12 r2ilrifle:11 r2merkava:7 r2namer:3 dog:2 r2ilhowitzer:2 r2ilshield:1
rr.dustbowl.normal.israel-hezbollah.r2,dustbowl,normal,2,israel,hezbollah,1,2,complete,win,israel,conquest,15781,10.52,31.8,-1875564169,25,14250,16,17150,5290,r2ilrifle:10 r2ilat:7 r2merkava:4 dog:1 r2ilhowitzer:1 r2ilshield:1 r2namer:1,10,2300,5,5290,17150,r2hzrifle:6 r2hzat:4
rr.tournament-2a.normal.saudi-america.r2,tournament-2A,normal,2,saudi,america,1,2,complete,win,saudi,conquest,37172,24.78,54.2,-1867197414,68,41670,9,72550,39040,r2sang:26 r2saat:14 r2m1a2s:13 r2sads:8 r2caesar:3 r2bradley:2 dog:1 r2sajtac:1,45,25300,21,35990,69500,e1:20 fv:5 mtnk:5 jumpjet:3 orca:3 cleg:2 mgtk:2 shad:2 dog:1 sref:1 tany:1
rr.dustbowl.normal.yemen-america.r2,dustbowl,normal,2,yemen,america,1,2,complete,win,america,conquest,30819,20.55,50.4,-1556453134,56,18250,13,20300,40850,r2ymr:24 r2yrpg:12 r2technical:8 r2ytechrr:5 htk:3 r2ymlr:2 r2yzu:2,77,45500,23,40850,20300,e1:34 mtnk:10 fv:7 jumpjet:6 cleg:5 sref:5 mgtk:4 shad:3 orca:2 tany:1
rr.dustbowl.normal.iran-israel.r2,dustbowl,normal,2,iran,israel,1,2,complete,win,iran,conquest,42069,28.05,62.8,-1539733984,210,66580,29,77240,44980,r2basij:127 r2toophan:47 r2karrar:15 r2fajr:7 dog:3 htk:3 r2coast:2 r2dronecontrol:2 r2toufan:2 r2azar:1 r2raad:1,39,24980,26,43480,75740,r2ilrifle:14 r2ilat:10 r2merkava:7 r2ilhowitzer:3 r2ilshield:2 r2namer:2 dog:1
rr.dustbowl.normal.yemen-hezbollah.r2,dustbowl,normal,2,yemen,hezbollah,1,2,complete,win,hezbollah,conquest,23852,15.9,41.9,-1323246340,14,4750,7,14900,23200,r2yrpg:5 r2ymr:4 r2technical:2 r2ytechrr:2 htk:1,71,21300,26,23200,14900,r2hzrifle:33 r2hzat:22 r2hztechnical:7 r2hzdrone:3 r2hzrecoilless:3 r2hzescort:2 r2hzrockets:1
rr.tournament-2a.normal.saudi-russia.r2,tournament-2A,normal,2,saudi,russia,1,2,complete,win,russia,conquest,29864,19.91,46.1,-1053248979,27,16750,16,15300,51210,r2sang:10 r2saat:7 r2m1a2s:5 dog:1 r2bradley:1 r2caesar:1 r2f15sa:1 r2sads:1,57,23400,21,51210,15300,e2:20 shk:13 flakt:10 htnk:7 htk:4 ttnk:3
rr.tournament-2a.normal.turkey-america.r2,tournament-2A,normal,2,turkey,america,1,2,complete,win,america,conquest,30348,20.23,45.8,-912598540,34,16525,16,16200,45935,r2trrifle:15 r2bozkir:8 r2trat:5 r2gokkalkan:2 r2sancak:2 dog:1 r2yildirim:1,47,27100,23,45035,15300,e1:20 mtnk:8 fv:5 jumpjet:4 cleg:3 mgtk:2 sref:2 orca:1 shad:1 tany:1
rr.dustbowl.normal.china-iran.r2,dustbowl,normal,2,china,iran,1,2,complete,win,iran,conquest,49008,32.67,70.0,-904559370,46,26570,28,35320,76210,r2cnrifle:16 r2cnportable:10 r2qilin:9 r2cloud:4 r2phl:3 r2lynx:1 r2redspear:1 r2skyspear:1 r2zbd:1,211,64280,32,77710,36820,r2basij:127 r2toophan:48 r2karrar:13 r2coast:5 dog:4 htk:4 r2fajr:3 r2dronecontrol:2 r2raad:2 r2loiter:1 r2mohajer:1 r2toufan:1
rr.tournament-2a.normal.saudi-yemen.r2,tournament-2A,normal,2,saudi,yemen,1,2,complete,win,yemen,conquest,17426,11.62,30.2,-593820682,10,5410,9,8000,28770,r2saat:3 r2sang:3 r2m1a2s:2 dog:1 r2bradley:1,35,11700,14,28770,8000,r2yrpg:13 r2ymr:12 r2technical:4 r2ytechrr:3 r2yzu:2 r2ymlr:1
rr.tournament-2a.normal.turkey-hezbollah.r2,tournament-2A,normal,2,turkey,hezbollah,1,2,complete,win,hezbollah,conquest,16421,10.95,30.1,-451265072,17,6540,7,12050,25600,r2trrifle:8 r2trat:4 r2bozkir:2 r2sancak:2 dog:1,54,17650,16,25600,12050,r2hzrifle:22 r2hzat:16 r2hzrecoilless:5 r2hztechnical:5 r2hzdrone:2 r2hzrockets:2 dog:1 r2hzescort:1
rr.dustbowl.normal.russia-hezbollah.r2,dustbowl,normal,2,russia,hezbollah,1,2,complete,win,russia,conquest,46084,30.72,67.8,-289500846,196,74250,28,70400,43650,e2:85 flakt:40 shk:33 htnk:11 ttnk:10 htk:9 apoc:3 ivan:2 yuri:2 zep:1,73,26800,31,43150,69900,r2hzat:25 r2hzrifle:25 r2hzrecoilless:10 r2hzdrone:5 r2hzescort:3 r2hzrockets:3 r2hztechnical:2
rr.dustbowl.normal.hezbollah-china.r2,dustbowl,normal,2,hezbollah,china,1,2,complete,win,hezbollah,conquest,43947,29.3,64.5,-204540216,205,76550,36,112310,57200,r2hzrifle:82 r2hzat:53 r2hztechnical:24 r2hzrecoilless:13 r2hzdrone:9 r2hzrockets:8 r2hzscout:6 r2hzescort:5 htk:3 r2hzspotter:2,74,43170,40,57050,112160,r2cnrifle:31 r2cnportable:12 r2qilin:12 r2phl:6 r2cloud:3 r2redspear:3 r2zbd:3 r2crane:1 r2lynx:1 r2mantis:1 r2skyspear:1
rr.tournament-2a.normal.china-turkey.r2,tournament-2A,normal,2,china,turkey,1,2,complete,win,turkey,conquest,44045,29.36,62.4,-152690756,34,18490,22,27510,60330,r2cnrifle:17 r2cnportable:4 r2qilin:4 r2cloud:3 r2phl:2 r2skyspear:2 r2mantis:1 r2zbd:1,82,42675,29,60330,27510,r2trrifle:35 r2bozkir:15 r2trat:15 r2yildirim:5 dog:2 r2aras:2 r2greywolf:2 r2kuzgun:2 r2sancak:2 r2gokkalkan:1 r2sahin:1
rr.dustbowl.normal.hezbollah-saudi.r2,dustbowl,normal,2,hezbollah,saudi,1,2,complete,win,saudi,conquest,56665,37.78,79.4,389466542,93,31375,32,60810,80275,r2hzrifle:34 r2hzat:28 r2hztechnical:14 r2hzrecoilless:9 r2hzrockets:4 htk:1 r2hzdrone:1 r2hzescort:1 r2hzspotter:1,126,78580,34,79525,64240,r2sang:54 r2saat:26 r2m1a2s:22 r2caesar:8 r2sads:5 r2bradley:3 r2falcon:3 dog:2 r2ah64sa:2 r2f15sa:1
rr.tournament-2a.normal.america-yemen.r2,tournament-2A,normal,2,america,yemen,1,2,complete,win,america,conquest,21021,14.01,34.1,439695322,52,20500,19,42050,14800,e1:31 fv:7 mtnk:7 jumpjet:3 shad:2 dog:1 orca:1,43,14100,15,14800,42050,r2ymr:15 r2yrpg:15 r2technical:6 r2ytechrr:4 htk:1 r2ymlr:1 r2yzu:1
rr.tournament-2a.normal.america-turkey.r2,tournament-2A,normal,2,america,turkey,1,2,complete,win,america,conquest,15306,10.2,27.7,473836455,49,16600,15,28045,6800,e1:33 mtnk:8 fv:5 dog:2 shad:1,16,6685,10,6800,28045,r2trrifle:7 r2bozkir:3 r2trat:3 dog:1 r2aras:1 r2sancak:1
rr.dustbowl.normal.iran-hezbollah.r2,dustbowl,normal,2,iran,hezbollah,1,2,complete,win,hezbollah,conquest,37240,24.83,55.9,750826544,62,22740,23,33150,60610,r2basij:31 r2toophan:19 r2karrar:4 r2fajr:2 r2raad:2 htk:1 r2loiter:1 r2mohajer:1 r2toufan:1,157,55300,31,59660,33950,r2hzrifle:64 r2hzat:40 r2hztechnical:18 r2hzrecoilless:11 r2hzdrone:9 r2hzrockets:5 htk:3 r2hzescort:3 r2hzscout:2 r2hzspotter:2
rr.tournament-2a.normal.america-saudi.r2,tournament-2A,normal,2,america,saudi,1,2,complete,win,saudi,conquest,19102,12.73,32.7,782714276,22,9600,11,9570,34600,e1:13 mtnk:4 fv:3 orca:2,43,23610,22,34600,9570,r2sang:18 r2saat:10 r2m1a2s:8 r2bradley:2 r2sads:2 dog:1 r2caesar:1 r2sajtac:1
rr.tournament-2a.normal.russia-iran.r2,tournament-2A,normal,2,russia,iran,1,2,complete,win,russia,conquest,28340,18.89,43.3,1109322354,69,27500,24,44910,16100,e2:26 shk:18 flakt:10 htnk:8 htk:3 ttnk:3 ivan:1,47,16590,20,18100,46910,r2basij:26 r2toophan:11 r2karrar:5 r2fajr:2 htk:1 r2loiter:1 r2toufan:1
rr.tournament-2a.normal.israel-russia.r2,tournament-2A,normal,2,israel,russia,1,2,complete,win,russia,conquest,20152,13.43,33.2,1182221853,5,2470,5,8800,17380,r2ilat:2 dog:1 r2ilrifle:1 r2namer:1,42,19100,15,17380,8800,e2:13 shk:11 flakt:6 htnk:6 htk:3 ttnk:3
rr.tournament-2a.normal.saudi-iran.r2,tournament-2A,normal,2,saudi,iran,1,2,complete,win,saudi,conquest,39993,26.66,56.8,1308939862,64,43280,31,37060,36030,r2sang:24 r2m1a2s:12 r2saat:12 r2caesar:4 r2bradley:3 r2sads:3 dog:2 r2falcon:2 r2ah64sa:1 r2f15sa:1,37,12040,13,36030,37060,r2basij:21 r2toophan:8 r2karrar:5 htk:2 r2fajr:1
rr.tournament-2a.normal.hezbollah-russia.r2,tournament-2A,normal,2,hezbollah,russia,1,2,complete,win,hezbollah,conquest,24019,16.01,37.5,1514792793,88,27550,21,23800,18550,r2hzrifle:39 r2hzat:25 r2hztechnical:11 r2hzrecoilless:5 r2hzdrone:4 r2hzescort:2 r2hzrockets:2,13,5300,10,18550,23800,e2:5 shk:5 htnk:2 htk:1
rr.tournament-2a.normal.hezbollah-iran.r2,tournament-2A,normal,2,hezbollah,iran,1,2,complete,win,iran,conquest,14838,9.89,27.0,1543456792,3,850,6,5450,13150,r2hzat:2 r2hzrifle:1,34,11810,11,13150,5450,r2basij:19 r2toophan:8 r2karrar:4 r2fajr:2 htk:1
rr.dustbowl.normal.china-yemen.r2,dustbowl,normal,2,china,yemen,1,2,complete,win,china,conquest,37124,24.75,56.5,1813958024,112,53760,27,40100,27800,r2cnrifle:53 r2cnportable:20 r2qilin:20 r2phl:6 r2cloud:3 r2crane:3 r2lynx:2 r2cnnetwork:1 r2mantis:1 r2redspear:1 r2skyspear:1 r2zbd:1,39,13000,13,27800,40100,r2ymr:14 r2yrpg:12 r2technical:5 r2ytechrr:4 htk:2 r2ymlr:1 r2yzu:1
rr.dustbowl.normal.iran-china.r2,dustbowl,normal,2,iran,china,1,2,complete,win,china,conquest,50900,33.93,74.2,1878258302,124,44840,30,58470,101060,r2basij:66 r2toophan:31 r2karrar:12 r2fajr:6 htk:4 r2raad:3 r2loiter:1 r2toufan:1,172,82010,35,99260,58670,r2cnrifle:78 r2qilin:30 r2cnportable:29 r2lynx:7 r2mantis:6 r2phl:6 r2cloud:4 r2crane:4 r2zbd:3 dog:2 r2redspear:2 r2skyspear:1
rr.dustbowl.normal.turkey-america.r2,dustbowl,normal,2,turkey,america,1,2,complete,win,america,conquest,21875,14.58,39.9,1892420901,31,13725,16,6200,44935,r2trrifle:15 r2bozkir:5 r2trat:5 r2aras:2 r2yildirim:2 dog:1 r2kuzgun:1,51,21400,19,44935,6200,e1:27 mtnk:10 fv:7 jumpjet:4 dog:1 orca:1 shad:1
rr.tournament-2a.normal.russia-hezbollah.r2,tournament-2A,normal,2,russia,hezbollah,1,2,complete,win,hezbollah,conquest,16270,10.85,29.4,-2003166254,14,5600,8,7900,21700,e2:5 shk:5 htnk:2 flakt:1 htk:1,40,12800,13,21700,7900,r2hzrifle:17 r2hzat:11 r2hztechnical:6 r2hzdrone:2 r2hzrecoilless:2 r2hzescort:1 r2hzrockets:1
rr.tournament-2a.normal.hezbollah-israel.r2,tournament-2A,normal,2,hezbollah,israel,1,2,complete,win,israel,conquest,11925,7.95,23.1,-1915709713,3,850,5,4290,13200,r2hzat:2 r2hzrifle:1,16,9290,11,13200,4290,r2ilrifle:7 r2ilat:3 r2merkava:3 dog:1 r2ilhowitzer:1 r2namer:1
rr.dustbowl.normal.iran-russia.r2,dustbowl,normal,2,iran,russia,1,2,complete,win,russia,conquest,40302,26.87,63.9,-1710036615,79,27040,24,34000,72910,r2basij:46 r2toophan:18 r2karrar:7 r2fajr:2 r2raad:2 dog:1 r2azar:1 r2coast:1 r2loiter:1,160,59550,30,72210,34200,e2:70 flakt:37 shk:20 htnk:10 htk:9 ttnk:8 yuri:2 zep:2 apoc:1 dog:1
rr.dustbowl.normal.china-saudi.r2,dustbowl,normal,2,china,saudi,1,2,complete,draw,,tick-cap,60001,40.0,86.7,-1682388375,157,87120,38,102620,83630,r2cnrifle:66 r2qilin:28 r2cnportable:27 r2phl:8 r2cloud:7 r2mantis:7 r2redspear:5 r2skyspear:3 r2crane:2 r2zbd:2 r2cnnetwork:1 r2lynx:1,76,65760,40,83630,102620,r2sang:23 r2saat:16 r2m1a2s:11 r2ah64sa:6 r2f15sa:6 r2caesar:5 r2sads:4 r2falcon:3 dog:1 r2bradley:1
rr.tournament-2a.normal.yemen-hezbollah.r2,tournament-2A,normal,2,yemen,hezbollah,1,2,complete,win,yemen,conquest,39544,26.36,57.6,-1673012343,86,30150,25,42650,28100,r2ymr:29 r2yrpg:25 r2technical:14 r2ytechrr:9 r2ymlr:4 htk:2 r2yzu:2 r2samad:1,49,19550,11,28100,42650,r2hzrifle:15 r2hztechnical:11 r2hzat:8 r2hzrecoilless:6 r2hzrockets:4 r2hzdrone:3 htk:1 r2hzescort:1
rr.dustbowl.normal.yemen-iran.r2,dustbowl,normal,2,yemen,iran,1,2,complete,win,iran,conquest,48760,32.51,78.7,-1095646610,61,23150,23,51070,62750,r2yrpg:20 r2ymr:18 r2technical:9 r2ytechrr:8 r2ymlr:3 htk:1 r2wadighost:1 r2yzu:1,241,80200,33,62750,56660,r2basij:135 r2toophan:66 r2karrar:13 r2fajr:7 r2coast:5 dog:3 htk:3 r2raad:3 r2dronecontrol:2 r2loiter:2 r2azar:1 r2toufan:1
rr.dustbowl.normal.russia-israel.r2,dustbowl,normal,2,russia,israel,1,2,complete,draw,,tick-cap,60001,40.0,86.6,-1068429511,64,24150,26,62790,37050,e2:29 flakt:13 shk:8 ttnk:5 htk:4 htnk:4 apoc:1,81,67250,32,35750,61990,r2ilrifle:25 r2ilat:18 r2merkava:17 r2ilhowitzer:7 r2ilfalcon:4 r2ilgunship:4 r2ilrecon:2 r2ilshield:2 dog:1 r2namer:1
rr.dustbowl.normal.israel-america.r2,dustbowl,normal,2,israel,america,1,2,complete,draw,,tick-cap,60001,40.0,84.5,-814297310,135,89230,27,118000,66060,r2ilrifle:54 r2ilat:31 r2merkava:20 r2ilshield:9 r2ilhowitzer:6 r2ilgunship:4 r2ilrecon:4 dog:3 r2namer:2 r2ilfalcon:1 r2ilobserver:1,88,58600,50,66060,118000,e1:23 fv:17 jumpjet:16 orca:9 mtnk:8 shad:5 cleg:4 sref:4 mgtk:1 tany:1
