match,map,bot,replicate,faction_0,faction_1,spawn_0,spawn_1,status,result,winner,end_reason,end_tick,game_minutes,wall_seconds,engine_seed,units_0,unit_value_0,structures_0,destroyed_0,lost_0,production_0,units_1,unit_value_1,structures_1,destroyed_1,lost_1,production_1
rr.tournament-2a.normal.turkey-hezbollah.r0,tournament-2A,normal,0,turkey,hezbollah,1,2,complete,win,hezbollah,conquest,10124,6.75,43.7,-1256834747,5,1860,5,3175,16970,r2trrifle:2 dog:1 r2gokkalkan:1 r2trat:1,23,9925,9,16970,3175,r2hzrifle:7 r2hzat:5 r2hzrecoilless:3 r2hzescort:2 r2hzfpv:2 r2hzrail:2 r2hztechnical:2
rr.tournament-2a.normal.hezbollah-china.r0,tournament-2A,normal,0,hezbollah,china,1,2,complete,win,china,conquest,18655,12.44,53.2,-1250475249,22,9275,9,12390,29115,r2hzat:5 r2hzrifle:5 r2hztechnical:5 r2hzrail:3 r2hzrecoilless:3 r2hzfpv:1,50,20340,18,27025,10390,r2cnrifle:27 r2cnportable:8 r2qilin:7 r2lynx:2 r2mantis:2 r2zbd:2 r2cloud:1 r2phl:1
rr.dustbowl.normal.iran-saudi.r0,dustbowl,normal,0,iran,saudi,1,2,complete,win,saudi,conquest,58191,38.79,190.5,-1246476329,84,32450,29,46550,80020,r2basij:45 r2toophan:19 r2karrar:10 r2fajr:3 r2raad:3 r2coast:2 htk:1 r2mohajer:1,94,67380,31,81680,50310,r2sang:34 r2saat:22 r2m1a2s:16 r2ah64sa:5 r2caesar:5 r2falcon:3 r2sads:3 r2bradley:2 r2f15sa:2 dog:1 r2sajtac:1
rr.tournament-2a.normal.iran-yemen.r0,tournament-2A,normal,0,iran,yemen,1,2,complete,win,yemen,conquest,38724,25.82,68.2,-850054388,54,19310,15,32905,50280,r2basij:29 r2toophan:15 r2karrar:4 htk:2 r2fajr:2 r2coast:1 r2toufan:1,88,31000,25,48480,33255,r2ymr:30 r2yrpg:26 r2technical:15 r2ytechrr:9 r2ymlr:4 r2yzu:4
rr.tournament-2a.normal.israel-china.r0,tournament-2A,normal,0,israel,china,1,2,complete,win,china,conquest,19807,13.2,37.6,-750708791,11,6260,9,11250,30420,r2ilat:4 r2ilrifle:3 r2namer:2 dog:1 r2merkava:1,41,18900,18,30420,11250,r2cnrifle:20 r2cnportable:7 r2qilin:7 r2zbd:2 r2cloud:1 r2lynx:1 r2mantis:1 r2phl:1 r2skyspear:1
rr.tournament-2a.normal.hezbollah-america.r0,tournament-2A,normal,0,hezbollah,america,1,2,complete,draw,,tick-cap,60001,40.0,140.6,-371282752,96,50050,34,71930,74610,r2hzat:18 r2hztechnical:18 r2hzrifle:17 r2hzfpv:12 r2hzrecoilless:8 r2hzrail:7 r2hzscout:5 htk:4 r2hzescort:4 r2hzrockets:3,100,58600,40,74160,72500,e1:43 mtnk:16 fv:13 orca:9 cleg:4 jumpjet:4 sref:4 tany:3 mgtk:2 shad:2
rr.tournament-2a.normal.iran-saudi.r0,tournament-2A,normal,0,iran,saudi,1,2,complete,win,saudi,conquest,16975,11.32,52.9,-139629332,30,7700,9,5020,28070,r2basij:20 r2toophan:6 r2karrar:2 htk:1 r2raad:1,24,13480,15,28070,5020,r2sang:9 r2saat:5 r2m1a2s:4 dog:2 r2bradley:2 r2caesar:1 r2sads:1
rr.tournament-2a.normal.hezbollah-israel.r0,tournament-2A,normal,0,hezbollah,israel,1,2,complete,win,israel,conquest,25589,17.06,64.8,371035868,47,20100,14,25150,47040,r2hzrifle:13 r2hzat:11 r2hztechnical:9 r2hzrail:4 r2hzrecoilless:4 r2hzrockets:2 dog:1 htk:1 r2hzescort:1 r2hzfpv:1,40,28590,22,44950,23150,r2ilrifle:17 r2ilat:7 r2merkava:6 r2ilhowitzer:2 r2ilrecon:2 r2namer:2 dog:1 r2ilfalcon:1 r2ilgunship:1 r2ilshield:1
rr.tournament-2a.normal.china-america.r0,tournament-2A,normal,0,china,america,1,2,complete,win,america,conquest,18025,12.02,41.5,631891363,21,9180,11,12800,34970,r2cnrifle:9 r2qilin:5 r2cnportable:4 r2zbd:2 r2lynx:1,58,22000,22,34970,12800,e1:36 mtnk:10 fv:6 jumpjet:3 dog:1 orca:1 shad:1
rr.dustbowl.normal.yemen-america.r0,dustbowl,normal,0,yemen,america,1,2,complete,draw,,tick-cap,60001,40.0,430.4,1011098997,161,69705,40,91400,120950,r2yrpg:55 r2ymr:47 r2technical:13 r2ytechrr:11 r2wadighost:10 htk:6 r2ymlr:6 r2yspot:6 r2yzu:5 dog:2,156,108700,33,120950,91400,e1:40 jumpjet:26 mtnk:20 fv:17 cleg:11 shad:11 mgtk:9 sref:9 orca:7 tany:5 dog:1
rr.dustbowl.normal.yemen-iran.r0,dustbowl,normal,0,yemen,iran,1,2,complete,draw,,tick-cap,60001,40.0,361.7,1030367456,221,91980,42,90000,91945,r2ymr:72 r2yrpg:63 r2technical:31 r2ytechrr:18 r2wadighost:11 r2ymlr:9 htk:6 r2yzu:5 r2yspot:4 r2samad:2,177,59370,43,95455,96090,r2basij:103 r2toophan:45 r2karrar:12 r2coast:5 htk:4 r2fajr:3 r2azar:2 dog:1 r2mohajer:1 r2raad:1
rr.tournament-2a.normal.yemen-israel.r0,tournament-2A,normal,0,yemen,israel,1,2,complete,win,yemen,conquest,25006,16.67,55.7,1041147932,70,24070,20,33510,16815,r2ymr:28 r2yrpg:20 r2technical:7 r2ytechrr:7 r2ymlr:4 htk:3 r2samad:1,15,8700,11,16815,33510,r2ilat:5 r2ilrifle:5 r2merkava:2 dog:1 r2ilhowitzer:1 r2namer:1
rr.tournament-2a.normal.hezbollah-russia.r0,tournament-2A,normal,0,hezbollah,russia,1,2,complete,draw,,tick-cap,60001,40.0,275.3,1601689795,68,30575,23,41950,76035,r2hzrifle:15 r2hzat:14 r2hztechnical:14 r2hzrecoilless:9 r2hzrail:6 r2hzfpv:5 htk:2 r2hzescort:2 r2hzscout:1,211,70800,30,75525,42150,e2:101 flakt:45 shk:29 htnk:12 ttnk:9 htk:8 apoc:2 dog:2 ivan:2 zep:1
rr.dustbowl.normal.israel-china.r0,dustbowl,normal,0,israel,china,1,2,complete,win,israel,conquest,11732,7.82,166.3,97010123,18,10160,13,13380,3620,r2ilrifle:8 r2ilat:4 r2merkava:3 dog:1 r2ilhowitzer:1 r2namer:1,3,740,4,3620,13380,r2cnrifle:2 r2cnportable:1
rr.tournament-2a.normal.china-russia.r0,tournament-2A,normal,0,china,russia,1,2,complete,win,china,conquest,27017,18.01,153.0,371299037,93,40010,23,41600,22400,r2cnrifle:48 r2cnportable:18 r2qilin:13 r2phl:4 r2lynx:2 r2mantis:2 r2zbd:2 dog:1 r2cloud:1 r2crane:1 r2skyspear:1,40,18600,12,22400,41600,e2:13 shk:9 flakt:5 ttnk:5 htnk:4 htk:3 dog:1
rr.tournament-2a.normal.yemen-iran.r0,tournament-2A,normal,0,yemen,iran,1,2,complete,win,yemen,conquest,34461,22.97,148.2,1259294461,135,40230,33,47290,28275,r2ymr:62 r2yrpg:60 r2yspot:6 r2ytechrr:3 r2wadighost:2 htk:1 r2technical:1,47,17420,14,28275,47290,r2basij:23 r2toophan:12 r2karrar:7 htk:2 dog:1 r2coast:1 r2fajr:1
rr.dustbowl.normal.china-america.r0,dustbowl,normal,0,china,america,1,2,complete,win,china,conquest,14010,9.34,83.5,1730163389,31,12320,11,24400,6860,r2cnrifle:16 r2cnportable:6 r2qilin:4 r2mantis:2 r2zbd:2 r2lynx:1,11,3900,9,6860,24400,e1:7 dog:1 fv:1 mtnk:1 shad:1
rr.tournament-2a.normal.america-iran.r0,tournament-2A,normal,0,america,iran,1,2,complete,win,america,conquest,30838,20.56,136.8,1901872172,64,30000,23,41920,16300,e1:34 mtnk:12 fv:8 cleg:2 jumpjet:2 shad:2 sref:2 dog:1 orca:1,45,15200,13,16300,41920,r2basij:25 r2toophan:11 r2karrar:4 htk:2 r2fajr:2 r2raad:1
rr.tournament-2a.normal.saudi-yemen.r0,tournament-2A,normal,0,saudi,yemen,1,2,complete,win,saudi,conquest,49082,32.72,143.5,-1778099940,59,43960,30,56535,34490,r2sang:18 r2saat:15 r2m1a2s:11 r2caesar:5 r2falcon:3 r2bradley:2 r2sads:2 dog:1 r2ah64sa:1 r2f15sa:1,94,33320,9,31370,53415,r2yrpg:30 r2ymr:28 r2technical:17 r2ytechrr:10 r2ymlr:4 htk:3 dog:1 r2yzu:1
rr.dustbowl.normal.yemen-hezbollah.r0,dustbowl,normal,0,yemen,hezbollah,1,2,complete,win,hezbollah,conquest,48621,32.41,202.6,-1728690272,80,24445,23,46390,74340,r2ymr:33 r2yrpg:27 r2technical:10 r2ytechrr:5 dog:2 r2ymlr:2 r2yzu:1,128,64675,33,74310,50160,r2hzrifle:30 r2hzat:26 r2hztechnical:17 r2hzrecoilless:15 r2hzfpv:14 r2hzrockets:7 r2hzescort:5 r2hzscout:5 r2hzrail:4 r2hzdrone:3 htk:2
rr.tournament-2a.normal.yemen-turkey.r0,tournament-2A,normal,0,yemen,turkey,1,2,complete,win,turkey,conquest,25020,16.68,69.7,-1005988987,38,10520,13,20340,35815,r2ymr:18 r2yrpg:15 r2technical:3 r2ytechrr:2,44,19950,17,35815,20340,r2trrifle:20 r2trat:10 r2bozkir:8 r2gokkalkan:3 dog:1 r2kuzgun:1 r2yildirim:1
rr.dustbowl.normal.yemen-china.r0,dustbowl,normal,0,yemen,china,1,2,complete,win,yemen,conquest,25685,17.12,106.8,-335866160,91,31125,24,44400,23935,r2ymr:35 r2yrpg:25 r2technical:14 r2ytechrr:8 r2ymlr:4 r2yzu:3 htk:1 r2samad:1,32,10960,15,23935,44400,r2cnrifle:18 r2cnportable:8 r2qilin:4 r2zbd:2
rr.dustbowl.normal.hezbollah-israel.r0,dustbowl,normal,0,hezbollah,israel,1,2,complete,draw,,tick-cap,60001,40.0,229.2,-324260767,92,47800,32,68910,101070,r2hzat:23 r2hzrifle:15 r2hzrecoilless:14 r2hzfpv:13 r2hztechnical:9 r2hzescort:5 r2hzrail:5 r2hzscout:4 htk:2 r2hzrockets:2,96,75720,37,87750,62430,r2ilrifle:31 r2ilat:23 r2merkava:16 r2ilhowitzer:10 r2ilrecon:5 r2ilfalcon:3 dog:2 r2ilgunship:2 r2ilshield:2 r2namer:2
rr.dustbowl.normal.hezbollah-saudi.r0,dustbowl,normal,0,hezbollah,saudi,1,2,complete,win,hezbollah,conquest,39403,26.27,153.1,304835529,146,65675,33,75060,49695,r2hzrifle:43 r2hzat:41 r2hzfpv:23 r2hztechnical:13 r2hzrecoilless:9 r2hzrail:5 r2hzdrone:3 htk:2 r2hzrockets:2 r2hzscout:2 r2hzspotter:2 r2hzescort:1,40,25150,28,46535,75860,r2sang:15 r2saat:9 r2m1a2s:8 r2caesar:4 r2sads:2 dog:1 r2bradley:1
rr.dustbowl.normal.hezbollah-russia.r0,dustbowl,normal,0,hezbollah,russia,1,2,complete,draw,,tick-cap,60001,40.0,220.0,738139927,128,66550,43,62150,111350,r2hzrifle:26 r2hzat:23 r2hztechnical:21 r2hzfpv:13 r2hzrecoilless:12 r2hzrail:11 r2hzescort:7 r2hzscout:7 htk:5 r2hzrockets:3,236,83350,33,109580,62150,e2:106 flakt:55 shk:33 htk:13 htnk:13 ttnk:7 apoc:5 dog:2 zep:2
rr.dustbowl.normal.yemen-saudi.r0,dustbowl,normal,0,yemen,saudi,1,2,complete,draw,,tick-cap,60001,40.0,208.3,1830429999,158,67865,47,86640,99160,r2yrpg:52 r2ymr:41 r2technical:28 r2ytechrr:16 r2wadighost:8 r2ymlr:7 r2yzu:4 htk:2,122,88880,36,101060,88540,r2sang:44 r2saat:27 r2m1a2s:22 r2caesar:7 r2falcon:6 r2ah64sa:5 r2sads:5 dog:2 r2bradley:2 r2f15sa:2
rr.dustbowl.normal.russia-china.r0,dustbowl,normal,0,russia,china,1,2,complete,win,china,conquest,19508,13.01,60.4,1955318329,17,6800,10,9330,25800,e2:8 shk:5 htnk:2 htk:1 ttnk:1,37,15760,17,25800,9330,r2cnrifle:18 r2cnportable:7 r2qilin:6 r2lynx:2 r2zbd:2 r2cloud:1 r2phl:1
rr.tournament-2a.normal.yemen-america.r0,tournament-2A,normal,0,yemen,america,1,2,complete,win,america,conquest,44410,29.61,105.2,-1734213784,88,28600,33,58400,82645,r2yrpg:36 r2ymr:30 r2technical:9 r2ytechrr:5 r2ymlr:3 dog:2 htk:2 r2yzu:1,130,76800,34,82145,59400,e1:50 mtnk:20 fv:15 jumpjet:14 cleg:8 mgtk:7 shad:5 sref:5 tany:4 dog:1 orca:1
rr.tournament-2a.normal.yemen-russia.r0,tournament-2A,normal,0,yemen,russia,1,2,complete,win,russia,conquest,35417,23.61,88.4,-1339156870,44,15340,15,17100,43885,r2ymr:16 r2yrpg:13 r2technical:6 r2ytechrr:5 r2ymlr:2 r2yzu:2,65,25700,22,43885,17100,e2:26 shk:12 flakt:10 htnk:7 htk:6 ttnk:4
rr.dustbowl.normal.america-china.r0,dustbowl,normal,0,america,china,1,2,complete,draw,,tick-cap,60001,40.0,233.7,-667584834,97,71400,44,82590,133000,e1:25 fv:14 jumpjet:11 cleg:9 mtnk:9 orca:9 sref:8 tany:5 shad:4 mgtk:2 dog:1,167,96210,25,135340,84930,r2cnrifle:68 r2cnportable:30 r2qilin:24 r2mantis:14 r2phl:9 r2redspear:7 r2cloud:5 r2zbd:5 r2crane:2 r2lynx:2 r2skyspear:1
rr.dustbowl.normal.iran-russia.r0,dustbowl,normal,0,iran,russia,1,2,complete,draw,,tick-cap,60001,40.0,219.9,-471938662,204,60220,39,72050,119590,r2basij:123 r2toophan:55 r2karrar:10 r2fajr:6 r2raad:3 htk:2 r2loiter:2 r2toufan:2 dog:1,255,90350,34,117990,72450,e2:112 flakt:56 shk:42 htnk:14 ttnk:12 htk:11 apoc:3 dog:2 ivan:2 zep:1
rr.tournament-2a.normal.israel-america.r0,tournament-2A,normal,0,israel,america,1,2,complete,draw,,tick-cap,60001,40.0,137.7,-353018828,70,56360,34,109800,65400,r2ilrifle:18 r2ilat:17 r2merkava:14 r2ilshield:8 r2ilrecon:4 r2ilhowitzer:3 dog:2 r2ilfalcon:1 r2ilgunship:1 r2ilobserver:1 r2namer:1,88,61600,45,63500,107900,e1:27 mtnk:12 orca:12 fv:10 cleg:6 jumpjet:6 mgtk:4 tany:4 shad:3 sref:3 dog:1
rr.tournament-2a.normal.hezbollah-saudi.r0,tournament-2A,normal,0,hezbollah,saudi,1,2,complete,win,hezbollah,conquest,27215,18.14,69.0,1012263708,84,35975,27,38870,21525,r2hzrifle:24 r2hzat:17 r2hztechnical:12 r2hzrail:8 r2hzrecoilless:7 r2hzfpv:5 htk:3 r2hzdrone:3 r2hzrockets:3 dog:1 r2hzescort:1,15,9060,13,19975,38370,r2saat:4 r2bradley:3 r2m1a2s:3 r2sang:3 dog:2
rr.dustbowl.normal.saudi-america.r0,dustbowl,normal,0,saudi,america,1,2,complete,win,america,conquest,56277,37.52,194.0,1665219362,52,30660,33,59300,85770,r2sang:18 r2saat:17 r2m1a2s:7 r2caesar:3 dog:2 r2bradley:2 r2sads:2 r2f15sa:1,123,76800,32,87670,61200,e1:42 fv:19 mtnk:18 jumpjet:14 cleg:10 sref:7 mgtk:5 shad:3 orca:2 tany:2 dog:1
rr.tournament-2a.normal.turkey-china.r0,tournament-2A,normal,0,turkey,china,1,2,complete,win,turkey,conquest,40732,27.15,88.7,1692653163,112,56665,30,82810,41415,r2trrifle:53 r2bozkir:21 r2trat:20 r2gokkalkan:7 r2yildirim:4 r2greywolf:2 dog:1 r2kuzgun:1 r2sahin:1 r2sancak:1 r2turna:1,55,26610,28,38905,80300,r2cnrifle:23 r2cnportable:13 r2qilin:10 r2cloud:3 r2phl:2 r2zbd:2 r2lynx:1 r2skyspear:1
rr.tournament-2a.normal.turkey-russia.r0,tournament-2A,normal,0,turkey,russia,1,2,complete,draw,,tick-cap,60001,40.0,136.3,1714272928,103,59150,39,37360,80000,r2trrifle:40 r2bozkir:25 r2trat:21 r2yildirim:5 r2gokkalkan:4 r2greywolf:3 r2kuzgun:2 dog:1 r2sahin:1 r2turna:1,64,22250,27,77890,35250,e2:33 flakt:11 shk:9 htnk:4 ttnk:4 htk:2 apoc:1
rr.tournament-2a.normal.america-hezbollah.r0,tournament-2A,normal,0,america,hezbollah,1,2,complete,win,hezbollah,conquest,10644,7.1,37.8,-1714650222,10,3400,7,5025,22100,e1:7 mtnk:2 fv:1,27,10925,11,22100,5025,r2hzrifle:10 r2hzat:4 r2hztechnical:4 r2hzrecoilless:3 htk:2 r2hzfpv:2 r2hzrail:2
rr.tournament-2a.normal.russia-hezbollah.r0,tournament-2A,normal,0,russia,hezbollah,1,2,complete,win,hezbollah,conquest,27676,18.45,80.4,-1332888021,31,12100,14,30970,36200,e2:14 shk:8 htnk:3 flakt:2 htk:2 ttnk:2,68,27825,31,36200,32440,r2hzrifle:31 r2hzat:21 r2hzfpv:13 r2hzescort:1 r2hzrail:1 r2hzrecoilless:1
rr.dustbowl.normal.saudi-turkey.r0,dustbowl,normal,0,saudi,turkey,1,2,complete,win,saudi,conquest,42213,28.14,160.5,-1205885094,93,61240,28,88020,43790,r2sang:37 r2saat:20 r2m1a2s:16 r2bradley:4 r2caesar:4 r2sads:4 r2falcon:3 r2ah64sa:2 dog:1 r2f15sa:1 r2sajtac:1,51,25890,32,40620,84850,r2trrifle:18 r2trat:13 r2bozkir:7 r2gokkalkan:6 r2yildirim:3 dog:2 r2kuzgun:1 r2trdroneop:1
rr.tournament-2a.normal.turkey-israel.r0,tournament-2A,normal,0,turkey,israel,1,2,complete,win,israel,conquest,12692,8.46,43.3,-689418279,2,555,4,3180,13265,r2trat:1 r2trrifle:1,10,5400,10,13265,3180,r2ilrifle:5 dog:1 r2ilat:1 r2ilhowitzer:1 r2merkava:1 r2namer:1
rr.dustbowl.normal.hezbollah-china.r0,dustbowl,normal,0,hezbollah,china,1,2,complete,draw,,tick-cap,60001,40.0,248.4,-514832739,97,53275,33,76620,111025,r2hztechnical:19 r2hzrifle:18 r2hzfpv:15 r2hzat:13 r2hzrecoilless:11 r2hzscout:8 htk:6 r2hzrail:5 r2hzescort:1 r2hzrockets:1,169,88020,33,107485,80650,r2cnrifle:71 r2qilin:34 r2cnportable:31 r2phl:8 r2zbd:7 r2lynx:6 r2redspear:5 r2cloud:2 r2mantis:2 dog:1 r2crane:1 r2skyspear:1
rr.dustbowl.normal.turkey-china.r0,dustbowl,normal,0,turkey,china,1,2,complete,draw,,tick-cap,60001,40.0,252.9,-247261081,158,85405,49,99910,96805,r2trrifle:71 r2trat:32 r2bozkir:28 r2yildirim:9 r2gokkalkan:4 r2greywolf:4 r2turna:4 r2kuzgun:3 r2sahin:2 dog:1,166,88970,36,95005,98110,r2cnrifle:71 r2cnportable:33 r2qilin:26 r2phl:9 r2mantis:8 r2zbd:6 r2cloud:5 r2redspear:5 r2crane:1 r2lynx:1 r2skyspear:1
rr.dustbowl.normal.saudi-russia.r0,dustbowl,normal,0,saudi,russia,1,2,complete,draw,,tick-cap,60001,40.0,267.6,403831439,89,79420,40,81650,100010,r2sang:26 r2m1a2s:17 r2saat:17 r2f15sa:6 r2falcon:6 r2ah64sa:5 r2caesar:5 r2sads:5 dog:1 r2bradley:1,208,68100,38,95710,77350,e2:108 flakt:51 shk:13 htnk:12 htk:10 apoc:6 ttnk:5 ivan:2 zep:1
rr.dustbowl.normal.russia-yemen.r0,dustbowl,normal,0,russia,yemen,1,2,complete,win,russia,conquest,41704,27.8,183.8,1977205056,132,50800,27,54375,25500,e2:53 flakt:30 shk:18 htk:10 htnk:8 ttnk:7 apoc:2 ivan:2 dog:1 zep:1,58,18060,21,28900,60405,r2ymr:34 r2yrpg:16 r2ytechrr:3 r2wadighost:2 r2technical:1 r2ymlr:1 r2yzu:1
rr.dustbowl.normal.iran-hezbollah.r0,dustbowl,normal,0,iran,hezbollah,1,2,complete,win,hezbollah,conquest,53424,35.62,219.4,-2007941428,119,46200,39,72390,108770,r2basij:65 r2toophan:27 r2karrar:12 r2fajr:7 r2raad:4 r2toufan:2 htk:1 r2coast:1,175,86875,38,107370,77300,r2hzat:38 r2hzrifle:38 r2hzfpv:29 r2hzrecoilless:19 r2hztechnical:18 htk:6 r2hzscout:6 r2hzdrone:5 r2hzescort:5 r2hzrockets:5 r2hzrail:4 r2hzspotter:2
rr.dustbowl.normal.america-iran.r0,dustbowl,normal,0,america,iran,1,2,complete,draw,,tick-cap,60001,40.0,271.2,-1224590874,116,81300,28,93650,64800,e1:33 jumpjet:14 mtnk:14 fv:13 sref:10 mgtk:8 cleg:7 orca:6 tany:6 shad:5,193,58280,46,64000,92850,r2basij:122 r2toophan:43 r2karrar:9 htk:7 r2fajr:6 r2coast:3 r2azar:1 r2raad:1 r2toufan:1
rr.dustbowl.normal.america-yemen.r0,dustbowl,normal,0,america,yemen,1,2,complete,win,america,conquest,49368,32.91,244.6,-471393587,97,60400,30,58765,30400,e1:34 mtnk:17 fv:12 jumpjet:9 cleg:7 mgtk:5 sref:5 shad:4 orca:2 dog:1 tany:1,59,21920,23,29200,59065,r2yrpg:23 r2ymr:18 r2ytechrr:8 r2yzu:4 r2ymlr:3 htk:2 r2technical:1
rr.tournament-2a.normal.israel-iran.r0,tournament-2A,normal,0,israel,iran,1,2,complete,win,israel,conquest,14387,9.59,51.6,198340224,18,10160,11,13640,5420,r2ilrifle:8 r2ilat:4 r2merkava:3 dog:1 r2ilhowitzer:1 r2namer:1,5,1170,6,5420,13640,r2basij:3 r2toophan:2
rr.dustbowl.normal.israel-iran.r0,dustbowl,normal,0,israel,iran,1,2,complete,win,israel,conquest,30539,20.36,143.5,712721761,44,30180,27,33510,17110,r2ilrifle:19 r2ilat:8 r2merkava:7 r2ilhowitzer:3 r2ilshield:2 dog:1 r2ilfalcon:1 r2ilgunship:1 r2ilrecon:1 r2namer:1,28,8540,12,17110,33510,r2basij:16 r2toophan:8 r2karrar:2 htk:1 r2fajr:1
rr.dustbowl.normal.china-turkey.r0,dustbowl,normal,0,china,turkey,1,2,complete,win,china,conquest,29936,19.96,144.5,1505756134,66,29330,23,44170,19630,r2cnrifle:34 r2cnportable:10 r2qilin:9 r2zbd:4 r2cloud:2 r2mantis:2 r2phl:2 dog:1 r2lynx:1 r2skyspear:1,26,13410,15,19630,44170,r2trrifle:12 r2trat:5 r2bozkir:4 dog:1 r2gokkalkan:1 r2sahin:1 r2turna:1 r2yildirim:1
rr.dustbowl.normal.china-saudi.r0,dustbowl,normal,0,china,saudi,1,2,complete,win,saudi,conquest,28546,19.03,146.5,1971069925,20,9620,14,16080,39410,r2cnrifle:11 r2cnportable:3 r2qilin:2 r2cloud:1 r2phl:1 r2skyspear:1 r2zbd:1,41,24870,25,39410,16080,r2sang:16 r2saat:9 r2m1a2s:7 r2caesar:3 r2sads:3 r2bradley:2 dog:1
rr.dustbowl.normal.russia-turkey.r0,dustbowl,normal,0,russia,turkey,1,2,complete,win,turkey,conquest,22716,15.14,123.5,2137713514,11,5100,8,10220,22400,shk:5 e2:3 htnk:2 htk:1,35,15680,17,22400,10220,r2trrifle:16 r2trat:8 r2bozkir:5 r2gokkalkan:3 dog:1 r2kuzgun:1 r2yildirim:1
rr.tournament-2a.normal.china-yemen.r0,tournament-2A,normal,0,china,yemen,1,2,complete,win,china,conquest,46732,31.15,151.6,-1325273379,107,56220,32,67310,46690,r2cnrifle:46 r2cnportable:20 r2qilin:17 r2phl:7 r2cloud:4 r2lynx:4 r2zbd:3 r2redspear:2 r2cnnetwork:1 r2crane:1 r2mantis:1 r2skyspear:1,80,28925,23,44730,69520,r2ymr:25 r2yrpg:23 r2technical:14 r2ytechrr:9 r2ymlr:4 r2yzu:4 dog:1
rr.tournament-2a.normal.yemen-hezbollah.r0,tournament-2A,normal,0,yemen,hezbollah,1,2,complete,win,hezbollah,conquest,18725,12.48,71.6,-901413777,8,2110,7,6775,18405,r2ymr:4 r2yrpg:3 r2technical:1,33,13925,14,18405,6775,r2hzrifle:11 r2hzat:7 r2hztechnical:4 r2hzrail:3 r2hzrecoilless:3 r2hzfpv:2 htk:1 r2hzdrone:1 r2hzrockets:1
rr.dustbowl.normal.turkey-russia.r0,dustbowl,normal,0,turkey,russia,1,2,complete,win,turkey,conquest,17691,11.79,95.0,-851270577,24,11405,15,23350,6340,r2trrifle:11 r2bozkir:4 r2trat:4 r2gokkalkan:2 dog:1 r2kuzgun:1 r2yildirim:1,14,5000,8,5390,22400,e2:7 shk:4 htnk:2 htk:1
rr.dustbowl.normal.china-hezbollah.r0,dustbowl,normal,0,china,hezbollah,1,2,complete,win,china,conquest,55303,36.87,223.5,-197143213,157,82840,27,94715,60300,r2cnrifle:72 r2cnportable:25 r2qilin:22 r2phl:10 r2mantis:6 r2zbd:6 r2cloud:4 r2lynx:4 r2redspear:4 r2crane:2 dog:1 r2skyspear:1,79,38075,32,61250,99195,r2hzat:19 r2hzrifle:19 r2hzfpv:14 r2hztechnical:8 r2hzrecoilless:7 r2hzescort:3 r2hzrail:3 htk:2 r2hzrockets:2 r2hzscout:2
rr.tournament-2a.normal.israel-yemen.r0,tournament-2A,normal,0,israel,yemen,1,2,complete,win,israel,conquest,28799,19.2,83.2,84720985,34,25170,21,34275,13110,r2ilrifle:11 r2ilat:8 r2merkava:5 r2ilhowitzer:2 r2ilshield:2 dog:1 r2ilfalcon:1 r2ilgunship:1 r2ilobserver:1 r2ilrecon:1 r2namer:1,25,6730,16,12110,34775,r2ymr:12 r2yrpg:12 r2ytechrr:1
rr.dustbowl.normal.russia-saudi.r0,dustbowl,normal,0,russia,saudi,1,2,complete,win,saudi,conquest,26694,17.8,120.4,165519085,10,3600,11,10550,23400,shk:6 e2:3 flakt:1,30,21650,17,23400,10550,r2sang:10 r2saat:7 r2m1a2s:5 r2sads:2 dog:1 r2ah64sa:1 r2bradley:1 r2caesar:1 r2f15sa:1 r2falcon:1
rr.tournament-2a.normal.iran-russia.r0,tournament-2A,normal,0,iran,russia,1,2,complete,win,russia,conquest,52938,35.29,110.8,918062598,89,29840,28,42450,74510,r2basij:51 r2toophan:19 r2karrar:10 r2fajr:5 htk:2 dog:1 r2loiter:1,165,65100,32,74510,42450,e2:64 shk:39 flakt:28 htnk:12 htk:9 ttnk:8 apoc:2 dog:2 zep:1
rr.tournament-2a.normal.turkey-saudi.r0,tournament-2A,normal,0,turkey,saudi,1,2,complete,win,turkey,conquest,25218,16.81,54.5,1364190024,61,28945,19,49240,14225,r2trrifle:29 r2trat:12 r2bozkir:9 r2gokkalkan:6 r2yildirim:2 dog:1 r2kuzgun:1 r2sahin:1,23,16330,15,14225,49240,r2sang:9 r2saat:5 r2m1a2s:3 r2f15sa:2 dog:1 r2ah64sa:1 r2bradley:1 r2caesar:1
rr.tournament-2a.normal.turkey-yemen.r0,tournament-2A,normal,0,turkey,yemen,1,2,complete,win,turkey,conquest,25948,17.3,59.5,1902033133,43,19800,19,29795,13280,r2trrifle:20 r2trat:9 r2bozkir:7 r2gokkalkan:3 r2yildirim:2 dog:1 r2kuzgun:1,28,9650,10,13280,29795,r2ymr:10 r2yrpg:10 r2ytechrr:4 htk:2 r2technical:1 r2ymlr:1
rr.tournament-2a.normal.saudi-hezbollah.r0,tournament-2A,normal,0,saudi,hezbollah,1,2,complete,win,saudi,conquest,13364,8.91,44.8,2009606930,16,8690,11,13400,2100,r2sang:7 r2saat:3 r2m1a2s:2 dog:1 r2bradley:1 r2caesar:1 r2sads:1,2,800,4,2100,13400,r2hzat:1 r2hzrifle:1
rr.tournament-2a.normal.iran-china.r0,tournament-2A,normal,0,iran,china,1,2,complete,win,china,conquest,47136,31.42,106.7,2016416316,59,27340,19,37090,61610,r2basij:26 r2karrar:11 r2toophan:11 r2fajr:4 r2raad:4 htk:2 r2loiter:1,87,48410,26,64080,39560,r2cnrifle:38 r2qilin:16 r2cnportable:14 r2phl:6 r2cloud:3 r2crane:3 r2redspear:2 r2zbd:2 r2lynx:1 r2mantis:1 r2skyspear:1
rr.dustbowl.normal.israel-turkey.r0,dustbowl,normal,0,israel,turkey,1,2,complete,win,israel,conquest,12241,8.16,54.2,-1812642611,18,9360,11,14370,5340,r2ilrifle:8 r2ilat:5 r2merkava:2 dog:1 r2ilhowitzer:1 r2namer:1,5,1310,5,5340,14370,r2trat:2 r2trrifle:2 dog:1
rr.tournament-2a.normal.israel-russia.r0,tournament-2A,normal,0,israel,russia,1,2,complete,win,israel,conquest,16300,10.87,48.0,-1781421761,20,13820,13,19500,2490,r2ilrifle:6 r2ilat:5 r2merkava:4 r2ilhowitzer:2 dog:1 r2ilshield:1 r2namer:1,9,3300,7,2490,19500,e2:4 shk:3 htk:1 htnk:1
rr.dustbowl.normal.israel-saudi.r0,dustbowl,normal,0,israel,saudi,1,2,complete,win,saudi,conquest,37517,25.01,129.5,-1315687896,25,24200,19,22710,64910,r2ilat:6 r2ilrifle:5 r2merkava:4 r2ilhowitzer:3 r2ilfalcon:2 r2ilrecon:2 dog:1 r2ilgunship:1 r2namer:1,61,39410,27,64910,22710,r2sang:23 r2saat:13 r2m1a2s:11 r2sads:4 r2bradley:3 r2caesar:3 dog:1 r2ah64sa:1 r2f15sa:1 r2sajtac:1
rr.tournament-2a.normal.china-iran.r0,tournament-2A,normal,0,china,iran,1,2,complete,win,china,conquest,14242,9.49,30.7,-1295113109,38,15480,13,17730,6700,r2cnrifle:19 r2cnportable:7 r2qilin:7 r2mantis:2 r2zbd:2 r2lynx:1,9,3060,6,6700,17730,r2basij:4 r2toophan:3 htk:1 r2karrar:1
rr.tournament-2a.normal.yemen-saudi.r0,tournament-2A,normal,0,yemen,saudi,1,2,complete,win,saudi,conquest,20470,13.65,44.1,-1211595284,24,8140,9,12640,26885,r2yrpg:8 r2ymr:6 r2technical:5 r2ytechrr:3 dog:1 htk:1,28,18700,18,26885,12640,r2sang:10 r2saat:7 r2m1a2s:5 dog:1 r2ah64sa:1 r2bradley:1 r2caesar:1 r2f15sa:1 r2sads:1
rr.tournament-2a.normal.china-hezbollah.r0,tournament-2A,normal,0,china,hezbollah,1,2,complete,win,hezbollah,conquest,13015,8.68,40.2,-983426909,4,1590,5,5425,17030,r2cnrifle:2 r2cnportable:1 r2zbd:1,25,10525,11,17030,5425,r2hzrifle:8 r2hzat:5 r2hzrecoilless:3 r2hztechnical:3 r2hzfpv:2 r2hzrail:2 htk:1 r2hzescort:1
rr.dustbowl.normal.iran-yemen.r0,dustbowl,normal,0,iran,yemen,1,2,complete,win,yemen,conquest,44284,29.52,176.8,-759225209,81,26060,27,50355,71630,r2basij:44 r2toophan:24 r2karrar:5 htk:3 r2fajr:2 r2coast:1 r2loiter:1 r2mohajer:1,171,62500,33,71880,54460,r2ymr:60 r2yrpg:53 r2technical:22 r2ytechrr:14 r2ymlr:7 r2yzu:5 htk:3 r2wadighost:3 dog:2 r2samad:2
rr.tournament-2a.normal.iran-america.r0,tournament-2A,normal,0,iran,america,1,2,complete,win,america,conquest,34437,22.96,91.8,-577018321,57,14130,19,25200,46450,r2basij:37 r2toophan:15 r2karrar:3 htk:1 r2raad:1,90,53400,28,46650,25400,e1:40 jumpjet:9 mtnk:9 cleg:7 fv:7 sref:7 shad:4 mgtk:3 orca:2 dog:1 tany:1
rr.tournament-2a.normal.iran-hezbollah.r0,tournament-2A,normal,0,iran,hezbollah,1,2,complete,win,iran,conquest,58675,39.12,135.4,-8345953,272,88010,46,104730,89900,r2basij:159 r2toophan:63 r2karrar:18 r2fajr:7 r2coast:5 dog:4 htk:4 r2dronecontrol:4 r2raad:4 r2mohajer:2 r2azar:1 r2loiter:1,100,46300,34,87620,109830,r2hzat:22 r2hzrifle:19 r2hztechnical:17 r2hzrecoilless:12 htk:9 r2hzfpv:9 r2hzrail:6 r2hzrockets:3 r2hzescort:2 r2hzscout:1
rr.tournament-2a.normal.america-china.r0,tournament-2A,normal,0,america,china,1,2,complete,win,china,conquest,14446,9.63,39.4,344440338,13,4000,9,5090,26300,e1:10 mtnk:2 fv:1,25,11090,14,26300,5090,r2cnrifle:12 r2cnportable:5 r2qilin:3 r2zbd:2 r2cloud:1 r2lynx:1 r2phl:1
rr.tournament-2a.normal.russia-turkey.r0,tournament-2A,normal,0,russia,turkey,1,2,complete,win,turkey,conquest,15417,10.28,55.1,746946779,11,4900,10,2435,24800,shk:5 e2:2 htk:2 flakt:1 htnk:1,31,13975,13,24800,2435,r2trrifle:15 r2bozkir:6 r2trat:5 r2gokkalkan:2 dog:1 r2aras:1 r2yildirim:1
rr.dustbowl.normal.russia-israel.r0,dustbowl,normal,0,russia,israel,1,2,complete,draw,,tick-cap,60001,40.0,260.6,1026742512,184,62350,36,80220,62750,e2:91 flakt:41 shk:14 htnk:12 htk:11 ttnk:10 apoc:3 dog:2,69,55330,41,64770,82240,r2ilat:19 r2ilrifle:19 r2merkava:13 r2ilhowitzer:6 r2ilrecon:3 r2ilshield:3 r2ilfalcon:2 r2namer:2 dog:1 r2ilgunship:1
rr.tournament-2a.normal.israel-saudi.r0,tournament-2A,normal,0,israel,saudi,1,2,complete,win,saudi,conquest,13697,9.13,47.1,1284023573,3,920,5,5100,16880,dog:1 r2ilat:1 r2ilrifle:1,15,8550,11,16880,5100,r2sang:5 r2saat:4 r2bradley:2 r2m1a2s:2 dog:1 r2caesar:1
rr.dustbowl.normal.israel-hezbollah.r0,dustbowl,normal,0,israel,hezbollah,1,2,complete,win,israel,conquest,16244,10.83,74.0,1356677290,22,12800,14,16000,5280,r2ilrifle:10 r2ilat:5 r2merkava:3 dog:1 r2ilgunship:1 r2ilhowitzer:1 r2namer:1,3,1100,5,5280,16000,r2hzrifle:2 r2hzat:1
rr.dustbowl.normal.russia-hezbollah.r0,dustbowl,normal,0,russia,hezbollah,1,2,complete,draw,,tick-cap,60001,40.0,298.8,1763267466,292,99100,36,118535,89700,e2:142 flakt:68 shk:39 htnk:11 ttnk:11 htk:10 apoc:6 zep:3 dog:2,241,118650,37,89700,121205,r2hzat:51 r2hzrifle:51 r2hzfpv:35 r2hzrecoilless:28 r2hztechnical:25 htk:15 r2hzescort:10 r2hzscout:8 r2hzrail:7 r2hzdrone:6 r2hzrockets:3 r2hzspotter:2
rr.tournament-2a.normal.russia-saudi.r0,tournament-2A,normal,0,russia,saudi,1,2,complete,win,saudi,conquest,23725,15.82,70.1,2111582552,23,10500,10,10250,29000,e2:10 shk:6 htnk:4 ttnk:2 htk:1,27,19580,16,29000,10250,r2sang:9 r2m1a2s:5 r2saat:5 dog:2 r2ah64sa:1 r2bradley:1 r2caesar:1 r2f15sa:1 r2falcon:1 r2sads:1
rr.tournament-2a.normal.saudi-israel.r0,tournament-2A,normal,0,saudi,israel,1,2,complete,win,israel,conquest,27312,18.21,72.7,-1488281884,13,7100,8,15300,29310,r2sang:5 r2m1a2s:3 r2saat:3 dog:1 r2bradley:1,36,24780,21,27910,13900,r2ilrifle:14 r2ilat:8 r2merkava:5 r2ilhowitzer:2 r2namer:2 dog:1 r2ilfalcon:1 r2ilgunship:1 r2ilobserver:1 r2ilrecon:1
rr.dustbowl.normal.iran-china.r0,dustbowl,normal,0,iran,china,1,2,complete,win,iran,conquest,19981,13.32,113.5,-775468538,48,16680,17,24800,9850,r2basij:27 r2toophan:11 r2karrar:5 htk:2 r2fajr:2 r2toufan:1,9,3960,8,9850,24800,r2cnportable:3 r2cnrifle:3 r2qilin:3
rr.dustbowl.normal.hezbollah-iran.r0,dustbowl,normal,0,hezbollah,iran,1,2,complete,win,iran,conquest,39428,26.29,196.4,-662486624,47,21050,20,31430,58190,r2hzrifle:12 r2hzat:10 r2hzrecoilless:6 r2hzfpv:5 r2hztechnical:5 r2hzescort:4 htk:2 r2hzrail:2 r2hzrockets:1,126,42930,29,54430,31130,r2basij:72 r2toophan:29 r2karrar:10 r2dronecontrol:4 r2fajr:4 r2raad:3 htk:2 r2azar:1 r2toufan:1
rr.tournament-2a.normal.saudi-america.r0,tournament-2A,normal,0,saudi,america,1,2,complete,win,saudi,conquest,14056,9.37,48.4,388336276,18,10620,12,17800,4250,r2sang:6 r2saat:5 r2m1a2s:3 dog:1 r2bradley:1 r2caesar:1 r2sads:1,5,1500,6,4250,17800,e1:4 mtnk:1
rr.dustbowl.normal.turkey-saudi.r0,dustbowl,normal,0,turkey,saudi,1,2,complete,draw,,tick-cap,60001,40.0,234.6,477358888,108,64710,40,86580,78345,r2trrifle:42 r2trat:22 r2bozkir:18 r2yildirim:10 r2gokkalkan:6 r2greywolf:4 r2kuzgun:2 r2sahin:2 dog:1 r2turna:1,89,73600,39,76235,84470,r2sang:30 r2saat:19 r2m1a2s:14 r2caesar:7 r2f15sa:6 r2ah64sa:5 r2falcon:4 r2sads:3 dog:1
rr.dustbowl.normal.america-saudi.r0,dustbowl,normal,0,america,saudi,1,2,complete,win,saudi,conquest,55073,36.72,220.7,858719191,77,45000,36,69610,111400,e1:29 fv:14 mtnk:9 jumpjet:7 orca:5 shad:4 cleg:3 sref:3 tany:2 dog:1,132,94250,31,113040,71250,r2sang:40 r2saat:36 r2m1a2s:20 r2sads:10 r2caesar:8 r2falcon:6 r2bradley:5 r2ah64sa:3 dog:2 r2f15sa:1 r2sajtac:1
rr.tournament-2a.normal.hezbollah-iran.r0,tournament-2A,normal,0,hezbollah,iran,1,2,complete,win,iran,conquest,11084,7.39,39.9,1288166577,1,500,4,4140,12800,r2hzat:1,35,6490,14,12800,4140,r2basij:26 r2toophan:8 r2dronecontrol:1
rr.tournament-2a.normal.saudi-iran.r0,tournament-2A,normal,0,saudi,iran,1,2,complete,win,iran,conquest,51193,34.13,125.8,1703541497,45,35880,34,72580,102990,r2saat:15 r2sang:9 r2m1a2s:7 r2caesar:6 r2falcon:2 r2sads:2 dog:1 r2ah64sa:1 r2bradley:1 r2f15sa:1,281,92250,37,104080,73670,r2basij:165 r2toophan:72 r2karrar:11 r2coast:6 r2dronecontrol:5 r2fajr:5 r2raad:4 r2toufan:4 dog:3 htk:2 r2azar:2 r2mohajer:2
rr.dustbowl.normal.iran-israel.r0,dustbowl,normal,0,iran,israel,1,2,complete,win,iran,conquest,13613,9.08,62.7,-1475819665,48,14710,13,19580,5930,r2basij:29 r2toophan:9 r2karrar:5 htk:2 r2fajr:2 dog:1,4,1420,7,5930,19580,r2ilat:2 dog:1 r2ilrifle:1
rr.dustbowl.normal.america-hezbollah.r0,dustbowl,normal,0,america,hezbollah,1,2,complete,win,america,conquest,29153,19.44,120.0,-1348612785,32,18500,18,18550,7200,e1:14 fv:5 mtnk:5 cleg:2 sref:2 jumpjet:1 orca:1 shad:1 tany:1,7,2950,7,7200,18550,r2hzat:3 r2hzrifle:2 r2hzrail:1 r2hztechnical:1
rr.dustbowl.normal.israel-russia.r0,dustbowl,normal,0,israel,russia,1,2,complete,win,israel,conquest,21807,14.54,109.9,-1241415620,29,16960,17,23200,11860,r2ilrifle:13 r2ilat:6 r2merkava:5 r2namer:2 dog:1 r2ilhowitzer:1 r2ilshield:1,11,4100,10,11860,23200,shk:5 e2:4 flakt:1 htnk:1
rr.dustbowl.normal.hezbollah-yemen.r0,dustbowl,normal,0,hezbollah,yemen,1,2,complete,win,hezbollah,conquest,57549,38.37,248.0,-836045860,219,105525,51,123475,107860,r2hzrifle:52 r2hzat:42 r2hzfpv:28 r2hzrecoilless:27 r2hztechnical:27 r2hzrail:12 htk:7 r2hzscout:7 r2hzescort:6 r2hzrockets:5 r2hzdrone:4 dog:2,159,63880,39,96960,127475,r2ymr:52 r2yrpg:46 r2technical:24 r2ytechrr:14 r2ymlr:7 r2yzu:7 r2wadighost:6 htk:3
rr.tournament-2a.normal.china-saudi.r0,tournament-2A,normal,0,china,saudi,1,2,complete,win,saudi,conquest,44946,29.96,125.0,-130434761,46,21740,19,40640,64430,r2cnrifle:22 r2cnportable:9 r2qilin:7 r2phl:3 r2cloud:2 r2zbd:2 r2mantis:1,59,43870,29,64430,40640,r2saat:18 r2sang:16 r2m1a2s:9 r2caesar:5 r2sads:3 r2ah64sa:2 r2bradley:2 r2f15sa:2 dog:1 r2falcon:1
rr.dustbowl.normal.saudi-hezbollah.r0,dustbowl,normal,0,saudi,hezbollah,1,2,complete,win,saudi,conquest,14165,9.44,91.5,-126824727,15,9130,12,14050,3530,r2saat:5 r2sang:4 r2m1a2s:3 dog:1 r2bradley:1 r2caesar:1,3,1300,5,3530,14050,r2hzat:2 r2hzrifle:1
rr.dustbowl.normal.china-russia.r0,dustbowl,normal,0,china,russia,1,2,complete,win,china,conquest,46100,30.73,115.8,805444766,143,74550,24,72150,54460,r2cnrifle:65 r2cnportable:24 r2qilin:22 r2cloud:8 r2phl:8 r2crane:3 r2redspear:3 r2zbd:3 r2lynx:2 r2mantis:2 dog:1 r2cnnetwork:1 r2skyspear:1,68,26850,24,51420,72650,e2:27 shk:16 flakt:12 htnk:5 ttnk:4 htk:3 apoc:1
rr.tournament-2a.normal.saudi-russia.r0,tournament-2A,normal,0,saudi,russia,1,2,complete,win,russia,conquest,38870,25.91,58.7,1095670545,30,24540,19,25500,57450,r2saat:9 r2sang:7 r2m1a2s:5 r2ah64sa:3 r2caesar:2 dog:1 r2bradley:1 r2f15sa:1 r2falcon:1,59,30500,24,57450,25500,shk:21 flakt:14 e2:8 htnk:6 htk:5 ttnk:3 apoc:2
rr.dustbowl.normal.yemen-turkey.r0,dustbowl,normal,0,yemen,turkey,1,2,complete,win,turkey,conquest,21069,14.05,62.2,1613173664,22,7605,8,7965,27700,r2yrpg:9 r2ymr:7 r2ytechrr:4 htk:1 r2yzu:1,31,14325,15,27700,7965,r2trrifle:15 r2bozkir:7 r2trat:5 dog:1 r2gokkalkan:1 r2kuzgun:1 r2yildirim:1
rr.tournament-2a.normal.america-turkey.r0,tournament-2A,normal,0,america,turkey,1,2,complete,win,america,conquest,25738,17.16,44.4,1683783410,85,35200,30,53095,29900,e1:46 mtnk:16 fv:9 jumpjet:8 shad:3 dog:2 orca:1,39,19535,17,29900,53095,r2trrifle:17 r2trat:8 r2bozkir:7 r2gokkalkan:3 dog:1 r2kuzgun:1 r2sahin:1 r2yildirim:1
rr.tournament-2a.normal.america-yemen.r0,tournament-2A,normal,0,america,yemen,1,2,complete,win,yemen,conquest,28932,19.29,62.0,1925250718,31,15500,18,20865,51700,e1:14 fv:4 jumpjet:4 mtnk:3 orca:3 shad:2 dog:1,84,31515,25,52300,21465,r2yrpg:29 r2ymr:26 r2ytechrr:11 r2ymlr:5 r2technical:4 r2yzu:3 htk:2 r2samad:2 dog:1 r2yspot:1
rr.tournament-2a.normal.israel-turkey.r0,tournament-2A,normal,0,israel,turkey,1,2,complete,win,turkey,conquest,20494,13.66,58.0,2136251234,22,11710,11,15100,35170,r2ilat:8 r2ilrifle:8 r2namer:3 r2merkava:2 dog:1,56,23400,19,36120,16050,r2trrifle:30 r2trat:10 r2bozkir:9 r2gokkalkan:4 dog:1 r2kuzgun:1 r2yildirim:1
rr.dustbowl.normal.saudi-yemen.r0,dustbowl,normal,0,saudi,yemen,1,2,complete,draw,,tick-cap,60001,40.0,186.3,-2046216577,81,70010,42,88180,91070,r2sang:23 r2saat:17 r2m1a2s:16 r2caesar:7 r2falcon:5 r2ah64sa:4 r2f15sa:4 r2sads:3 dog:1 r2bradley:1,214,87580,41,86850,83960,r2ymr:72 r2yrpg:62 r2technical:29 r2ytechrr:18 r2wadighost:11 r2ymlr:8 r2yzu:5 htk:4 dog:2 r2yspot:2 r2samad:1
rr.tournament-2a.normal.russia-iran.r0,tournament-2A,normal,0,russia,iran,1,2,complete,win,russia,conquest,34101,22.73,78.4,-1739252987,96,35700,25,47710,18000,e2:42 flakt:17 shk:15 htnk:8 htk:7 ttnk:5 dog:1 zep:1,54,17490,18,18000,47710,r2basij:31 r2toophan:13 r2karrar:5 htk:2 r2fajr:2 r2raad:1
rr.dustbowl.normal.hezbollah-turkey.r0,dustbowl,normal,0,hezbollah,turkey,1,2,complete,win,turkey,conquest,41707,27.8,109.8,-1563852339,41,17875,23,37155,58215,r2hzrifle:12 r2hzat:11 r2hztechnical:5 r2hzfpv:4 r2hzrail:3 r2hzrecoilless:3 r2hzescort:2 r2hzrockets:1,99,54165,29,59790,39510,r2trrifle:43 r2bozkir:20 r2trat:17 r2gokkalkan:7 r2yildirim:4 r2greywolf:3 r2kuzgun:2 dog:1 r2sahin:1 r2sancak:1
rr.dustbowl.normal.iran-america.r0,dustbowl,normal,0,iran,america,1,2,complete,win,america,conquest,45425,30.28,124.6,-965207721,82,34020,27,37800,78490,r2basij:38 r2toophan:24 r2fajr:6 r2karrar:6 htk:4 r2raad:2 r2toufan:2,105,63600,29,81590,40900,e1:37 mtnk:18 jumpjet:15 fv:12 cleg:6 shad:5 sref:5 mgtk:3 orca:2 tany:2
rr.dustbowl.normal.turkey-yemen.r0,dustbowl,normal,0,turkey,yemen,1,2,complete,draw,,tick-cap,60001,40.0,167.7,-488291178,145,83105,38,100950,88135,r2trrifle:61 r2trat:30 r2bozkir:28 r2yildirim:9 r2greywolf:7 r2gokkalkan:3 r2turna:3 r2kuzgun:2 dog:1 r2sahin:1,195,79825,43,83475,98620,r2ymr:65 r2yrpg:59 r2technical:24 r2ytechrr:15 r2wadighost:9 r2ymlr:9 htk:6 r2yzu:6 r2yspot:2
rr.tournament-2a.normal.russia-china.r0,tournament-2A,normal,0,russia,china,1,2,complete,win,china,conquest,18710,12.47,56.3,-168600551,18,6800,10,8820,29000,e2:8 shk:4 htnk:3 htk:2 flakt:1,46,21540,17,29000,8820,r2cnrifle:22 r2cnportable:8 r2qilin:6 r2lynx:2 r2phl:2 r2zbd:2 r2cloud:1 r2cnnetwork:1 r2mantis:1 r2skyspear:1
rr.tournament-2a.normal.china-israel.r0,tournament-2A,normal,0,china,israel,1,2,complete,win,china,conquest,23975,15.98,50.9,303995472,54,26220,24,48640,15780,r2cnrifle:26 r2qilin:10 r2cnportable:8 r2phl:3 r2cloud:2 r2lynx:2 r2zbd:2 r2skyspear:1,23,13730,19,15780,48640,r2ilrifle:9 r2ilat:6 r2merkava:4 dog:1 r2ilhowitzer:1 r2ilshield:1 r2namer:1
rr.tournament-2a.normal.china-turkey.r0,tournament-2A,normal,0,china,turkey,1,2,complete,win,china,conquest,32453,21.64,68.4,382131920,41,19560,20,39210,18460,r2cnrifle:18 r2cnportable:8 r2qilin:8 r2mantis:2 r2zbd:2 r2cloud:1 r2crane:1 r2phl:1,23,11250,15,18460,39210,r2trrifle:10 r2bozkir:5 r2trat:4 dog:1 r2gokkalkan:1 r2kuzgun:1 r2yildirim:1
rr.tournament-2a.normal.america-saudi.r0,tournament-2A,normal,0,america,saudi,1,2,complete,win,saudi,conquest,40134,26.76,96.2,803995634,41,16900,18,28590,54700,e1:24 mtnk:9 fv:5 jumpjet:1 orca:1 shad:1,58,41850,27,55600,29490,r2sang:20 r2saat:14 r2m1a2s:9 r2caesar:3 r2falcon:3 r2sads:3 r2ah64sa:2 r2bradley:2 dog:1 r2f15sa:1
rr.dustbowl.normal.russia-iran.r0,dustbowl,normal,0,russia,iran,1,2,complete,win,russia,conquest,56624,37.75,165.8,1064625836,249,92950,31,123750,60200,e2:105 flakt:64 shk:37 ttnk:15 htk:10 htnk:8 apoc:5 ivan:3 zep:2,175,59200,43,60570,126720,r2basij:95 r2toophan:48 r2karrar:15 r2fajr:6 htk:4 r2raad:3 r2dronecontrol:2 r2mohajer:1 r2toufan:1
rr.tournament-2a.normal.iran-turkey.r0,tournament-2A,normal,0,iran,turkey,1,2,complete,win,turkey,conquest,14556,9.7,44.8,1213209617,2,540,5,2435,11630,r2basij:1 r2toophan:1,21,9850,11,11630,2435,r2trrifle:10 r2bozkir:4 r2trat:3 r2gokkalkan:2 dog:1 r2yildirim:1
rr.tournament-2a.normal.israel-hezbollah.r0,tournament-2A,normal,0,israel,hezbollah,1,2,complete,win,israel,conquest,37426,24.95,76.9,1641901244,72,51210,30,41955,28910,r2ilrifle:28 r2ilat:15 r2merkava:10 r2ilhowitzer:5 dog:3 r2ilrecon:3 r2ilfalcon:2 r2ilgunship:2 r2ilshield:2 r2namer:2,35,14275,15,26790,43555,r2hzrifle:12 r2hzat:9 r2hztechnical:5 r2hzrecoilless:3 r2hzfpv:2 dog:1 htk:1 r2hzescort:1 r2hzrail:1
rr.tournament-2a.normal.saudi-china.r0,tournament-2A,normal,0,saudi,china,1,2,complete,win,saudi,conquest,23169,15.45,50.6,1764677935,49,30850,23,38170,12030,r2sang:20 r2saat:11 r2m1a2s:7 r2bradley:2 r2caesar:2 r2sads:2 dog:1 r2ah64sa:1 r2f15sa:1 r2falcon:1 r2sajtac:1,29,12480,10,12030,38170,r2cnrifle:14 r2cnportable:4 r2qilin:4 r2zbd:4 r2mantis:2 dog:1
rr.dustbowl.normal.hezbollah-america.r0,dustbowl,normal,0,hezbollah,america,1,2,complete,win,hezbollah,conquest,19921,13.28,63.4,-2029650683,34,14150,16,28600,9810,r2hzrifle:10 r2hzat:7 r2hztechnical:6 r2hzrecoilless:4 htk:2 r2hzfpv:2 r2hzrail:2 r2hzdrone:1,11,3900,12,9180,28600,e1:7 fv:3 mtnk:1
rr.dustbowl.normal.saudi-china.r0,dustbowl,normal,0,saudi,china,1,2,complete,win,china,conquest,46101,30.73,101.7,-1879728000,50,33590,24,49830,81300,r2saat:20 r2sang:12 r2m1a2s:7 r2caesar:4 r2bradley:2 r2sads:2 dog:1 r2ah64sa:1 r2f15sa:1,142,73540,23,86070,54600,r2cnrifle:62 r2cnportable:27 r2qilin:25 r2phl:7 r2mantis:6 r2cloud:4 r2redspear:3 r2crane:2 r2lynx:2 r2zbd:2 r2cnnetwork:1 r2skyspear:1
rr.dustbowl.normal.turkey-america.r0,dustbowl,normal,0,turkey,america,1,2,complete,win,turkey,conquest,46603,31.07,89.1,-1564532255,135,69505,28,110155,50640,r2trrifle:61 r2trat:27 r2bozkir:22 r2gokkalkan:8 r2yildirim:5 r2greywolf:3 r2aras:2 r2kuzgun:2 r2turna:2 dog:1 r2sahin:1 r2sancak:1,89,42700,34,50685,110200,e1:46 mtnk:15 fv:12 jumpjet:5 orca:3 cleg:2 mgtk:2 shad:2 sref:1 tany:1
rr.dustbowl.normal.turkey-iran.r0,dustbowl,normal,0,turkey,iran,1,2,complete,win,turkey,conquest,13354,8.9,33.5,-1398391366,31,12930,12,19360,6010,r2trrifle:16 r2bozkir:6 r2trat:5 r2gokkalkan:2 dog:1 r2aras:1,12,3690,6,6010,19360,r2basij:6 r2toophan:4 htk:1 r2karrar:1
rr.dustbowl.normal.yemen-israel.r0,dustbowl,normal,0,yemen,israel,1,2,complete,win,israel,conquest,13701,9.13,32.0,-1062003448,6,1545,4,4780,13540,r2ymr:3 r2yrpg:3,19,10380,11,13540,4780,r2ilrifle:9 r2ilat:4 r2merkava:3 dog:1 r2ilhowitzer:1 r2namer:1
rr.tournament-2a.normal.hezbollah-yemen.r0,tournament-2A,normal,0,hezbollah,yemen,1,2,complete,draw,,tick-cap,60001,40.0,83.4,-871176827,143,61975,41,91475,110135,r2hzrifle:42 r2hzat:40 r2hzfpv:20 r2hzrecoilless:13 r2hztechnical:11 r2hzrail:4 htk:3 r2hzescort:3 r2hzrockets:3 dog:2 r2hzspotter:2,185,72080,44,108825,92675,r2ymr:62 r2yrpg:50 r2technical:28 r2ytechrr:19 r2ymlr:7 htk:6 r2wadighost:6 r2yzu:4 dog:2 r2samad:1
rr.tournament-2a.normal.saudi-turkey.r0,tournament-2A,normal,0,saudi,turkey,1,2,complete,win,saudi,conquest,20791,13.86,35.7,-740986111,27,14460,16,29640,7290,r2sang:13 r2m1a2s:5 r2saat:5 dog:1 r2bradley:1 r2caesar:1 r2sads:1,14,6680,10,7290,29640,r2trrifle:6 r2bozkir:3 r2gokkalkan:2 r2trat:2 dog:1
rr.dustbowl.normal.iran-turkey.r0,dustbowl,normal,0,iran,turkey,1,2,complete,win,turkey,conquest,32392,21.59,52.3,-690398204,47,16020,16,23785,45190,r2basij:23 r2toophan:15 r2karrar:4 htk:3 r2fajr:1 r2raad:1,85,42700,29,45190,23785,r2trrifle:40 r2bozkir:16 r2trat:15 r2gokkalkan:6 r2yildirim:4 dog:1 r2greywolf:1 r2kuzgun:1 r2sahin:1
rr.tournament-2a.normal.russia-israel.r0,tournament-2A,normal,0,russia,israel,1,2,complete,win,israel,conquest,26654,17.77,42.4,-384305454,34,13800,9,18970,31600,e2:14 shk:9 htnk:6 htk:5,37,23050,19,31600,18970,r2ilrifle:15 r2ilat:8 r2merkava:6 r2ilshield:3 r2ilhowitzer:2 r2namer:2 dog:1
rr.dustbowl.normal.china-yemen.r0,dustbowl,normal,0,china,yemen,1,2,complete,win,china,conquest,17968,11.98,34.1,-166263314,43,19840,19,25885,5780,r2cnrifle:22 r2cnportable:7 r2qilin:5 r2lynx:2 r2phl:2 r2zbd:2 r2cloud:1 r2mantis:1 r2skyspear:1,16,4840,8,5780,25885,r2yrpg:8 r2ymr:6 htk:1 r2ytechrr:1
rr.tournament-2a.normal.yemen-china.r0,tournament-2A,normal,0,yemen,china,1,2,complete,win,yemen,conquest,31283,20.86,47.9,-34743516,133,47770,30,55920,34095,r2ymr:48 r2yrpg:39 r2technical:20 r2ytechrr:11 r2ymlr:4 r2yzu:3 htk:2 r2samad:2 r2wadighost:2 r2yspot:2,42,19730,18,34095,55920,r2cnrifle:19 r2qilin:9 r2cnportable:7 r2phl:2 r2cloud:1 r2cnnetwork:1 r2lynx:1 r2mantis:1 r2zbd:1
rr.tournament-2a.normal.turkey-iran.r0,tournament-2A,normal,0,turkey,iran,1,2,complete,win,turkey,conquest,27239,18.16,43.2,40633265,71,32765,25,36400,22300,r2trrifle:33 r2trat:17 r2bozkir:12 r2gokkalkan:3 r2yildirim:3 dog:1 r2kuzgun:1 r2sahin:1,33,6930,16,19680,38200,r2basij:22 r2toophan:11
rr.dustbowl.normal.israel-america.r0,dustbowl,normal,0,israel,america,1,2,complete,win,israel,conquest,11326,7.55,26.8,175887122,19,10940,12,16000,2880,r2ilrifle:7 r2ilat:6 r2merkava:3 dog:1 r2ilhowitzer:1 r2namer:1,3,600,5,2880,16000,e1:3
rr.dustbowl.normal.america-israel.r0,dustbowl,normal,0,america,israel,1,2,complete,win,israel,conquest,14961,9.97,32.3,443087383,10,3900,9,4780,26200,e1:6 mtnk:3 fv:1,20,10600,12,26200,4780,r2ilrifle:10 r2ilat:4 r2merkava:3 dog:1 r2ilhowitzer:1 r2namer:1
rr.dustbowl.normal.china-iran.r0,dustbowl,normal,0,china,iran,1,2,complete,win,iran,conquest,45489,30.33,89.4,447313761,73,40460,39,58490,108800,r2cnrifle:28 r2cnportable:18 r2qilin:12 r2phl:5 r2cloud:3 r2zbd:3 r2redspear:2 r2mantis:1 r2skyspear:1,256,78840,33,109800,59490,r2basij:156 r2toophan:62 r2karrar:13 r2fajr:7 r2raad:6 htk:4 dog:3 r2azar:3 r2coast:1 r2loiter:1
rr.dustbowl.normal.saudi-iran.r0,dustbowl,normal,0,saudi,iran,1,2,complete,draw,,tick-cap,60001,40.0,112.2,474483061,72,60640,42,89300,106380,r2saat:22 r2sang:12 r2m1a2s:10 r2caesar:6 r2sads:5 r2ah64sa:4 r2sajtac:4 r2f15sa:3 r2falcon:3 dog:2 r2bradley:1,367,101010,34,107380,90300,r2basij:239 r2toophan:81 r2karrar:18 r2raad:6 htk:5 r2coast:4 r2dronecontrol:4 r2fajr:4 dog:2 r2toufan:2 r2azar:1 r2loiter:1
rr.tournament-2a.normal.turkey-america.r0,tournament-2A,normal,0,turkey,america,1,2,complete,win,turkey,conquest,31529,21.02,50.4,767904968,74,36570,30,56200,26435,r2trrifle:34 r2bozkir:13 r2trat:13 r2gokkalkan:6 dog:2 r2yildirim:2 r2aras:1 r2greywolf:1 r2kuzgun:1 r2sahin:1,41,22000,20,26435,56200,e1:16 fv:7 jumpjet:6 mtnk:6 orca:4 shad:2
rr.tournament-2a.normal.america-israel.r0,tournament-2A,normal,0,america,israel,1,2,complete,win,america,conquest,26543,17.7,42.2,1273348128,57,32100,24,46790,18600,e1:25 mtnk:10 jumpjet:6 fv:4 cleg:3 shad:3 mgtk:2 sref:2 orca:1 tany:1,23,14480,16,18600,46790,r2ilrifle:9 r2ilat:5 r2merkava:4 r2ilhowitzer:2 dog:1 r2ilshield:1 r2namer:1
rr.tournament-2a.normal.iran-israel.r0,tournament-2A,normal,0,iran,israel,1,2,complete,win,israel,conquest,29217,19.48,45.8,1343451521,26,8600,7,13760,27420,r2basij:15 r2toophan:6 r2karrar:3 r2raad:2,26,16280,18,27420,13760,r2ilrifle:9 r2ilat:7 r2merkava:3 r2namer:3 r2ilhowitzer:2 dog:1 r2ilshield:1
rr.dustbowl.normal.israel-yemen.r0,dustbowl,normal,0,israel,yemen,1,2,complete,win,yemen,conquest,53522,35.68,103.7,1597401036,44,40030,24,45905,86090,r2ilat:13 r2ilrifle:9 r2merkava:6 r2ilfalcon:4 r2ilgunship:4 r2ilhowitzer:3 dog:2 r2ilrecon:1 r2ilshield:1 r2namer:1,171,69035,37,89555,49370,r2yrpg:59 r2ymr:49 r2technical:24 r2ytechrr:15 r2ymlr:7 r2wadighost:6 htk:4 r2yzu:3 r2samad:2 r2yspot:2
rr.dustbowl.normal.turkey-hezbollah.r0,dustbowl,normal,0,turkey,hezbollah,1,2,complete,win,turkey,conquest,14262,9.51,30.9,1695975702,25,10465,12,12800,4285,r2trrifle:13 r2bozkir:5 r2trat:4 r2gokkalkan:2 dog:1,1,500,4,4285,12800,r2hzat:1
rr.tournament-2a.normal.russia-yemen.r0,tournament-2A,normal,0,russia,yemen,1,2,complete,win,yemen,conquest,15556,10.37,29.4,1800261977,9,4100,7,6525,20000,shk:4 e2:2 htk:2 htnk:1,37,13500,13,20000,6525,r2yrpg:16 r2ymr:10 r2ytechrr:5 r2technical:3 r2ymlr:2 htk:1
rr.dustbowl.normal.america-turkey.r0,dustbowl,normal,0,america,turkey,1,2,complete,win,america,conquest,54147,36.1,125.0,2006133527,135,85400,33,123965,56400,e1:47 jumpjet:20 fv:17 mtnk:13 cleg:11 mgtk:9 sref:9 shad:6 dog:1 orca:1 tany:1,100,56855,38,58000,125565,r2trrifle:41 r2trat:22 r2bozkir:16 r2gokkalkan:6 amcv:3 r2yildirim:3 dog:2 r2trdroneop:2 r2aras:1 r2greywolf:1 r2sahin:1 r2sancak:1 r2turna:1
rr.dustbowl.normal.yemen-russia.r0,dustbowl,normal,0,yemen,russia,1,2,complete,win,yemen,conquest,58341,38.89,125.3,2095709760,256,103475,34,77000,78925,r2ymr:85 r2yrpg:84 r2ytechrr:26 r2technical:17 r2wadighost:10 r2ymlr:9 r2samad:8 r2yzu:8 htk:5 dog:2 r2yspot:2,75,31000,24,79045,78500,e2:31 flakt:14 shk:14 ttnk:6 htnk:5 htk:3 apoc:2
rr.dustbowl.normal.turkey-israel.r0,dustbowl,normal,0,turkey,israel,1,2,complete,win,turkey,conquest,37759,25.17,74.8,-1659152580,109,52865,27,60620,35450,r2trrifle:53 r2trat:21 r2bozkir:19 r2yildirim:5 r2gokkalkan:4 r2kuzgun:3 dog:1 r2greywolf:1 r2sahin:1 r2turna:1,28,17810,23,35450,60620,r2ilat:10 r2ilrifle:8 r2merkava:4 r2ilhowitzer:2 r2ilshield:2 dog:1 r2namer:1
rr.dustbowl.normal.china-israel.r0,dustbowl,normal,0,china,israel,1,2,complete,draw,,tick-cap,60001,40.0,98.0,-1037318003,84,45570,39,78370,113360,r2cnrifle:31 r2cnportable:19 r2qilin:18 r2cloud:4 r2mantis:3 r2phl:3 r2zbd:3 r2skyspear:2 r2redspear:1,136,95070,30,115260,80270,r2ilrifle:56 r2ilat:28 r2merkava:23 r2ilhowitzer:8 r2ilshield:6 r2ilrecon:5 r2ilgunship:3 r2namer:3 dog:2 r2ilfalcon:2
rr.tournament-2a.normal.hezbollah-turkey.r0,tournament-2A,normal,0,hezbollah,turkey,1,2,complete,win,hezbollah,conquest,20720,13.81,35.1,-944857364,32,14150,17,26790,11330,r2hzrifle:9 r2hzat:6 r2hzrecoilless:6 r2hzfpv:4 r2hzrail:2 r2hztechnical:2 htk:1 r2hzescort:1 r2hzrockets:1,13,5730,8,10790,26790,r2trrifle:6 r2bozkir:3 r2trat:2 dog:1 r2gokkalkan:1
rr.dustbowl.normal.saudi-israel.r0,dustbowl,normal,0,saudi,israel,1,2,complete,win,saudi,conquest,39950,26.63,67.3,-913759626,73,46150,33,64530,34100,r2sang:30 r2saat:15 r2m1a2s:13 r2caesar:4 r2sads:4 dog:2 r2bradley:2 r2ah64sa:1 r2f15sa:1 r2falcon:1,33,24120,21,34100,64530,r2ilrifle:11 r2ilat:8 r2merkava:5 r2ilhowitzer:3 r2namer:2 dog:1 r2ilfalcon:1 r2ilrecon:1 r2ilshield:1
rr.tournament-2a.normal.america-turkey.r1,tournament-2A,normal,1,america,turkey,1,2,complete,win,turkey,conquest,14927,9.95,28.3,-593418788,3,600,5,3025,14600,e1:3,18,8590,11,14600,3025,r2trrifle:8 r2bozkir:4 r2trat:3 dog:1 r2gokkalkan:1 r2yildirim:1
rr.tournament-2a.normal.iran-israel.r1,tournament-2A,normal,1,iran,israel,1,2,complete,win,iran,conquest,24905,16.6,42.1,-309370640,53,17940,17,18180,12900,r2basij:31 r2toophan:11 r2karrar:6 r2fajr:2 r2raad:2 r2loiter:1,4,2220,5,12900,18180,dog:1 r2ilat:1 r2ilrifle:1 r2merkava:1
rr.tournament-2a.normal.turkey-china.r1,tournament-2A,normal,1,turkey,china,1,2,complete,win,china,conquest,15384,10.26,29.0,-236538335,4,910,5,5010,16220,r2trrifle:2 dog:1 r2trat:1,20,8270,13,16220,5010,r2cnrifle:11 r2cnportable:3 r2qilin:3 r2lynx:1 r2phl:1 r2zbd:1
rr.tournament-2a.normal.turkey-russia.r1,tournament-2A,normal,1,turkey,russia,1,2,complete,win,turkey,conquest,14059,9.37,28.0,-57840986,29,11575,14,13200,4025,r2trrifle:15 r2trat:6 r2bozkir:5 r2gokkalkan:2 dog:1,2,1000,4,4025,13200,shk:2
rr.tournament-2a.normal.saudi-iran.r1,tournament-2A,normal,1,saudi,iran,1,2,complete,win,saudi,conquest,13062,8.71,26.0,51378063,14,7700,10,13000,3750,r2sang:5 r2saat:4 r2m1a2s:2 dog:1 r2bradley:1 r2caesar:1,4,720,5,3750,13000,r2basij:3 r2toophan:1
rr.tournament-2a.normal.china-israel.r1,tournament-2A,normal,1,china,israel,1,2,complete,win,china,conquest,53245,35.5,78.2,112183681,87,48010,36,77330,50680,r2cnrifle:38 r2cnportable:16 r2qilin:10 r2cloud:6 r2phl:6 r2redspear:3 r2zbd:3 r2mantis:2 dog:1 r2lynx:1 r2skyspear:1,36,28720,23,50280,76930,r2ilrifle:11 r2ilat:8 r2merkava:7 dog:2 r2ilfalcon:2 r2ilhowitzer:2 r2ilrecon:2 r2ilshield:1 r2namer:1
rr.dustbowl.normal.israel-iran.r1,dustbowl,normal,1,israel,iran,1,2,complete,win,iran,conquest,50750,33.83,127.5,224858687,45,28880,25,41050,76890,r2ilrifle:19 r2ilat:10 r2merkava:8 r2ilhowitzer:3 r2ilshield:2 dog:1 r2ilfalcon:1 r2namer:1,213,67100,38,77770,42610,r2basij:130 r2toophan:48 r2karrar:13 r2fajr:5 dog:4 r2coast:4 r2raad:3 r2loiter:2 r2toufan:2 htk:1 r2azar:1
rr.dustbowl.normal.turkey-iran.r1,dustbowl,normal,1,turkey,iran,1,2,complete,win,iran,conquest,54294,36.2,157.0,310815501,72,40990,37,78170,111200,r2trrifle:28 r2trat:16 r2bozkir:11 r2yildirim:7 r2gokkalkan:4 r2greywolf:2 r2kuzgun:2 dog:1 r2sahin:1,348,108510,34,112200,79170,r2basij:204 r2toophan:91 r2karrar:17 r2fajr:7 htk:6 r2raad:6 r2coast:4 r2dronecontrol:4 dog:3 r2toufan:3 r2azar:1 r2loiter:1 r2mohajer:1
rr.dustbowl.normal.iran-israel.r1,dustbowl,normal,1,iran,israel,1,2,complete,win,iran,conquest,38570,25.71,118.7,896990565,155,51240,32,68480,37960,r2basij:91 r2toophan:37 r2karrar:9 r2fajr:5 r2raad:4 r2dronecontrol:2 dog:1 htk:1 r2azar:1 r2coast:1 r2loiter:1 r2mohajer:1 r2toufan:1,35,26970,19,37960,68480,r2ilrifle:11 r2ilat:8 r2merkava:7 r2ilshield:2 r2namer:2 dog:1 r2ilfalcon:1 r2ilgunship:1 r2ilhowitzer:1 r2ilrecon:1
rr.dustbowl.normal.israel-russia.r1,dustbowl,normal,1,israel,russia,1,2,complete,win,israel,conquest,21837,14.56,62.8,1500990890,31,21840,18,26550,11960,r2ilrifle:12 r2ilat:6 r2merkava:4 r2namer:2 dog:1 r2ilfalcon:1 r2ilgunship:1 r2ilhowitzer:1 r2ilobserver:1 r2ilrecon:1 r2ilshield:1,16,6700,10,10910,25500,e2:7 shk:5 htnk:2 htk:1 ttnk:1
rr.tournament-2a.normal.america-china.r1,tournament-2A,normal,1,america,china,1,2,complete,win,america,conquest,29223,19.48,47.5,1883666947,60,29700,24,36340,18500,e1:31 mtnk:9 fv:5 jumpjet:4 shad:3 cleg:2 sref:2 dog:1 mgtk:1 orca:1 tany:1,20,10400,12,18500,36340,r2cnrifle:10 r2cnportable:3 r2qilin:2 r2cloud:1 r2mantis:1 r2phl:1 r2skyspear:1 r2zbd:1
rr.tournament-2a.normal.saudi-turkey.r1,tournament-2A,normal,1,saudi,turkey,1,2,complete,win,turkey,conquest,21293,14.2,36.3,2083346588,17,8990,11,14220,34700,r2sang:7 r2saat:4 r2bradley:2 r2m1a2s:2 dog:1 r2caesar:1,56,25050,19,34700,14220,r2trrifle:30 r2bozkir:9 r2trat:9 r2gokkalkan:3 r2yildirim:2 dog:1 r2kuzgun:1 r2sahin:1
rr.dustbowl.normal.turkey-russia.r1,dustbowl,normal,1,turkey,russia,1,2,complete,draw,,tick-cap,60001,40.0,118.3,2126537819,166,90485,32,70165,85820,r2trrifle:77 r2bozkir:32 r2trat:26 r2gokkalkan:10 r2yildirim:10 r2greywolf:7 dog:1 r2aras:1 r2kuzgun:1 r2sahin:1,141,50850,34,81005,67850,e2:67 flakt:25 shk:21 htnk:13 htk:7 ttnk:6 apoc:1 zep:1
rr.tournament-2a.normal.china-yemen.r1,tournament-2A,normal,1,china,yemen,1,2,complete,win,yemen,conquest,28432,18.95,45.5,-1936463597,28,13120,17,28745,44610,r2cnrifle:11 r2cnportable:7 r2qilin:6 r2cloud:1 r2lynx:1 r2phl:1 r2zbd:1,114,38795,29,44610,28745,r2ymr:43 r2yrpg:32 r2technical:13 r2ytechrr:12 r2yzu:5 r2samad:3 r2ymlr:3 dog:2 htk:1
rr.dustbowl.normal.america-iran.r1,dustbowl,normal,1,america,iran,1,2,complete,draw,,tick-cap,60001,40.0,108.9,-1847585145,91,63100,30,54350,43200,e1:25 jumpjet:13 fv:12 mtnk:12 cleg:9 sref:6 shad:5 orca:4 mgtk:3 dog:1 tany:1,57,22680,22,41200,52350,r2basij:27 r2toophan:17 r2fajr:4 r2karrar:4 r2raad:3 htk:2
rr.tournament-2a.normal.iran-china.r1,tournament-2A,normal,1,iran,china,1,2,complete,win,china,conquest,24382,16.25,40.4,-1477031189,39,12190,12,17530,34560,r2basij:21 r2toophan:12 r2karrar:4 htk:1 r2raad:1,66,28300,23,34560,17530,r2cnrifle:35 r2qilin:10 r2cnportable:9 r2zbd:3 r2lynx:2 r2mantis:2 dog:1 r2cloud:1 r2crane:1 r2phl:1 r2skyspear:1
rr.tournament-2a.normal.russia-china.r1,tournament-2A,normal,1,russia,china,1,2,complete,win,china,conquest,14897,9.93,29.0,-1071760284,9,3300,7,4140,19200,e2:4 shk:3 htk:1 htnk:1,33,14940,16,19200,4140,r2cnrifle:17 r2cnportable:5 r2qilin:3 r2phl:2 r2zbd:2 r2cloud:1 r2cnnetwork:1 r2lynx:1 r2mantis:1
rr.dustbowl.normal.saudi-hezbollah.r1,dustbowl,normal,1,saudi,hezbollah,1,2,complete,win,hezbollah,conquest,44936,29.96,86.3,-982107601,28,23680,17,45810,58890,r2sang:9 r2m1a2s:6 r2saat:4 r2caesar:3 r2f15sa:2 dog:1 r2ah64sa:1 r2bradley:1 r2falcon:1,115,52975,35,58890,47250,r2hzrifle:32 r2hzat:24 r2hztechnical:18 r2hzrecoilless:11 r2hzfpv:9 r2hzescort:5 r2hzrail:4 r2hzrockets:4 htk:3 r2hzdrone:3 r2hzscout:2
rr.tournament-2a.normal.saudi-china.r1,tournament-2A,normal,1,saudi,china,1,2,complete,win,china,conquest,20197,13.46,35.3,-781277011,11,5730,9,13880,29140,r2sang:4 r2saat:3 r2m1a2s:2 dog:1 r2bradley:1,35,16270,17,29140,13880,r2cnrifle:16 r2cnportable:7 r2qilin:7 r2cloud:1 r2crane:1 r2mantis:1 r2phl:1 r2zbd:1
rr.dustbowl.normal.yemen-turkey.r1,dustbowl,normal,1,yemen,turkey,1,2,complete,win,yemen,conquest,18677,12.45,41.7,-759265099,45,14200,17,27575,11170,r2ymr:20 r2yrpg:15 r2technical:4 r2ytechrr:3 r2ymlr:2 r2yzu:1,10,4315,9,11170,27575,dog:3 r2trrifle:3 r2gokkalkan:2 r2bozkir:1 r2trat:1
rr.tournament-2a.normal.turkey-israel.r1,tournament-2A,normal,1,turkey,israel,1,2,complete,win,turkey,conquest,40879,27.25,61.7,-427191796,61,30100,29,48240,30645,r2trrifle:30 r2bozkir:11 r2trat:10 r2gokkalkan:4 r2yildirim:2 dog:1 r2greywolf:1 r2kuzgun:1 r2sahin:1,24,15730,15,30645,48240,r2ilrifle:9 r2ilat:5 r2merkava:4 r2ilhowitzer:3 dog:1 r2ilshield:1 r2namer:1
rr.tournament-2a.normal.yemen-israel.r1,tournament-2A,normal,1,yemen,israel,1,2,complete,win,israel,conquest,25944,17.3,42.6,-340526593,36,13350,15,18040,40895,r2ymr:10 r2yrpg:9 r2technical:7 r2ytechrr:5 htk:3 r2ymlr:1 r2yzu:1,59,35720,29,40895,18040,r2ilrifle:26 r2ilat:13 r2merkava:8 dog:3 r2namer:3 r2ilhowitzer:2 r2ilfalcon:1 r2ilgunship:1 r2ilrecon:1 r2ilshield:1
rr.dustbowl.normal.turkey-israel.r1,dustbowl,normal,1,turkey,israel,1,2,complete,win,turkey,conquest,41901,27.93,65.9,-119467331,82,45775,32,68390,32570,r2trrifle:35 r2bozkir:17 r2trat:13 r2gokkalkan:5 r2yildirim:4 r2kuzgun:3 r2greywolf:2 dog:1 r2sahin:1 r2sancak:1,35,21800,24,32790,68610,r2ilrifle:15 r2ilat:8 r2merkava:4 r2ilhowitzer:3 r2ilshield:2 dog:1 r2ilfalcon:1 r2namer:1
rr.tournament-2a.normal.china-america.r1,tournament-2A,normal,1,china,america,1,2,complete,win,america,conquest,22260,14.84,37.6,85989338,23,10250,9,15100,37690,r2cnrifle:10 r2cnportable:5 r2zbd:3 r2mantis:2 r2qilin:2 r2lynx:1,62,27000,21,37690,15100,e1:30 mtnk:12 fv:10 jumpjet:7 dog:1 orca:1 shad:1
rr.tournament-2a.normal.america-iran.r1,tournament-2A,normal,1,america,iran,1,2,complete,win,iran,conquest,20117,13.41,35.1,188823544,18,5900,9,11160,27000,e1:12 mtnk:3 fv:2 dog:1,53,18350,17,27000,11160,r2basij:30 r2toophan:11 r2karrar:6 r2fajr:2 r2raad:2 htk:1 r2loiter:1
rr.tournament-2a.normal.russia-saudi.r1,tournament-2A,normal,1,russia,saudi,1,2,complete,win,saudi,conquest,43267,28.84,62.7,462252131,28,14200,18,45170,45300,shk:10 flakt:6 e2:4 htnk:4 htk:2 ttnk:2,83,62230,31,45300,45170,r2sang:24 r2saat:23 r2m1a2s:15 r2ah64sa:4 r2sads:4 r2bradley:3 r2caesar:3 r2falcon:3 r2f15sa:2 dog:1 r2sajtac:1
rr.dustbowl.normal.yemen-america.r1,dustbowl,normal,1,yemen,america,1,2,complete,win,yemen,conquest,12643,8.43,31.0,537827364,37,11875,16,23900,4825,r2ymr:15 r2yrpg:10 r2technical:4 r2ytechrr:4 htk:2 dog:1 r2ymlr:1,12,3800,7,4825,23900,e1:8 mtnk:2 dog:1 fv:1
rr.dustbowl.normal.israel-hezbollah.r1,dustbowl,normal,1,israel,hezbollah,1,2,complete,win,israel,conquest,14890,9.93,31.1,543693509,17,9660,14,18675,3400,r2ilrifle:8 r2ilat:3 r2merkava:3 dog:1 r2ilhowitzer:1 r2namer:1,9,3775,5,3400,18675,r2hzrifle:4 r2hzat:3 r2hzescort:1 r2hzrecoilless:1
rr.tournament-2a.normal.america-yemen.r1,tournament-2A,normal,1,america,yemen,1,2,complete,draw,,tick-cap,60001,40.0,83.4,849919146,46,27600,28,58905,45500,e1:17 fv:7 jumpjet:5 mtnk:5 cleg:3 orca:3 shad:2 tany:2 dog:1 sref:1,142,47670,33,45500,58905,r2ymr:58 r2yrpg:50 r2technical:14 r2ytechrr:10 r2ymlr:5 r2wadighost:2 r2yzu:2 htk:1
rr.dustbowl.normal.america-turkey.r1,dustbowl,normal,1,america,turkey,1,2,complete,draw,,tick-cap,60001,40.0,86.8,854059409,165,100200,35,102345,80500,e1:55 jumpjet:31 fv:23 mtnk:16 shad:12 cleg:8 sref:8 mgtk:6 orca:4 dog:1 tany:1,116,69445,51,79700,101545,r2trrifle:39 r2trat:26 r2bozkir:20 r2gokkalkan:12 r2yildirim:7 dog:3 r2greywolf:3 r2kuzgun:3 r2sahin:2 r2turna:1
rr.tournament-2a.normal.hezbollah-china.r1,tournament-2A,normal,1,hezbollah,china,1,2,complete,win,china,conquest,17125,11.42,30.3,1089848043,8,2950,7,8190,17500,r2hzrifle:3 r2hzat:2 dog:1 r2hzrail:1 r2hztechnical:1,38,16810,18,17500,8190,r2cnrifle:18 r2cnportable:7 r2qilin:7 r2mantis:2 r2zbd:2 r2lynx:1 r2phl:1
rr.tournament-2a.normal.america-hezbollah.r1,tournament-2A,normal,1,america,hezbollah,1,2,complete,win,america,conquest,33293,22.2,50.2,1392315762,87,55500,29,55705,19900,e1:33 mtnk:13 cleg:8 fv:8 jumpjet:6 mgtk:5 shad:5 sref:5 tany:2 dog:1 orca:1,56,22525,16,19000,54805,r2hzrifle:18 r2hzat:13 dog:5 r2hzrecoilless:5 r2hztechnical:4 htk:3 r2hzescort:3 r2hzrail:3 r2hzfpv:2
rr.dustbowl.normal.china-america.r1,dustbowl,normal,1,china,america,1,2,complete,draw,,tick-cap,60001,40.0,116.4,1685056801,221,113400,24,107230,107070,r2cnrifle:100 r2cnportable:41 r2qilin:30 r2mantis:12 r2phl:11 r2cloud:7 r2redspear:5 r2crane:4 r2lynx:4 r2cnnetwork:3 r2zbd:3 r2skyspear:1,123,72700,51,101940,102100,e1:49 mtnk:21 fv:15 jumpjet:10 cleg:6 orca:6 mgtk:5 sref:5 tany:5 shad:1
rr.dustbowl.normal.turkey-saudi.r1,dustbowl,normal,1,turkey,saudi,1,2,complete,win,turkey,conquest,47188,31.46,78.6,1724266265,138,68200,38,87065,55390,r2trrifle:70 r2bozkir:27 r2trat:22 r2yildirim:6 r2gokkalkan:5 r2greywolf:3 dog:1 r2deniz:1 r2kuzgun:1 r2sahin:1 r2turna:1,48,36800,27,53435,85110,r2sang:15 r2m1a2s:11 r2saat:11 r2ah64sa:2 r2caesar:2 r2f15sa:2 r2sads:2 dog:1 r2bradley:1 r2falcon:1
rr.tournament-2a.normal.yemen-russia.r1,tournament-2A,normal,1,yemen,russia,1,2,complete,win,russia,conquest,38248,25.5,58.2,1898165123,135,32670,4,23950,42165,r2ymr:78 r2yrpg:56 dog:1,66,29600,25,42165,23950,e2:24 shk:16 flakt:11 htk:4 htnk:4 ttnk:4 apoc:2 zep:1
rr.dustbowl.normal.china-russia.r1,dustbowl,normal,1,china,russia,1,2,complete,win,russia,conquest,57689,38.46,141.4,-1814300037,143,80900,31,79610,144090,r2cnrifle:65 r2cnportable:21 r2qilin:15 r2mantis:10 r2cloud:7 r2phl:7 r2redspear:5 r2zbd:5 r2crane:3 r2skyspear:3 dog:1 r2cnnetwork:1,307,106650,32,137630,73150,e2:142 flakt:76 shk:42 ttnk:14 htk:10 htnk:10 apoc:7 dog:2 ivan:2 zep:2
rr.dustbowl.normal.russia-israel.r1,dustbowl,normal,1,russia,israel,1,2,complete,win,israel,conquest,18458,12.31,40.6,-1784991559,15,6100,8,2820,23700,shk:6 e2:5 htnk:2 flakt:1 htk:1,25,16530,13,23700,2820,r2ilrifle:9 r2ilat:6 r2merkava:3 dog:2 r2ilfalcon:1 r2ilgunship:1 r2ilhowitzer:1 r2ilshield:1 r2namer:1
rr.dustbowl.normal.iran-china.r1,dustbowl,normal,1,iran,china,1,2,complete,win,china,conquest,46040,30.69,103.7,-1443342949,79,30440,21,36200,69660,r2basij:41 r2toophan:21 r2karrar:9 r2fajr:4 r2raad:3 r2toufan:1,125,60180,32,68460,36570,r2cnrifle:59 r2cnportable:22 r2qilin:22 r2phl:5 r2zbd:4 r2cloud:3 r2mantis:3 r2lynx:2 r2redspear:2 dog:1 r2crane:1 r2skyspear:1
rr.tournament-2a.normal.iran-russia.r1,tournament-2A,normal,1,iran,russia,1,2,complete,win,iran,conquest,24291,16.19,40.5,-1377595901,64,22240,18,22900,15690,r2basij:36 r2toophan:13 r2karrar:6 htk:2 r2fajr:2 r2mohajer:2 r2raad:2 r2dronecontrol:1,10,5000,9,15690,22900,shk:7 e2:1 htk:1 htnk:1
rr.dustbowl.normal.america-hezbollah.r1,dustbowl,normal,1,america,hezbollah,1,2,complete,draw,,tick-cap,60001,40.0,126.3,-968087439,142,86200,44,128910,125600,e1:54 mtnk:20 fv:16 jumpjet:13 orca:8 cleg:6 mgtk:6 shad:6 sref:6 tany:6 dog:1,265,137975,36,123900,130540,r2hzrifle:63 r2hzat:53 r2hztechnical:36 r2hzfpv:28 r2hzrecoilless:23 htk:17 r2hzscout:15 r2hzrail:11 r2hzrockets:10 r2hzescort:5 r2hzdrone:4
rr.dustbowl.normal.china-israel.r1,dustbowl,normal,1,china,israel,1,2,complete,win,israel,conquest,14473,9.65,31.0,-405309400,7,3260,5,5780,18700,r2cnrifle:3 r2qilin:2 r2cnportable:1 r2zbd:1,18,10160,12,18700,5780,r2ilrifle:8 r2ilat:4 r2merkava:3 dog:1 r2ilhowitzer:1 r2namer:1
rr.tournament-2a.normal.america-saudi.r1,tournament-2A,normal,1,america,saudi,1,2,complete,win,saudi,conquest,8250,5.5,20.5,-398607750,3,600,4,1380,12700,e1:3,15,6610,9,12700,1380,r2sang:8 r2saat:3 r2m1a2s:2 dog:1 r2bradley:1
rr.tournament-2a.normal.iran-yemen.r1,tournament-2A,normal,1,iran,yemen,1,2,complete,win,iran,conquest,20882,13.92,36.6,-194670930,46,13220,17,16540,9760,r2basij:28 r2toophan:13 r2karrar:3 r2fajr:1 r2raad:1,7,1945,5,9760,16540,r2ymr:3 r2yrpg:3 r2technical:1
rr.dustbowl.normal.russia-china.r1,dustbowl,normal,1,russia,china,1,2,complete,win,russia,conquest,41309,27.54,90.5,-97653322,135,52050,30,65270,33850,e2:61 flakt:26 shk:17 htnk:11 htk:8 ttnk:8 yuri:2 apoc:1 zep:1,41,22080,26,34800,66220,r2cnrifle:19 r2cnportable:6 r2cloud:4 r2qilin:4 r2phl:3 r2zbd:2 r2lynx:1 r2mantis:1 r2skyspear:1
rr.dustbowl.normal.turkey-yemen.r1,dustbowl,normal,1,turkey,yemen,1,2,complete,win,turkey,conquest,19709,13.14,45.2,172917079,38,16755,17,29645,12640,r2trrifle:21 r2bozkir:7 r2trat:4 r2gokkalkan:3 dog:1 r2kuzgun:1 r2yildirim:1,28,9250,8,12640,29645,r2ymr:10 r2yrpg:9 r2technical:4 r2ytechrr:3 r2yzu:2
rr.dustbowl.normal.hezbollah-iran.r1,dustbowl,normal,1,hezbollah,iran,1,2,complete,win,hezbollah,conquest,42777,28.52,91.2,294936200,131,60225,33,74660,56165,r2hzrifle:41 r2hzat:23 r2hzfpv:18 r2hzrecoilless:15 r2hztechnical:14 r2hzrockets:7 r2hzescort:3 r2hzrail:3 htk:2 r2hzscout:2 r2hzspotter:2 r2hzdrone:1,83,29990,28,52925,75260,r2basij:46 r2toophan:19 r2karrar:9 r2fajr:4 r2raad:3 htk:1 r2mohajer:1
rr.dustbowl.normal.hezbollah-china.r1,dustbowl,normal,1,hezbollah,china,1,2,complete,draw,,tick-cap,60001,40.0,125.6,625728745,110,48825,39,86830,111105,r2hzrifle:26 r2hzat:20 r2hzrecoilless:19 r2hztechnical:14 r2hzfpv:12 htk:8 r2hzescort:5 r2hzrail:4 r2hzrockets:2,185,101360,30,113425,91430,r2cnrifle:73 r2cnportable:35 r2qilin:35 r2phl:9 r2cloud:6 r2lynx:6 r2redspear:6 r2mantis:5 r2zbd:5 r2cnnetwork:2 r2crane:2 r2skyspear:1
rr.dustbowl.normal.russia-saudi.r1,dustbowl,normal,1,russia,saudi,1,2,complete,win,russia,conquest,53893,35.93,108.2,810599214,219,77900,30,86670,52450,e2:98 flakt:52 shk:26 htk:14 ttnk:11 htnk:10 apoc:2 dog:2 yuri:2 zep:2,41,43760,23,52650,86870,r2m1a2s:10 r2sang:8 r2ah64sa:5 r2saat:5 r2f15sa:4 r2caesar:3 r2falcon:2 r2sads:2 dog:1 r2bradley:1
rr.dustbowl.normal.yemen-saudi.r1,dustbowl,normal,1,yemen,saudi,1,2,complete,win,saudi,conquest,33247,22.16,58.2,1203608089,30,8025,12,17290,33270,r2ymr:15 r2yrpg:12 r2technical:2 r2ytechrr:1,52,32860,24,33170,17190,r2sang:18 r2m1a2s:13 r2saat:12 r2caesar:3 dog:2 r2bradley:2 r2sads:2
rr.dustbowl.normal.iran-russia.r1,dustbowl,normal,1,iran,russia,1,2,complete,draw,,tick-cap,60001,40.0,123.2,1787844958,354,103840,36,66000,99140,r2basij:226 r2toophan:84 r2karrar:18 r2coast:8 r2fajr:7 r2mohajer:3 dog:2 htk:2 r2azar:1 r2dronecontrol:1 r2raad:1 r2toufan:1,98,47700,34,99890,69200,flakt:31 shk:23 e2:16 htk:10 ttnk:10 htnk:7 zep:1
rr.dustbowl.normal.saudi-israel.r1,dustbowl,normal,1,saudi,israel,1,2,complete,draw,,tick-cap,60001,40.0,110.0,1880360474,102,87860,32,91480,91720,r2sang:28 r2saat:25 r2m1a2s:18 r2caesar:7 r2falcon:7 r2ah64sa:6 r2f15sa:5 r2sads:4 dog:1 r2bradley:1,82,70340,42,91420,91180,r2ilrifle:22 r2ilat:21 r2merkava:10 r2ilhowitzer:8 r2ilshield:6 r2ilrecon:5 r2ilfalcon:4 r2ilgunship:3 r2namer:2 dog:1
rr.dustbowl.normal.america-china.r1,dustbowl,normal,1,america,china,1,2,complete,win,america,conquest,49383,32.92,106.3,1891139690,135,85100,27,89110,52500,e1:51 fv:19 mtnk:14 cleg:13 jumpjet:11 sref:10 mgtk:8 shad:3 tany:3 dog:2 orca:1,76,37170,34,51900,88510,r2cnrifle:36 r2cnportable:12 r2qilin:7 r2mantis:6 r2zbd:6 r2phl:4 r2cloud:3 r2lynx:2
rr.dustbowl.normal.saudi-yemen.r1,dustbowl,normal,1,saudi,yemen,1,2,complete,win,saudi,conquest,16702,11.13,33.9,-1338711687,22,12430,14,17040,5540,r2sang:9 r2saat:5 r2m1a2s:4 dog:1 r2bradley:1 r2caesar:1 r2sads:1,8,2445,5,5540,17040,r2yrpg:4 r2ymr:3 r2ytechrr:1
rr.tournament-2a.normal.saudi-russia.r1,tournament-2A,normal,1,saudi,russia,1,2,complete,draw,,tick-cap,60001,40.0,83.8,-1312731314,41,27530,28,35000,50540,r2sang:14 r2saat:10 r2m1a2s:9 r2caesar:3 r2sads:2 dog:1 r2bradley:1 r2f15sa:1,74,29200,23,50540,35000,e2:29 shk:18 flakt:11 htnk:8 htk:4 ttnk:4
rr.tournament-2a.normal.russia-iran.r1,tournament-2A,normal,1,russia,iran,1,2,complete,draw,,tick-cap,60001,40.0,83.9,-1274828422,118,44000,33,63830,41550,e2:48 shk:25 flakt:22 htnk:8 htk:6 ttnk:5 apoc:2 dog:2,114,35860,23,41550,64780,r2basij:69 r2toophan:29 r2karrar:8 r2coast:4 r2raad:2 r2fajr:1 r2loiter:1
rr.dustbowl.normal.hezbollah-america.r1,dustbowl,normal,1,hezbollah,america,1,2,complete,win,hezbollah,conquest,52567,35.04,82.0,-1001492606,104,52350,33,63900,43200,r2hzrifle:27 r2hzat:21 r2hztechnical:14 r2hzfpv:11 r2hzrecoilless:10 r2hzescort:6 r2hzrockets:6 r2hzscout:4 r2hzrail:2 r2hzspotter:2 htk:1,42,18400,28,41340,63900,e1:21 mtnk:10 fv:9 jumpjet:1 orca:1
rr.dustbowl.normal.yemen-china.r1,dustbowl,normal,1,yemen,china,1,2,complete,win,china,conquest,46818,31.21,73.3,-472135273,81,31085,26,53800,72330,r2yrpg:33 r2ymr:19 r2ytechrr:16 r2yzu:5 htk:4 r2technical:2 r2ymlr:2,134,69860,24,70080,52800,r2cnrifle:63 r2qilin:24 r2cnportable:20 r2phl:8 r2cloud:5 r2mantis:4 r2redspear:3 r2zbd:3 r2lynx:2 r2crane:1 r2skyspear:1
rr.tournament-2a.normal.israel-america.r1,tournament-2A,normal,1,israel,america,1,2,complete,win,israel,conquest,47536,31.69,68.5,-436884158,62,42010,34,89250,45000,r2ilrifle:23 r2ilat:15 r2merkava:10 r2ilhowitzer:4 r2ilshield:4 dog:2 r2ilfalcon:1 r2ilgunship:1 r2ilrecon:1 r2namer:1,69,38400,25,43950,88200,e1:32 mtnk:12 fv:9 orca:6 jumpjet:3 cleg:2 shad:2 amcv:1 dog:1 mgtk:1
rr.tournament-2a.normal.iran-turkey.r1,tournament-2A,normal,1,iran,turkey,1,2,complete,win,iran,conquest,29208,19.47,45.4,-180073666,69,24060,20,42425,17800,r2basij:39 r2toophan:16 r2karrar:8 r2fajr:2 r2raad:2 htk:1 r2toufan:1,27,11265,17,17800,42425,r2trrifle:13 r2trat:6 r2bozkir:4 r2gokkalkan:3 dog:1
rr.tournament-2a.normal.russia-hezbollah.r1,tournament-2A,normal,1,russia,hezbollah,1,2,complete,win,hezbollah,conquest,38289,25.53,56.8,250396212,30,16900,17,40115,44600,shk:12 flakt:5 htk:4 htnk:4 ttnk:3 e2:2,85,41425,31,44600,40865,r2hzrifle:16 r2hzat:15 r2hzrecoilless:13 r2hztechnical:13 r2hzfpv:9 r2hzescort:5 htk:4 r2hzrail:3 r2hzrockets:3 r2hzdrone:2 r2hzscout:2
rr.dustbowl.normal.yemen-hezbollah.r1,dustbowl,normal,1,yemen,hezbollah,1,2,complete,win,hezbollah,conquest,32349,21.57,55.5,260864442,36,12410,13,23770,38955,r2ymr:14 r2yrpg:11 r2technical:4 r2ytechrr:3 r2ymlr:2 r2yzu:2,65,29500,23,39455,25110,r2hzrifle:15 r2hzat:13 r2hztechnical:11 r2hzrecoilless:8 r2hzfpv:7 r2hzrockets:4 htk:3 r2hzescort:2 r2hzrail:2
rr.tournament-2a.normal.turkey-america.r1,tournament-2A,normal,1,turkey,america,1,2,complete,win,america,conquest,46747,31.16,67.4,275387775,63,33670,33,42300,89980,r2trrifle:24 r2trat:13 r2bozkir:11 r2gokkalkan:7 r2yildirim:4 dog:2 r2aras:1 r2sahin:1,91,58700,33,89980,42300,e1:29 jumpjet:13 mtnk:13 fv:9 mgtk:7 cleg:6 shad:4 sref:4 orca:3 tany:2 dog:1
rr.dustbowl.normal.iran-yemen.r1,dustbowl,normal,1,iran,yemen,1,2,complete,win,iran,conquest,43330,28.89,87.9,814078654,171,57340,31,39820,36670,r2basij:96 r2toophan:43 r2karrar:12 r2fajr:8 htk:4 r2dronecontrol:3 r2coast:2 r2mohajer:2 dog:1,37,12775,13,36670,39820,r2ymr:15 r2yrpg:10 r2ytechrr:8 htk:1 r2technical:1 r2ymlr:1 r2yzu:1
rr.dustbowl.normal.hezbollah-russia.r1,dustbowl,normal,1,hezbollah,russia,1,2,complete,draw,,tick-cap,60001,40.0,131.0,820291460,158,78150,44,79200,154410,r2hzat:34 r2hzrifle:34 r2hztechnical:24 r2hzfpv:16 r2hzrecoilless:16 r2hzrail:12 r2hzescort:7 r2hzscout:6 htk:5 r2hzrockets:3 r2hzdrone:1,379,122150,31,152110,79500,e2:189 flakt:90 shk:45 htnk:14 htk:13 ttnk:12 apoc:7 dog:4 zep:3 ivan:2
rr.dustbowl.normal.america-yemen.r1,dustbowl,normal,1,america,yemen,1,2,complete,draw,,tick-cap,60001,40.0,111.6,948248213,100,76200,32,67415,72600,jumpjet:25 e1:15 fv:12 orca:12 shad:10 mtnk:7 cleg:5 mgtk:5 sref:5 tany:3 dog:1,150,57430,35,70000,64815,r2ymr:52 r2yrpg:40 r2ytechrr:18 r2technical:13 htk:11 r2ymlr:6 r2yzu:5 r2wadighost:3 dog:1 r2samad:1
rr.tournament-2a.normal.turkey-saudi.r1,tournament-2A,normal,1,turkey,saudi,1,2,complete,win,saudi,conquest,22193,14.8,37.5,1696436892,28,13610,13,16430,42720,r2trrifle:12 r2bozkir:7 r2trat:4 dog:2 r2gokkalkan:2 r2yildirim:1,55,31700,25,42720,16430,r2sang:25 r2saat:12 r2m1a2s:8 r2bradley:2 r2caesar:2 r2sads:2 dog:1 r2ah64sa:1 r2f15sa:1 r2sajtac:1
rr.tournament-2a.normal.yemen-turkey.r1,tournament-2A,normal,1,yemen,turkey,1,2,complete,win,turkey,conquest,46986,31.32,67.6,2064975545,79,21890,13,43835,45735,r2ymr:36 r2yrpg:32 r2technical:4 dog:2 r2yspot:2 r2ytechrr:2 r2yzu:1,92,49345,36,47690,45790,r2trrifle:39 r2trat:19 r2bozkir:17 r2yildirim:6 r2gokkalkan:5 r2greywolf:2 r2kuzgun:2 dog:1 r2sahin:1
rr.tournament-2a.normal.turkey-hezbollah.r1,tournament-2A,normal,1,turkey,hezbollah,1,2,complete,win,turkey,conquest,14048,9.37,27.2,2071978769,22,10300,13,15500,3475,r2trrifle:10 r2trat:4 r2bozkir:3 r2gokkalkan:2 dog:1 r2kuzgun:1 r2yildirim:1,3,1300,5,3475,15500,r2hzat:2 r2hzrifle:1
rr.tournament-2a.normal.hezbollah-israel.r1,tournament-2A,normal,1,hezbollah,israel,1,2,complete,win,hezbollah,conquest,25528,17.02,40.8,2131704997,40,17300,14,37400,16560,r2hzrifle:11 r2hzat:9 r2hzrecoilless:6 r2hztechnical:5 htk:3 r2hzrail:3 r2hzfpv:2 r2hzrockets:1,18,10990,12,16350,37400,r2ilrifle:7 r2ilat:4 r2merkava:3 dog:1 r2ilhowitzer:1 r2ilshield:1 r2namer:1
rr.dustbowl.normal.turkey-hezbollah.r1,dustbowl,normal,1,turkey,hezbollah,1,2,complete,win,turkey,conquest,38192,25.46,104.2,-1952576513,73,38560,31,55065,33980,r2trrifle:32 r2bozkir:14 r2trat:13 r2gokkalkan:6 r2yildirim:3 r2kuzgun:2 dog:1 r2greywolf:1 r2sahin:1,56,24675,19,34080,58485,r2hzrifle:15 r2hzat:10 r2hztechnical:9 r2hzfpv:6 r2hzrecoilless:5 r2hzrail:4 r2hzescort:3 htk:2 r2hzrockets:2
rr.dustbowl.normal.israel-america.r1,dustbowl,normal,1,israel,america,1,2,complete,draw,,tick-cap,60001,40.0,197.6,-1754657681,76,52330,51,92700,97260,r2ilat:28 r2ilrifle:19 r2ilhowitzer:8 r2merkava:8 r2ilshield:6 r2namer:3 dog:2 r2ilfalcon:1 r2ilgunship:1,155,104200,28,97460,92900,e1:44 jumpjet:25 fv:21 mtnk:16 sref:11 cleg:10 shad:9 mgtk:6 orca:6 tany:6 dog:1
rr.tournament-2a.normal.israel-iran.r1,tournament-2A,normal,1,israel,iran,1,2,complete,draw,,tick-cap,60001,40.0,92.0,-1547289361,46,39780,26,53050,80590,r2ilat:13 r2ilrifle:9 r2merkava:9 r2ilhowitzer:4 r2ilrecon:4 dog:2 r2ilfalcon:1 r2ilgunship:1 r2ilobserver:1 r2ilshield:1 r2namer:1,141,49770,26,76790,49250,r2basij:83 r2toophan:28 r2karrar:11 htk:5 r2fajr:5 dog:2 r2raad:2 smcv:2 r2coast:1 r2loiter:1 r2mohajer:1
rr.dustbowl.normal.america-saudi.r1,dustbowl,normal,1,america,saudi,1,2,complete,win,america,conquest,29367,19.58,86.3,-904980785,51,26700,24,49290,16800,e1:23 jumpjet:7 mtnk:7 fv:5 cleg:2 orca:2 shad:2 sref:2 dog:1,24,19680,16,16800,49290,r2saat:9 r2sang:4 r2m1a2s:3 r2ah64sa:2 dog:1 r2bradley:1 r2caesar:1 r2f15sa:1 r2falcon:1 r2sads:1
rr.dustbowl.normal.china-yemen.r1,dustbowl,normal,1,china,yemen,1,2,complete,win,yemen,conquest,38774,25.85,118.7,-626670290,39,25290,21,38870,67530,r2cnrifle:12 r2cnportable:11 r2cloud:4 r2phl:4 r2qilin:3 r2crane:1 r2mantis:1 r2redspear:1 r2skyspear:1 r2zbd:1,148,56945,32,67530,38870,r2ymr:53 r2yrpg:42 r2technical:16 r2ytechrr:15 r2ymlr:6 htk:4 r2wadighost:4 r2yzu:4 r2samad:2 r2yspot:2
rr.tournament-2a.normal.hezbollah-turkey.r1,tournament-2A,normal,1,hezbollah,turkey,1,2,complete,win,turkey,conquest,16122,10.75,34.2,-41704660,19,7800,7,9505,22800,r2hzrifle:5 r2hztechnical:5 r2hzat:4 r2hzrail:3 r2hzrecoilless:2,30,14120,14,22800,9505,r2trrifle:14 r2bozkir:6 r2trat:5 r2gokkalkan:3 dog:1 r2yildirim:1
rr.tournament-2a.normal.turkey-yemen.r1,tournament-2A,normal,1,turkey,yemen,1,2,complete,win,yemen,conquest,22735,15.16,42.9,227208671,14,6680,9,13225,33590,r2trrifle:6 r2gokkalkan:3 r2bozkir:2 r2trat:2 dog:1,65,22470,18,33590,13225,r2ymr:23 r2yrpg:19 r2technical:9 r2ytechrr:6 htk:3 r2ymlr:2 r2samad:1 r2yspot:1 r2yzu:1
rr.dustbowl.normal.hezbollah-saudi.r1,dustbowl,normal,1,hezbollah,saudi,1,2,complete,win,hezbollah,conquest,28846,19.23,89.2,299610894,59,26375,23,50430,18630,r2hzat:13 r2hzrifle:13 r2hztechnical:12 r2hzrecoilless:7 r2hzfpv:6 r2hzescort:3 htk:2 r2hzrockets:2 r2hzrail:1,22,14120,17,17430,50430,r2saat:7 r2sang:6 r2m1a2s:4 dog:2 r2bradley:1 r2caesar:1 r2f15sa:1
rr.dustbowl.normal.saudi-turkey.r1,dustbowl,normal,1,saudi,turkey,1,2,complete,win,saudi,conquest,11451,7.63,38.0,561476759,19,9630,12,17015,4100,r2sang:9 r2saat:4 r2m1a2s:2 dog:1 r2bradley:1 r2caesar:1 r2sads:1,4,1905,5,4100,17015,r2trat:2 r2bozkir:1 r2trrifle:1
rr.dustbowl.normal.israel-yemen.r1,dustbowl,normal,1,israel,yemen,1,2,complete,win,israel,conquest,48450,32.3,154.3,654107640,48,37100,28,57760,28840,r2ilrifle:15 r2ilat:12 r2merkava:10 r2ilhowitzer:3 r2ilrecon:2 r2ilshield:2 dog:1 r2ilfalcon:1 r2ilgunship:1 r2namer:1,65,23830,21,31055,62975,r2ymr:22 r2yrpg:17 r2technical:12 r2ytechrr:8 htk:2 r2ymlr:2 r2wadighost:1 r2yzu:1
rr.tournament-2a.normal.israel-turkey.r1,tournament-2A,normal,1,israel,turkey,1,2,complete,win,turkey,conquest,19359,12.91,38.8,942017815,4,1970,5,8800,18130,dog:1 r2ilat:1 r2ilrifle:1 r2namer:1,30,15265,14,19080,9750,r2trrifle:13 r2trat:6 r2bozkir:5 r2gokkalkan:2 dog:1 r2kuzgun:1 r2sahin:1 r2yildirim:1
rr.tournament-2a.normal.hezbollah-iran.r1,tournament-2A,normal,1,hezbollah,iran,1,2,complete,win,hezbollah,conquest,16380,10.92,37.3,1191995534,28,11875,14,16150,7755,r2hzat:8 r2hzrifle:7 r2hztechnical:5 r2hzrail:3 r2hzrecoilless:3 htk:1 r2hzfpv:1,12,3330,5,7575,16150,r2basij:7 r2toophan:3 htk:1 r2karrar:1
rr.tournament-2a.normal.saudi-yemen.r1,tournament-2A,normal,1,saudi,yemen,1,2,complete,win,saudi,conquest,15152,10.1,38.1,1332452145,17,9560,11,12075,3470,r2sang:8 r2saat:3 r2m1a2s:2 dog:1 r2ah64sa:1 r2bradley:1 r2caesar:1,4,1030,5,3470,12075,r2ymr:2 r2yrpg:2
rr.tournament-2a.normal.israel-hezbollah.r1,tournament-2A,normal,1,israel,hezbollah,1,2,complete,draw,,tick-cap,60001,40.0,91.6,1573341898,54,36660,31,58430,71520,r2ilrifle:23 r2ilat:10 r2merkava:7 r2ilhowitzer:5 r2ilshield:4 dog:1 r2ilfalcon:1 r2ilgunship:1 r2ilrecon:1 r2namer:1,87,41400,33,71520,59780,r2hzrifle:18 r2hzat:17 r2hztechnical:14 r2hzrecoilless:10 r2hzrail:9 r2hzescort:7 r2hzfpv:7 htk:2 r2hzscout:2 r2hzrockets:1
rr.dustbowl.normal.israel-saudi.r1,dustbowl,normal,1,israel,saudi,1,2,complete,draw,,tick-cap,60001,40.0,192.4,1717169733,89,78790,49,110500,107700,r2ilrifle:27 r2ilat:20 r2merkava:11 r2ilhowitzer:9 r2ilfalcon:6 r2ilgunship:6 r2ilrecon:5 r2ilshield:3 dog:1 r2namer:1,130,103070,34,105060,107860,r2sang:51 r2saat:23 r2m1a2s:17 r2ah64sa:8 r2f15sa:8 r2sads:8 r2caesar:7 r2falcon:6 dog:1 r2bradley:1
rr.dustbowl.normal.turkey-america.r1,dustbowl,normal,1,turkey,america,1,2,complete,win,turkey,conquest,53952,35.97,160.0,-2091045937,190,93070,30,142265,65400,r2trrifle:94 r2trat:36 r2bozkir:31 r2gokkalkan:10 r2yildirim:8 r2greywolf:5 r2kuzgun:2 dog:1 r2deniz:1 r2sahin:1 r2turna:1,121,62500,38,62335,139200,e1:55 mtnk:21 fv:15 jumpjet:9 shad:7 orca:5 tany:3 cleg:2 mgtk:2 dog:1 sref:1
rr.tournament-2a.normal.hezbollah-yemen.r1,tournament-2A,normal,1,hezbollah,yemen,1,2,complete,win,yemen,conquest,54307,36.2,82.0,-1806897620,64,30025,26,75530,71565,r2hzrifle:18 r2hzat:16 r2hztechnical:12 r2hzrecoilless:5 r2hzfpv:4 htk:3 r2hzrail:3 r2hzrockets:2 smcv:1,235,91085,42,71275,75930,r2ymr:89 r2yrpg:66 r2technical:28 r2ytechrr:20 r2wadighost:10 r2ymlr:8 htk:5 r2yzu:4 r2samad:3 dog:2
rr.dustbowl.normal.saudi-america.r1,dustbowl,normal,1,saudi,america,1,2,complete,win,saudi,conquest,41735,27.82,118.4,-991235875,69,44060,27,65600,19710,r2sang:28 r2saat:15 r2m1a2s:11 r2sads:3 dog:2 r2ah64sa:2 r2bradley:2 r2caesar:2 r2falcon:2 r2f15sa:1 r2sajtac:1,49,19700,27,19710,65600,e1:28 fv:12 mtnk:5 jumpjet:2 orca:1 shad:1
rr.dustbowl.normal.turkey-china.r1,dustbowl,normal,1,turkey,china,1,2,complete,win,turkey,conquest,50797,33.86,153.4,-653879877,137,74385,34,112495,57745,r2trrifle:67 r2bozkir:27 r2trat:19 r2yildirim:6 r2gokkalkan:5 r2greywolf:5 r2kuzgun:3 r2turna:3 dog:1 r2sahin:1,70,41550,34,53990,108740,r2cnrifle:25 r2qilin:14 r2cnportable:13 r2cloud:5 r2phl:4 r2zbd:4 r2mantis:2 r2skyspear:2 r2redspear:1
rr.dustbowl.normal.russia-hezbollah.r1,dustbowl,normal,1,russia,hezbollah,1,2,complete,win,russia,conquest,46624,31.08,149.1,-494398776,241,84550,30,105875,58300,e2:106 flakt:57 shk:38 htnk:15 htk:11 ttnk:6 apoc:3 zep:3 dog:2,110,49475,39,56500,107785,r2hzrifle:27 r2hzat:22 r2hztechnical:17 r2hzfpv:12 r2hzrecoilless:11 r2hzrail:7 htk:5 r2hzescort:4 r2hzrockets:2 r2hzspotter:2 r2hzscout:1
rr.tournament-2a.normal.china-iran.r1,tournament-2A,normal,1,china,iran,1,2,complete,win,china,conquest,14280,9.52,31.9,194951704,31,13680,12,23760,6760,r2cnrifle:14 r2cnportable:7 r2qilin:5 r2zbd:2 r2lynx:1 r2mantis:1 r2phl:1,18,4590,7,6260,23260,r2basij:11 r2toophan:5 htk:1 r2karrar:1
rr.dustbowl.normal.hezbollah-israel.r1,dustbowl,normal,1,hezbollah,israel,1,2,complete,win,israel,conquest,9616,6.41,37.3,514687364,6,2400,6,2540,12100,r2hzat:3 r2hzrifle:3,14,7640,9,12100,2540,r2ilrifle:7 r2ilat:2 r2merkava:2 dog:1 r2ilhowitzer:1 r2namer:1
rr.tournament-2a.normal.iran-saudi.r1,tournament-2A,normal,1,iran,saudi,1,2,complete,win,saudi,conquest,17760,11.84,34.9,878439738,29,7870,10,5040,29790,r2basij:18 r2toophan:6 r2karrar:3 htk:2,25,14650,13,30010,5260,r2sang:10 r2m1a2s:5 r2saat:5 r2bradley:2 dog:1 r2caesar:1 r2sads:1
rr.dustbowl.normal.iran-turkey.r1,dustbowl,normal,1,iran,turkey,1,2,complete,draw,,tick-cap,60001,40.0,159.0,886850662,253,81220,39,123335,70360,r2basij:148 r2toophan:66 r2karrar:16 r2raad:5 r2coast:4 r2fajr:4 dog:2 htk:2 r2dronecontrol:2 r2toufan:2 r2azar:1 r2mohajer:1,85,52075,40,71360,124335,r2trrifle:35 r2bozkir:15 r2trat:14 r2yildirim:5 r2gokkalkan:4 r2greywolf:3 r2sahin:3 r2turna:3 dog:2 r2kuzgun:1
rr.dustbowl.normal.israel-china.r1,dustbowl,normal,1,israel,china,1,2,complete,draw,,tick-cap,60001,40.0,162.3,997358253,100,78850,40,102790,81880,r2ilrifle:35 r2ilat:22 r2merkava:14 r2ilhowitzer:7 r2ilrecon:6 r2ilgunship:5 r2ilshield:5 r2ilfalcon:3 dog:2 r2namer:1,127,80490,32,83230,104140,r2cnrifle:47 r2cnportable:22 r2qilin:15 r2cloud:9 r2phl:9 r2mantis:6 r2redspear:5 r2zbd:5 r2crane:3 r2lynx:3 r2skyspear:3
rr.dustbowl.normal.russia-turkey.r1,dustbowl,normal,1,russia,turkey,1,2,complete,draw,,tick-cap,60001,40.0,162.7,1229701281,149,56900,40,77390,54700,flakt:53 e2:50 shk:20 htk:10 ttnk:9 htnk:3 apoc:2 zep:2,155,84130,34,58410,81100,r2trrifle:66 r2trat:33 r2bozkir:29 r2gokkalkan:9 r2yildirim:9 r2greywolf:5 r2sahin:2 dog:1 r2kuzgun:1
rr.dustbowl.normal.china-saudi.r1,dustbowl,normal,1,china,saudi,1,2,complete,win,saudi,conquest,28249,18.83,61.0,-1816223380,16,7190,10,10700,33230,r2cnrifle:7 r2cnportable:3 r2qilin:3 r2zbd:3,37,23720,19,33230,10700,r2sang:11 r2saat:10 r2m1a2s:8 r2bradley:2 r2caesar:2 r2sads:2 dog:1 r2sajtac:1
rr.dustbowl.normal.israel-turkey.r1,dustbowl,normal,1,israel,turkey,1,2,complete,win,israel,conquest,46518,31.01,91.2,-1674841839,95,65490,30,85005,36420,r2ilrifle:37 r2ilat:21 r2merkava:13 r2ilhowitzer:6 r2ilgunship:4 r2ilobserver:3 r2ilshield:3 dog:2 r2ilfalcon:2 r2ilrecon:2 r2namer:2,50,28595,31,37420,86005,r2trrifle:19 r2bozkir:11 r2trat:10 r2gokkalkan:4 r2yildirim:3 dog:1 r2greywolf:1 r2sahin:1
rr.tournament-2a.normal.israel-yemen.r1,tournament-2A,normal,1,israel,yemen,1,2,complete,win,israel,conquest,15124,10.08,31.9,-1440657103,14,7640,11,15675,2180,r2ilrifle:7 r2ilat:2 r2merkava:2 dog:1 r2ilhowitzer:1 r2namer:1,5,1380,5,2180,15675,r2yrpg:3 r2ymr:2
rr.tournament-2a.normal.hezbollah-russia.r1,tournament-2A,normal,1,hezbollah,russia,1,2,complete,win,russia,conquest,25132,16.75,42.8,-1206056523,30,11975,14,13300,38335,r2hzrifle:12 r2hzat:9 r2hztechnical:5 r2hzrail:2 r2hzfpv:1 r2hzrecoilless:1,55,23800,18,38125,13300,e2:20 shk:12 flakt:8 htnk:6 ttnk:5 htk:4
rr.tournament-2a.normal.russia-yemen.r1,tournament-2A,normal,1,russia,yemen,1,2,complete,win,yemen,conquest,18293,12.2,33.7,-1120908057,10,3400,7,10580,19300,e2:5 shk:3 htk:1 htnk:1,47,16105,16,19300,10580,r2ymr:17 r2yrpg:14 r2technical:7 r2ytechrr:4 htk:2 r2ymlr:2 r2yzu:1
rr.dustbowl.normal.america-israel.r1,dustbowl,normal,1,america,israel,1,2,complete,win,israel,conquest,49627,33.08,95.8,-782439699,41,26300,24,38830,73300,e1:14 mtnk:7 fv:5 jumpjet:4 orca:4 cleg:2 shad:2 sref:2 mgtk:1,79,61690,28,74020,39550,r2ilrifle:27 r2ilat:16 r2merkava:12 r2ilshield:6 r2ilhowitzer:5 r2ilrecon:4 r2ilgunship:3 dog:2 r2ilfalcon:2 r2namer:2
rr.dustbowl.normal.iran-hezbollah.r1,dustbowl,normal,1,iran,hezbollah,1,2,complete,win,hezbollah,conquest,46900,31.27,95.6,-777041344,79,28400,25,49120,74570,r2basij:45 r2toophan:17 r2karrar:10 r2fajr:4 htk:1 r2coast:1 r2raad:1,120,55775,31,74570,52750,r2hzrifle:29 r2hzat:25 r2hztechnical:16 r2hzrecoilless:15 r2hzfpv:13 r2hzrail:7 r2hzescort:5 htk:3 r2hzrockets:3 r2hzdrone:2 r2hzscout:2
rr.tournament-2a.normal.yemen-china.r1,tournament-2A,normal,1,yemen,china,1,2,complete,win,china,conquest,32578,21.72,50.4,-766094868,53,17535,20,28220,53480,r2ymr:19 r2yrpg:17 r2technical:8 r2ytechrr:5 htk:2 r2ymlr:1 r2yzu:1,76,39090,28,54230,28970,r2cnrifle:32 r2cnportable:14 r2qilin:14 r2lynx:4 r2phl:3 r2cloud:2 r2crane:2 r2zbd:2 r2mantis:1 r2redspear:1 r2skyspear:1
rr.tournament-2a.normal.israel-saudi.r1,tournament-2A,normal,1,israel,saudi,1,2,complete,win,saudi,conquest,11112,7.41,25.4,-258036225,4,1140,6,5100,18000,r2ilrifle:2 dog:1 r2ilat:1,17,9570,11,18000,5100,r2sang:6 r2saat:5 r2m1a2s:3 dog:1 r2bradley:1 r2caesar:1
rr.tournament-2a.normal.china-hezbollah.r1,tournament-2A,normal,1,china,hezbollah,1,2,complete,win,china,conquest,38731,25.82,60.2,-3701936,82,39610,26,61785,29870,r2cnrifle:43 r2qilin:11 r2cnportable:10 r2lynx:4 r2phl:4 r2cloud:3 r2crane:2 r2zbd:2 r2mantis:1 r2redspear:1 r2skyspear:1,67,29625,20,31870,64265,r2hztechnical:14 r2hzat:11 r2hzrecoilless:11 r2hzrifle:11 htk:5 r2hzrail:5 r2hzfpv:4 r2hzescort:3 dog:1 r2hzdrone:1 r2hzrockets:1
rr.dustbowl.normal.russia-yemen.r1,dustbowl,normal,1,russia,yemen,1,2,complete,draw,,tick-cap,60001,40.0,194.5,178050081,296,97250,30,99980,73250,e2:144 flakt:72 shk:34 htnk:12 ttnk:12 htk:11 apoc:5 dog:4 zep:2,157,63935,44,75250,101980,r2ymr:49 r2yrpg:46 r2technical:22 r2ytechrr:16 r2ymlr:7 r2wadighost:6 htk:5 r2yzu:4 r2yspot:2
rr.dustbowl.normal.yemen-iran.r1,dustbowl,normal,1,yemen,iran,1,2,complete,win,yemen,conquest,40905,27.27,134.8,181726632,128,47855,32,43430,36255,r2ymr:47 r2yrpg:38 r2technical:14 r2ytechrr:12 htk:5 r2ymlr:5 r2wadighost:4 dog:2 r2yzu:1,41,16060,14,35225,44130,r2basij:19 r2toophan:12 r2karrar:4 htk:2 r2fajr:2 r2mohajer:1 r2raad:1
rr.tournament-2a.normal.turkey-iran.r1,tournament-2A,normal,1,turkey,iran,1,2,complete,win,turkey,conquest,16224,10.82,35.4,602102519,41,17160,16,26290,12180,r2trrifle:22 r2bozkir:7 r2trat:7 r2gokkalkan:2 dog:1 r2kuzgun:1 r2yildirim:1,28,9520,9,14180,28290,r2basij:13 r2toophan:8 r2karrar:3 htk:2 dog:1 r2raad:1
rr.dustbowl.normal.iran-saudi.r1,dustbowl,normal,1,iran,saudi,1,2,complete,draw,,tick-cap,60001,40.0,143.5,957666834,184,59970,29,87360,49790,r2basij:103 r2toophan:43 r2karrar:15 r2dronecontrol:6 r2fajr:6 htk:5 r2loiter:3 r2raad:2 r2coast:1,53,48870,34,50510,88080,r2saat:15 r2sang:11 r2m1a2s:9 r2caesar:5 r2ah64sa:4 r2f15sa:4 r2falcon:3 dog:1 r2bradley:1
rr.tournament-2a.normal.yemen-saudi.r1,tournament-2A,normal,1,yemen,saudi,1,2,complete,draw,,tick-cap,60001,40.0,89.5,1532624841,152,60305,38,87150,61080,r2ymr:47 r2yrpg:43 r2technical:23 r2ytechrr:15 r2yzu:7 r2wadighost:5 r2ymlr:4 htk:3 r2samad:3 dog:2,49,41140,28,61080,87150,r2saat:13 r2sang:12 r2m1a2s:9 r2ah64sa:3 r2caesar:3 r2falcon:3 r2f15sa:2 dog:1 r2bradley:1 r2sads:1 r2sajtac:1
rr.dustbowl.normal.china-hezbollah.r1,dustbowl,normal,1,china,hezbollah,1,2,complete,draw,,tick-cap,60001,40.0,130.0,2124011241,140,80400,34,85255,101770,r2cnrifle:60 r2cnportable:23 r2qilin:22 r2phl:12 r2cloud:5 r2mantis:5 r2redspear:5 r2lynx:3 r2zbd:3 r2crane:1 r2skyspear:1,149,68950,19,94590,78345,r2hztechnical:42 r2hzrecoilless:28 r2hzrifle:15 r2hzdrone:12 r2hzat:11 r2hzrail:11 htk:9 r2hzrockets:9 r2hzescort:8 r2hzfpv:4
rr.dustbowl.normal.yemen-israel.r1,dustbowl,normal,1,yemen,israel,1,2,complete,win,israel,conquest,50117,33.41,105.6,-1905454579,103,37140,29,47670,90885,r2ymr:36 r2yrpg:30 r2technical:16 r2ytechrr:9 r2ymlr:5 htk:4 r2yzu:2 r2wadighost:1,110,79540,28,90805,50710,r2ilrifle:42 r2ilat:23 r2merkava:20 r2ilhowitzer:7 r2ilrecon:5 r2namer:4 r2ilgunship:3 r2ilobserver:3 dog:1 r2ilfalcon:1 r2ilshield:1
rr.tournament-2a.normal.yemen-hezbollah.r1,tournament-2A,normal,1,yemen,hezbollah,1,2,complete,win,hezbollah,conquest,52691,35.13,77.0,-1866714638,83,29540,35,51250,81885,r2yrpg:31 r2ymr:26 r2ytechrr:12 r2technical:9 r2ymlr:4 r2yzu:1,145,76350,36,81285,59850,r2hzrifle:33 r2hzat:28 r2hzrecoilless:18 r2hztechnical:17 r2hzfpv:16 r2hzrockets:8 r2hzscout:8 htk:4 r2hzdrone:4 r2hzrail:4 r2hzescort:3 r2hzspotter:2
rr.tournament-2a.normal.yemen-america.r1,tournament-2A,normal,1,yemen,america,1,2,complete,win,yemen,conquest,33119,22.08,52.0,-1095130928,77,30815,26,53400,24055,r2yrpg:27 r2ymr:21 r2ytechrr:11 r2technical:6 r2ymlr:4 r2yzu:3 htk:2 r2samad:2 r2wadighost:1,47,18500,17,23655,53000,e1:29 fv:5 mtnk:5 shad:4 dog:2 jumpjet:1 orca:1
rr.tournament-2a.normal.america-israel.r1,tournament-2A,normal,1,america,israel,1,2,complete,draw,,tick-cap,60001,40.0,83.1,-872140693,142,73700,35,88620,66200,e1:68 fv:22 mtnk:17 jumpjet:8 shad:7 cleg:6 mgtk:5 sref:4 tany:3 dog:1 orca:1,55,44210,28,66200,88620,r2ilat:14 r2ilrifle:13 r2merkava:9 r2ilshield:4 r2namer:4 dog:3 r2ilhowitzer:3 r2ilfalcon:2 r2ilrecon:2 r2ilgunship:1
rr.dustbowl.normal.saudi-china.r1,dustbowl,normal,1,saudi,china,1,2,complete,win,china,conquest,38055,25.37,98.2,-850329833,32,25310,18,34500,62720,r2saat:10 r2sang:8 r2caesar:4 r2m1a2s:3 r2f15sa:2 dog:1 r2ah64sa:1 r2bradley:1 r2falcon:1 r2sads:1,100,50850,26,63670,35450,r2cnrifle:45 r2cnportable:18 r2qilin:16 r2phl:5 r2zbd:4 r2cloud:3 r2mantis:3 r2lynx:2 r2redspear:2 r2cnnetwork:1 r2skyspear:1
rr.tournament-2a.normal.hezbollah-america.r1,tournament-2A,normal,1,hezbollah,america,1,2,complete,draw,,tick-cap,60001,40.0,84.7,-577124241,127,60650,45,83600,93200,r2hzrifle:35 r2hzat:33 r2hzfpv:15 r2hztechnical:13 r2hzrecoilless:10 htk:7 r2hzrockets:5 r2hzescort:4 r2hzscout:3 r2hzrail:2,94,61900,40,93350,84800,e1:31 fv:12 jumpjet:12 orca:12 mtnk:6 shad:5 sref:5 mgtk:4 cleg:3 tany:3 dog:1
rr.dustbowl.normal.hezbollah-turkey.r1,dustbowl,normal,1,hezbollah,turkey,1,2,complete,win,turkey,conquest,30688,20.46,88.0,-35820455,32,14575,12,21880,39255,r2hzat:7 r2hzrifle:7 htk:5 r2hzrecoilless:5 r2hzfpv:4 r2hzrail:2 r2hzrockets:1 r2hztechnical:1,68,33815,27,38655,21880,r2trrifle:33 r2bozkir:14 r2trat:10 r2gokkalkan:4 r2yildirim:3 r2kuzgun:2 dog:1 r2sahin:1
rr.tournament-2a.normal.china-russia.r1,tournament-2A,normal,1,china,russia,1,2,complete,win,russia,conquest,23614,15.74,41.2,133665442,27,11790,12,17800,39780,r2cnrifle:12 r2cnportable:4 r2qilin:4 r2zbd:4 dog:1 r2lynx:1 r2mantis:1,61,28500,20,39780,17800,e2:20 shk:15 flakt:9 htnk:7 htk:4 ttnk:4 yuri:1 zep:1
rr.dustbowl.normal.yemen-russia.r1,dustbowl,normal,1,yemen,russia,1,2,complete,win,yemen,conquest,58354,38.9,169.0,272656593,259,102460,32,74500,85100,r2ymr:94 r2yrpg:74 r2technical:31 r2ytechrr:24 r2wadighost:11 r2ymlr:10 r2yzu:6 r2samad:4 htk:3 dog:2,82,30400,27,81100,75300,e2:35 shk:16 flakt:13 htnk:8 htk:6 ttnk:4
rr.tournament-2a.normal.hezbollah-saudi.r1,tournament-2A,normal,1,hezbollah,saudi,1,2,complete,win,saudi,conquest,47038,31.36,74.5,551151710,10,4450,6,16620,19450,r2hzat:3 r2hzrifle:3 r2hzrecoilless:2 htk:1 r2hzescort:1,43,31490,24,19450,16620,r2sang:12 r2saat:11 r2m1a2s:8 r2caesar:4 dog:2 r2sads:2 r2ah64sa:1 r2bradley:1 r2f15sa:1 r2falcon:1
rr.dustbowl.normal.china-turkey.r1,dustbowl,normal,1,china,turkey,1,2,complete,draw,,tick-cap,60001,40.0,145.2,843965967,165,96560,34,102475,96610,r2cnrifle:68 r2cnportable:29 r2qilin:26 r2phl:12 r2cloud:8 r2redspear:7 r2mantis:5 r2zbd:4 r2crane:3 r2cnnetwork:1 r2lynx:1 r2skyspear:1,126,78320,41,95410,101275,r2trrifle:44 r2bozkir:27 r2trat:24 r2gokkalkan:7 r2yildirim:7 r2greywolf:6 r2trdroneop:4 dog:2 r2sahin:2 r2turna:2 r2kuzgun:1
rr.tournament-2a.normal.iran-hezbollah.r1,tournament-2A,normal,1,iran,hezbollah,1,2,complete,win,hezbollah,conquest,22291,14.86,44.2,1292926517,26,7840,9,15730,26460,r2basij:16 r2toophan:6 r2karrar:2 r2raad:2,60,25425,23,26460,16150,r2hzrifle:17 r2hztechnical:12 r2hzat:11 r2hzrecoilless:5 r2hzfpv:4 r2hzrail:4 r2hzdrone:3 r2hzescort:2 htk:1 r2hzrockets:1
rr.tournament-2a.normal.russia-turkey.r1,tournament-2A,normal,1,russia,turkey,1,2,complete,win,turkey,conquest,30866,20.58,49.6,1735379154,52,12900,10,28320,31700,e2:32 shk:19 dog:1,87,39375,29,32200,28820,r2trrifle:45 r2trat:17 r2bozkir:13 r2yildirim:4 r2gokkalkan:3 r2kuzgun:2 dog:1 r2sahin:1 r2turna:1
rr.dustbowl.normal.iran-america.r1,dustbowl,normal,1,iran,america,1,2,complete,draw,,tick-cap,60001,40.0,201.0,1962271948,311,98990,44,100800,113460,r2basij:181 r2toophan:79 r2karrar:19 r2fajr:10 htk:8 r2raad:6 dog:2 r2coast:2 r2dronecontrol:2 r2azar:1 r2toufan:1,162,94700,41,115460,102800,e1:68 mtnk:20 fv:16 jumpjet:15 mgtk:9 sref:8 cleg:7 shad:7 orca:6 tany:5 dog:1
rr.tournament-2a.normal.saudi-israel.r1,tournament-2A,normal,1,saudi,israel,1,2,complete,win,saudi,conquest,28269,18.85,54.5,-2063937843,28,16920,16,29510,12370,r2sang:11 r2m1a2s:6 r2saat:6 r2caesar:2 dog:1 r2bradley:1 r2sads:1,13,6950,8,12370,29510,r2ilrifle:5 r2ilat:4 r2merkava:2 dog:1 r2namer:1
rr.dustbowl.normal.saudi-iran.r1,dustbowl,normal,1,saudi,iran,1,2,complete,win,saudi,conquest,55742,37.16,172.4,-1997726520,96,69410,29,80290,54300,r2sang:33 r2saat:20 r2m1a2s:18 r2sads:9 r2caesar:4 r2falcon:4 r2ah64sa:3 dog:2 r2bradley:2 r2f15sa:1,86,32300,33,48060,78670,r2basij:45 r2toophan:20 r2karrar:10 htk:5 r2fajr:4 r2azar:1 r2raad:1
rr.dustbowl.normal.saudi-russia.r1,dustbowl,normal,1,saudi,russia,1,2,complete,win,saudi,conquest,17869,11.91,55.6,-1516965908,21,11930,16,24900,6160,r2sang:9 r2m1a2s:4 r2saat:4 dog:1 r2bradley:1 r2caesar:1 r2sads:1,17,5900,9,6160,24900,e2:8 shk:5 htnk:2 flakt:1 htk:1
rr.tournament-2a.normal.china-saudi.r1,tournament-2A,normal,1,china,saudi,1,2,complete,win,china,conquest,19833,13.22,40.3,-957915917,78,18580,4,23850,19890,r2cnrifle:54 r2cnportable:23 dog:1,7,3640,7,19890,23850,r2saat:2 r2sang:2 dog:1 r2bradley:1 r2m1a2s:1
rr.tournament-2a.normal.saudi-america.r1,tournament-2A,normal,1,saudi,america,1,2,complete,win,america,conquest,21920,14.61,42.3,-553962748,20,9090,14,9900,37600,r2saat:8 r2sang:7 dog:2 r2m1a2s:2 r2bradley:1,35,17600,18,37600,9900,e1:19 mtnk:4 fv:3 cleg:2 dog:1 jumpjet:1 mgtk:1 orca:1 shad:1 sref:1 tany:1
rr.tournament-2a.normal.israel-china.r1,tournament-2A,normal,1,israel,china,1,2,complete,win,china,conquest,22965,15.31,41.6,-318858719,18,10440,14,25970,40350,r2ilrifle:7 r2ilat:5 r2merkava:3 dog:1 r2ilhowitzer:1 r2namer:1,60,24530,9,40350,25970,r2cnrifle:29 r2qilin:13 r2cnportable:12 r2zbd:3 r2mantis:2 r2lynx:1
rr.tournament-2a.normal.china-turkey.r1,tournament-2A,normal,1,china,turkey,1,2,complete,win,turkey,conquest,20311,13.54,37.2,-271655679,9,3020,8,10585,25060,r2cnrifle:6 r2cnportable:1 r2qilin:1 r2zbd:1,42,19155,17,25060,10585,r2trrifle:21 r2bozkir:7 r2trat:7 r2gokkalkan:3 r2yildirim:2 dog:1 r2kuzgun:1
rr.tournament-2a.normal.russia-israel.r1,tournament-2A,normal,1,russia,israel,1,2,complete,win,israel,conquest,35681,23.79,58.4,-131110653,34,15000,18,25240,47000,shk:16 flakt:10 e2:3 htnk:3 htk:2,46,35960,30,47000,25240,r2ilrifle:13 r2ilat:10 r2merkava:8 r2ilshield:4 r2ilhowitzer:3 r2namer:3 dog:1 r2ilfalcon:1 r2ilgunship:1 r2ilobserver:1 r2ilrecon:1
rr.dustbowl.normal.hezbollah-yemen.r1,dustbowl,normal,1,hezbollah,yemen,1,2,complete,draw,,tick-cap,60001,40.0,173.1,97238001,203,103800,45,125450,114670,r2hzrifle:49 r2hzat:43 r2hztechnical:29 r2hzfpv:21 r2hzrecoilless:18 r2hzrail:13 r2hzscout:10 r2hzrockets:9 htk:7 r2hzescort:4,263,105845,50,110025,129730,r2ymr:93 r2yrpg:77 r2technical:34 r2ytechrr:24 r2wadighost:13 r2ymlr:9 r2yzu:7 htk:6
rr.dustbowl.normal.china-iran.r1,dustbowl,normal,1,china,iran,1,2,complete,draw,,tick-cap,60001,40.0,178.7,103856343,148,82990,37,121380,92310,r2cnrifle:62 r2qilin:28 r2cnportable:25 r2phl:8 r2cloud:6 r2redspear:6 r2zbd:5 r2lynx:3 r2crane:2 r2mantis:2 r2skyspear:1,374,120610,38,89270,118340,r2basij:219 r2toophan:100 r2karrar:17 r2fajr:13 htk:5 r2coast:5 r2raad:5 r2azar:3 r2loiter:3 dog:2 r2dronecontrol:1 r2mohajer:1
rr.tournament-2a.normal.saudi-hezbollah.r1,tournament-2A,normal,1,saudi,hezbollah,1,2,complete,win,hezbollah,conquest,28989,19.33,53.1,454271124,16,9050,11,18350,33860,r2saat:5 r2sang:5 r2bradley:2 r2m1a2s:2 dog:1 r2caesar:1,59,24025,23,33860,19460,r2hzrifle:25 r2hzat:12 r2hztechnical:6 r2hzfpv:5 r2hzrecoilless:5 htk:2 r2hzrockets:2 dog:1 r2hzdrone:1
rr.tournament-2a.normal.yemen-iran.r1,tournament-2A,normal,1,yemen,iran,1,2,complete,win,yemen,conquest,24277,16.18,42.2,983415066,69,23860,21,26620,16005,r2ymr:24 r2yrpg:21 r2technical:11 r2ytechrr:7 r2ymlr:3 htk:2 r2yzu:1,20,7200,10,16005,26620,r2basij:10 r2toophan:5 r2karrar:3 htk:1 r2raad:1
rr.dustbowl.normal.russia-iran.r1,dustbowl,normal,1,russia,iran,1,2,complete,win,russia,conquest,57490,38.33,122.2,1407873855,293,102800,29,102080,74950,e2:133 flakt:69 shk:43 htnk:14 ttnk:12 htk:10 apoc:6 dog:4 zep:2,121,44410,39,73550,104180,r2basij:64 r2toophan:30 r2karrar:14 r2fajr:6 r2raad:3 r2loiter:2 htk:1 r2mohajer:1
rr.tournament-2a.normal.iran-america.r1,tournament-2A,normal,1,iran,america,1,2,complete,win,iran,conquest,28637,19.09,46.5,1828328923,144,39500,29,45400,22270,r2basij:90 r2toophan:38 r2karrar:7 r2dronecontrol:2 r2fajr:2 dog:1 htk:1 r2coast:1 r2raad:1 r2toufan:1,27,12100,17,22270,45400,e1:15 fv:5 mtnk:3 orca:2 jumpjet:1 shad:1
rr.tournament-2a.normal.israel-russia.r1,tournament-2A,normal,1,israel,russia,1,2,complete,win,israel,conquest,15827,10.55,31.0,1889613108,24,15220,14,20000,7520,r2ilrifle:11 r2ilat:5 r2merkava:3 dog:1 r2ilfalcon:1 r2ilgunship:1 r2ilhowitzer:1 r2namer:1,10,3800,7,7520,20000,e2:4 shk:4 htk:1 htnk:1
rr.dustbowl.normal.russia-yemen.r2,dustbowl,normal,2,russia,yemen,1,2,complete,draw,,tick-cap,60001,40.0,149.3,-2097003568,169,65800,39,110955,88400,e2:64 flakt:37 shk:34 htk:10 htnk:9 ttnk:9 apoc:4 dog:2,305,116880,42,88400,110955,r2ymr:112 r2yrpg:90 r2technical:37 r2ytechrr:24 r2wadighost:12 r2ymlr:9 htk:8 r2yspot:4 r2yzu:4 r2samad:3 dog:2
rr.dustbowl.normal.israel-america.r2,dustbowl,normal,2,israel,america,1,2,complete,draw,,tick-cap,60001,40.0,146.4,-1999796922,108,82010,30,106170,62030,r2ilrifle:38 r2ilat:23 r2merkava:18 r2ilshield:8 r2ilhowitzer:7 r2ilrecon:6 r2ilgunship:3 r2namer:2 dog:1 r2ilfalcon:1 r2ilobserver:1,95,50300,48,56960,101100,e1:42 mtnk:17 fv:16 orca:8 jumpjet:4 cleg:2 shad:2 dog:1 mgtk:1 sref:1 tany:1
rr.dustbowl.normal.hezbollah-iran.r2,dustbowl,normal,2,hezbollah,iran,1,2,complete,draw,,tick-cap,60001,40.0,151.7,-1663815604,141,71650,39,85030,85385,r2hzat:42 r2hzrifle:26 r2hzfpv:19 r2hztechnical:18 r2hzrecoilless:12 htk:6 r2hzescort:6 r2hzscout:6 r2hzrail:5 r2hzrockets:1,274,83750,42,81965,85030,r2basij:175 r2toophan:62 r2karrar:16 r2fajr:7 r2azar:3 r2coast:3 dog:2 r2raad:2 r2toufan:2 r2loiter:1 r2mohajer:1
rr.dustbowl.normal.yemen-russia.r2,dustbowl,normal,2,yemen,russia,1,2,complete,draw,,tick-cap,60001,40.0,139.8,-604077166,211,85275,45,64750,100790,r2yrpg:70 r2ymr:65 r2technical:29 r2ytechrr:20 r2wadighost:9 r2ymlr:8 htk:6 r2yzu:4,206,74650,32,96545,64750,e2:81 flakt:67 shk:22 htk:11 ttnk:11 htnk:7 apoc:3 ivan:2 zep:2
rr.dustbowl.normal.iran-saudi.r2,dustbowl,normal,2,iran,saudi,1,2,complete,win,iran,conquest,39040,26.03,90.8,-538533695,176,53440,32,64270,36830,r2basij:111 r2toophan:35 r2karrar:13 r2fajr:4 r2coast:3 r2raad:3 dog:2 htk:2 r2dronecontrol:2 r2toufan:1,31,21560,21,36830,64270,r2saat:10 r2sang:8 r2m1a2s:5 r2bradley:2 r2caesar:2 dog:1 r2ah64sa:1 r2falcon:1 r2sads:1
rr.tournament-2a.normal.hezbollah-russia.r2,tournament-2A,normal,2,hezbollah,russia,1,2,complete,win,russia,conquest,24267,16.18,43.2,-146832957,19,7975,10,11700,28575,r2hzat:6 r2hzrifle:6 r2hztechnical:3 r2hzrail:2 r2hzescort:1 r2hzrecoilless:1,54,23600,18,28575,11700,e2:17 shk:15 flakt:9 htnk:6 ttnk:4 htk:3
rr.dustbowl.normal.hezbollah-yemen.r2,dustbowl,normal,2,hezbollah,yemen,1,2,complete,win,yemen,conquest,36841,24.56,76.4,285353396,36,15375,14,37080,42725,r2hzrifle:12 r2hztechnical:6 r2hzat:5 r2hzescort:3 r2hzfpv:3 r2hzrail:3 r2hzrecoilless:3 r2hzrockets:1,122,46050,31,39325,37460,r2ymr:40 r2yrpg:40 r2ytechrr:15 r2technical:9 r2ymlr:6 htk:4 r2yzu:3 dog:2 r2wadighost:2 r2samad:1
rr.dustbowl.normal.iran-turkey.r2,dustbowl,normal,2,iran,turkey,1,2,complete,win,iran,conquest,50563,33.71,105.1,373124993,310,87170,33,111185,57420,r2basij:203 r2toophan:67 r2karrar:13 r2fajr:7 htk:6 r2azar:3 r2coast:3 dog:2 r2dronecontrol:2 r2raad:2 r2loiter:1 r2mohajer:1,85,43825,40,57420,111185,r2trrifle:35 r2trat:18 r2bozkir:16 r2yildirim:5 r2gokkalkan:4 r2kuzgun:4 dog:2 r2sahin:1
rr.tournament-2a.normal.turkey-china.r2,tournament-2A,normal,2,turkey,china,1,2,complete,win,china,conquest,26374,17.58,44.0,795249252,34,14475,14,16890,50135,r2trrifle:15 r2trat:8 r2bozkir:6 r2gokkalkan:3 dog:2,61,25960,24,50135,16890,r2cnrifle:33 r2cnportable:9 r2qilin:7 r2lynx:4 r2zbd:4 r2phl:2 r2cloud:1 r2skyspear:1
rr.tournament-2a.normal.iran-yemen.r2,tournament-2A,normal,2,iran,yemen,1,2,complete,win,iran,conquest,22294,14.86,38.4,1048389131,69,23320,21,15675,9370,r2basij:38 r2toophan:18 r2fajr:4 r2karrar:4 dog:1 htk:1 r2dronecontrol:1 r2mohajer:1 r2raad:1,5,1380,5,9370,15675,r2yrpg:3 r2ymr:2
rr.dustbowl.normal.hezbollah-turkey.r2,dustbowl,normal,2,hezbollah,turkey,1,2,complete,win,hezbollah,conquest,47362,31.57,89.8,1233652383,164,78550,33,99690,65300,r2hzrifle:43 r2hzat:32 r2hztechnical:21 r2hzfpv:18 r2hzrecoilless:14 r2hzescort:10 r2hzrail:9 r2hzrockets:7 r2hzscout:4 r2hzdrone:3 r2hzspotter:2 htk:1,67,38180,37,62830,100640,r2trrifle:26 r2bozkir:14 r2trat:13 r2yildirim:5 r2gokkalkan:3 dog:2 r2greywolf:2 r2kuzgun:1 r2sahin:1
rr.tournament-2a.normal.hezbollah-china.r2,tournament-2A,normal,2,hezbollah,china,1,2,complete,draw,,tick-cap,60001,40.0,85.5,1422291225,92,42450,34,108025,56995,r2hzat:18 r2hzrifle:18 r2hzrecoilless:16 r2hzfpv:13 r2hztechnical:12 htk:5 r2hzescort:5 r2hzrockets:4 r2hzrail:1,89,56330,43,51690,105120,r2cnrifle:34 r2cnportable:15 r2qilin:15 r2phl:9 r2cloud:4 r2redspear:4 r2zbd:3 r2crane:2 r2lynx:1 r2mantis:1 r2skyspear:1
rr.dustbowl.normal.china-yemen.r2,dustbowl,normal,2,china,yemen,1,2,complete,win,china,conquest,29031,19.35,61.0,1432678062,92,40230,24,44965,19370,r2cnrifle:49 r2cnportable:15 r2qilin:10 r2zbd:4 r2cloud:3 r2mantis:3 r2phl:3 r2lynx:2 r2cnnetwork:1 r2crane:1 r2skyspear:1,44,14420,17,19370,45465,r2ymr:18 r2yrpg:14 r2technical:5 r2ytechrr:3 r2ymlr:2 htk:1 r2yzu:1
rr.dustbowl.normal.israel-hezbollah.r2,dustbowl,normal,2,israel,hezbollah,1,2,complete,win,hezbollah,conquest,56534,37.69,105.7,2042190337,74,60650,46,69080,140060,r2ilrifle:25 r2ilat:17 r2merkava:9 r2ilhowitzer:7 r2ilfalcon:5 r2ilgunship:3 r2ilrecon:3 r2ilshield:3 dog:1 r2namer:1,183,91275,37,140060,74330,r2hzrifle:46 r2hzat:32 r2hzfpv:24 r2hztechnical:24 r2hzrecoilless:15 htk:9 r2hzrockets:9 r2hzescort:7 r2hzscout:7 r2hzrail:6 r2hzspotter:2 dog:1 r2hzdrone:1
rr.tournament-2a.normal.turkey-iran.r2,tournament-2A,normal,2,turkey,iran,1,2,complete,win,iran,conquest,17478,11.65,32.9,2133090586,3,510,5,5110,13770,r2trrifle:2 dog:1,29,9900,13,13770,5110,r2basij:15 r2toophan:7 r2karrar:4 dog:1 htk:1 r2fajr:1
rr.dustbowl.normal.china-russia.r2,dustbowl,normal,2,china,russia,1,2,complete,win,china,conquest,35093,23.4,65.5,-2017779336,79,40150,27,30970,19490,r2cnrifle:35 r2qilin:15 r2cnportable:14 r2phl:5 r2lynx:2 r2zbd:2 dog:1 r2cloud:1 r2crane:1 r2mantis:1 r2redspear:1 r2skyspear:1,14,4200,13,18520,30000,e2:6 shk:6 flakt:2
rr.tournament-2a.normal.russia-hezbollah.r2,tournament-2A,normal,2,russia,hezbollah,1,2,complete,win,hezbollah,conquest,33541,22.36,53.1,-1832213354,36,15800,18,35515,46800,e2:12 shk:9 htnk:5 flakt:4 htk:4 ttnk:2,106,49275,32,47400,36865,r2hzrifle:27 r2hztechnical:18 r2hzat:17 r2hzfpv:12 r2hzrecoilless:11 r2hzrail:6 r2hzescort:4 r2hzrockets:4 r2hzdrone:3 htk:2 r2hzscout:2
rr.dustbowl.normal.iran-hezbollah.r2,dustbowl,normal,2,iran,hezbollah,1,2,complete,win,iran,conquest,50612,33.74,85.5,-1361148644,269,73910,36,78340,51710,r2basij:169 r2toophan:65 r2karrar:14 dog:4 htk:4 r2coast:4 r2fajr:4 r2dronecontrol:2 r2loiter:1 r2mohajer:1 r2raad:1,73,32900,23,46850,82040,r2hzat:19 r2hzrifle:19 r2hztechnical:10 r2hzfpv:7 r2hzrecoilless:6 r2hzrockets:4 r2hzescort:3 r2hzrail:3 htk:2
rr.dustbowl.normal.hezbollah-israel.r2,dustbowl,normal,2,hezbollah,israel,1,2,complete,win,israel,conquest,17621,11.75,35.5,-1300987361,3,1100,7,3620,15650,r2hzrifle:2 r2hzat:1,17,10490,11,15650,3620,r2ilrifle:7 r2ilat:3 r2merkava:3 dog:1 r2ilhowitzer:1 r2ilshield:1 r2namer:1
rr.tournament-2a.normal.saudi-yemen.r2,tournament-2A,normal,2,saudi,yemen,1,2,complete,win,saudi,conquest,29862,19.91,48.7,-1193179067,26,22820,24,22650,11290,r2m1a2s:7 r2sang:6 r2saat:4 r2caesar:2 r2sads:2 dog:1 r2ah64sa:1 r2bradley:1 r2f15sa:1 r2falcon:1,21,6955,8,11290,22650,r2ymr:7 r2yrpg:6 r2technical:5 r2ytechrr:2 r2yzu:1
rr.tournament-2a.normal.america-yemen.r2,tournament-2A,normal,2,america,yemen,1,2,complete,win,america,conquest,14855,9.9,28.9,-942449064,48,16800,15,18055,6800,e1:32 mtnk:8 fv:4 dog:2 shad:2,11,3760,5,6800,18055,r2ymr:4 r2yrpg:4 r2ytechrr:2 r2yzu:1
rr.dustbowl.normal.yemen-china.r2,dustbowl,normal,2,yemen,china,1,2,complete,win,china,conquest,45983,30.66,86.7,-704551669,87,29320,30,48950,80765,r2ymr:38 r2yrpg:19 r2ytechrr:12 r2technical:9 r2yzu:5 r2ymlr:3 htk:1,136,68840,30,82075,50260,r2cnrifle:62 r2cnportable:27 r2qilin:16 r2phl:9 r2cloud:6 r2lynx:4 r2mantis:4 r2crane:2 r2redspear:2 r2zbd:2 dog:1 r2skyspear:1
rr.dustbowl.normal.turkey-china.r2,dustbowl,normal,2,turkey,china,1,2,complete,win,turkey,conquest,27662,18.44,48.8,-652701477,36,17990,19,28760,9125,r2trrifle:18 r2bozkir:6 r2trat:4 r2gokkalkan:3 dog:1 r2kuzgun:1 r2sahin:1 r2sancak:1 r2yildirim:1,12,5870,9,9125,28760,r2cnrifle:6 r2cnportable:2 r2mantis:1 r2phl:1 r2qilin:1 r2zbd:1
rr.dustbowl.normal.america-iran.r2,dustbowl,normal,2,america,iran,1,2,complete,win,iran,conquest,46996,31.33,85.5,-504319080,55,32800,28,47760,87300,e1:23 mtnk:9 fv:6 cleg:5 jumpjet:3 shad:3 sref:3 dog:1 orca:1 tany:1,200,64130,32,87300,47760,r2basij:117 r2toophan:46 r2karrar:15 r2fajr:7 r2dronecontrol:5 r2raad:5 dog:2 htk:1 r2mohajer:1 r2toufan:1
rr.dustbowl.normal.israel-turkey.r2,dustbowl,normal,2,israel,turkey,1,2,complete,draw,,tick-cap,60001,40.0,87.6,-161378975,69,52830,32,76320,44040,r2ilrifle:24 r2ilat:15 r2merkava:10 r2ilhowitzer:7 r2ilgunship:3 r2ilshield:3 r2ilfalcon:2 r2ilrecon:2 dog:1 r2ilobserver:1 r2namer:1,62,40660,21,44040,76320,r2trrifle:22 r2trat:15 r2bozkir:10 r2gokkalkan:6 amcv:3 r2yildirim:2 dog:1 r2greywolf:1 r2sahin:1 r2sancak:1
rr.dustbowl.normal.russia-hezbollah.r2,dustbowl,normal,2,russia,hezbollah,1,2,complete,win,russia,conquest,44980,29.99,73.1,165290976,167,66600,29,67725,41500,e2:68 shk:35 flakt:27 htk:13 htnk:10 ttnk:9 apoc:2 yuri:2 zep:1,57,26450,26,41175,70250,r2hzat:11 r2hzrecoilless:10 r2hzrifle:9 r2hzfpv:7 r2hztechnical:7 htk:4 r2hzrail:4 r2hzescort:3 r2hzrockets:2
rr.dustbowl.normal.turkey-russia.r2,dustbowl,normal,2,turkey,russia,1,2,complete,win,turkey,conquest,12424,8.28,28.0,353308925,30,12975,12,19900,5305,r2trrifle:15 r2bozkir:6 r2trat:5 r2gokkalkan:2 dog:1 r2sancak:1,8,3200,8,5305,19900,shk:4 e2:3 htnk:1
rr.dustbowl.normal.saudi-israel.r2,dustbowl,normal,2,saudi,israel,1,2,complete,win,saudi,conquest,16239,10.83,31.2,631893185,29,16090,13,24380,12220,r2sang:12 r2saat:7 r2m1a2s:5 r2bradley:2 dog:1 r2caesar:1 r2sads:1,7,2320,9,12220,24380,dog:3 r2ilat:3 r2ilrifle:1
rr.dustbowl.normal.israel-iran.r2,dustbowl,normal,2,israel,iran,1,2,complete,win,israel,conquest,36932,24.62,58.1,711241536,65,42990,29,48360,23160,r2ilrifle:27 r2ilat:13 r2merkava:12 r2ilhowitzer:4 dog:2 r2ilshield:2 r2ilfalcon:1 r2ilgunship:1 r2ilobserver:1 r2ilrecon:1 r2namer:1,50,18290,17,23160,48360,r2basij:26 r2toophan:13 r2karrar:8 r2raad:2 r2fajr:1
rr.tournament-2a.normal.china-yemen.r2,tournament-2A,normal,2,china,yemen,1,2,complete,win,yemen,conquest,28727,19.15,44.6,895646472,31,16140,17,21960,50080,r2cnrifle:12 r2cnportable:7 r2qilin:7 r2phl:2 r2cloud:1 r2crane:1 r2zbd:1,86,29330,25,50080,21960,r2ymr:32 r2yrpg:25 r2technical:14 r2ytechrr:6 r2samad:3 r2ymlr:3 htk:2 r2yzu:1
rr.dustbowl.normal.yemen-hezbollah.r2,dustbowl,normal,2,yemen,hezbollah,1,2,complete,win,hezbollah,conquest,35794,23.86,57.4,943257041,65,20120,23,33790,61665,r2ymr:28 r2yrpg:21 r2technical:9 r2ytechrr:5 r2ymlr:2,100,47325,29,60765,35580,r2hzrifle:26 r2hzat:18 r2hztechnical:15 r2hzfpv:10 r2hzrecoilless:9 r2hzrockets:6 r2hzrail:5 r2hzdrone:4 r2hzescort:3 htk:2 r2hzscout:2
rr.dustbowl.normal.saudi-america.r2,dustbowl,normal,2,saudi,america,1,2,complete,win,saudi,conquest,8417,5.61,22.0,1292769082,18,8860,9,16400,1160,r2sang:8 r2saat:4 r2m1a2s:3 dog:1 r2bradley:1 r2sajtac:1,3,600,5,1160,16400,e1:3
rr.tournament-2a.normal.yemen-saudi.r2,tournament-2A,normal,2,yemen,saudi,1,2,complete,win,saudi,conquest,35399,23.6,52.8,1340042510,52,15515,12,31120,39460,r2yrpg:22 r2ymr:21 r2technical:4 r2ytechrr:3 htk:1 r2yzu:1,75,48680,29,39460,31120,r2sang:29 r2saat:18 r2m1a2s:13 r2caesar:4 r2sads:3 r2bradley:2 r2falcon:2 dog:1 r2ah64sa:1 r2f15sa:1 r2sajtac:1
rr.dustbowl.normal.saudi-russia.r2,dustbowl,normal,2,saudi,russia,1,2,complete,win,saudi,conquest,14503,9.67,29.2,1513714773,25,14300,14,19700,8780,r2sang:10 r2saat:6 r2m1a2s:5 dog:1 r2bradley:1 r2caesar:1 r2sads:1,5,2500,8,8780,19700,shk:3 htk:2
rr.dustbowl.normal.china-hezbollah.r2,dustbowl,normal,2,china,hezbollah,1,2,complete,draw,,tick-cap,60001,40.0,96.9,1517723122,128,79070,43,82155,149510,r2cnrifle:51 r2cnportable:23 r2qilin:16 r2phl:11 r2cloud:7 r2redspear:6 r2crane:4 r2mantis:4 r2zbd:4 r2lynx:1 r2skyspear:1,191,94525,39,143620,80255,r2hzrifle:50 r2hzat:34 r2hztechnical:26 r2hzfpv:20 r2hzrecoilless:17 r2hzrail:10 r2hzrockets:8 r2hzscout:8 r2hzescort:6 htk:5 r2hzdrone:3 dog:2 r2hzspotter:2
rr.tournament-2a.normal.saudi-america.r2,tournament-2A,normal,2,saudi,america,1,2,complete,draw,,tick-cap,60001,40.0,83.3,1809416497,84,51710,40,98700,84770,r2sang:33 r2saat:21 r2m1a2s:13 r2sads:5 r2caesar:4 r2bradley:3 dog:2 r2ah64sa:1 r2f15sa:1 r2falcon:1,88,54000,41,82770,96700,e1:28 fv:14 jumpjet:13 mtnk:10 orca:7 mgtk:4 shad:4 sref:3 cleg:2 tany:2 dog:1
rr.tournament-2a.normal.israel-hezbollah.r2,tournament-2A,normal,2,israel,hezbollah,1,2,complete,win,israel,conquest,20437,13.62,34.7,1870422959,35,24980,19,34850,8570,r2ilrifle:14 r2ilat:7 r2merkava:6 r2ilhowitzer:2 dog:1 r2ilfalcon:1 r2ilgunship:1 r2ilrecon:1 r2ilshield:1 r2namer:1,25,10450,12,7520,33920,r2hzrifle:8 r2hzat:7 r2hztechnical:4 r2hzrail:2 r2hzrecoilless:2 r2hzescort:1 r2hzfpv:1
rr.tournament-2a.normal.turkey-america.r2,tournament-2A,normal,2,turkey,america,1,2,complete,win,america,conquest,17374,11.58,31.2,-2073980599,18,8595,13,13100,36805,r2trrifle:9 r2bozkir:2 r2gokkalkan:2 r2trat:2 r2yildirim:2 dog:1,51,23500,19,36805,13100,e1:27 mtnk:8 fv:6 jumpjet:3 shad:3 cleg:1 dog:1 orca:1 sref:1
rr.tournament-2a.normal.russia-turkey.r2,tournament-2A,normal,2,russia,turkey,1,2,complete,win,russia,conquest,53040,35.36,74.5,-1806361377,108,40250,34,88855,39750,e2:53 flakt:24 shk:9 htnk:7 ttnk:6 htk:5 apoc:3 zep:1,66,34745,26,39750,88855,r2trrifle:29 r2bozkir:13 r2trat:13 r2yildirim:5 r2gokkalkan:2 dog:1 r2greywolf:1 r2kuzgun:1 r2sahin:1
rr.tournament-2a.normal.iran-china.r2,tournament-2A,normal,2,iran,china,1,2,complete,win,china,conquest,27027,18.02,42.7,-1765009486,49,13520,11,19940,34990,r2basij:28 r2toophan:15 r2karrar:3 dog:1 htk:1 r2raad:1,80,37470,23,34990,19940,r2cnrifle:36 r2cnportable:16 r2qilin:13 r2lynx:3 r2phl:3 r2zbd:3 r2mantis:2 r2cloud:1 r2cnnetwork:1 r2crane:1 r2skyspear:1
rr.dustbowl.normal.russia-china.r2,dustbowl,normal,2,russia,china,1,2,complete,win,china,conquest,30754,20.5,73.0,-1653844735,33,12700,18,21590,42000,e2:12 shk:9 htk:4 flakt:3 htnk:3 dog:1 ttnk:1,87,41130,23,42000,21590,r2cnrifle:44 r2cnportable:12 r2qilin:12 r2cloud:5 r2phl:4 r2lynx:3 r2mantis:2 r2zbd:2 r2cnnetwork:1 r2crane:1 r2skyspear:1
rr.tournament-2a.normal.israel-saudi.r2,tournament-2A,normal,2,israel,saudi,1,2,complete,win,israel,conquest,11478,7.65,28.2,-1334030008,14,6840,9,14110,4220,r2ilrifle:7 r2ilat:3 dog:1 r2ilhowitzer:1 r2merkava:1 r2namer:1,2,700,4,4220,14110,dog:1 r2saat:1
rr.dustbowl.normal.russia-israel.r2,dustbowl,normal,2,russia,israel,1,2,complete,win,russia,conquest,34748,23.17,65.9,-1058698029,113,41250,25,57500,25400,e2:48 flakt:26 shk:17 htnk:8 htk:6 ttnk:5 apoc:1 dog:1 zep:1,26,20790,18,25400,57500,r2ilat:7 r2ilrifle:7 r2ilhowitzer:3 r2merkava:3 r2namer:2 dog:1 r2ilfalcon:1 r2ilgunship:1 r2ilrecon:1
rr.tournament-2a.normal.turkey-yemen.r2,tournament-2A,normal,2,turkey,yemen,1,2,complete,win,yemen,conquest,27622,18.41,45.0,-1054149503,20,9690,12,19505,36650,r2trrifle:8 r2bozkir:5 r2trat:4 r2gokkalkan:2 dog:1,58,20300,19,36650,19505,r2ymr:20 r2yrpg:19 r2technical:8 r2ytechrr:5 r2ymlr:3 r2yzu:2 htk:1
rr.tournament-2a.normal.saudi-israel.r2,tournament-2A,normal,2,saudi,israel,1,2,complete,draw,,tick-cap,60001,40.0,87.7,-923194891,4,860,5,3260,10870,r2sang:3 dog:1,2,700,4,10870,3260,dog:1 r2ilat:1
rr.tournament-2a.normal.israel-china.r2,tournament-2A,normal,2,israel,china,1,2,complete,win,israel,conquest,18925,12.62,34.9,-603449538,24,13700,18,28660,6610,r2ilrifle:10 r2ilat:6 r2merkava:3 r2namer:2 dog:1 r2ilhowitzer:1 r2ilshield:1,12,4770,9,6610,28660,r2cnrifle:6 r2cnportable:2 r2qilin:2 r2lynx:1 r2zbd:1
rr.tournament-2a.normal.turkey-israel.r2,tournament-2A,normal,2,turkey,israel,1,2,complete,win,israel,conquest,16614,11.08,31.2,-400119342,12,5330,8,2930,27240,r2trrifle:6 r2bozkir:2 r2gokkalkan:2 dog:1 r2trat:1,19,10960,16,27240,2930,r2ilrifle:8 r2ilat:4 r2merkava:2 r2namer:2 dog:1 r2ilhowitzer:1 r2ilshield:1
rr.tournament-2a.normal.israel-russia.r2,tournament-2A,normal,2,israel,russia,1,2,complete,win,israel,conquest,19147,12.76,33.7,-254479764,21,11900,12,26600,5860,r2ilrifle:10 r2ilat:4 r2merkava:4 dog:1 r2ilhowitzer:1 r2namer:1,25,9200,10,5860,26600,e2:11 shk:6 htnk:4 htk:2 dog:1 flakt:1
rr.tournament-2a.normal.yemen-iran.r2,tournament-2A,normal,2,yemen,iran,1,2,complete,win,yemen,conquest,39950,26.63,59.8,-87452958,120,42845,29,39410,29865,r2ymr:43 r2yrpg:35 r2technical:15 r2ytechrr:11 r2ymlr:5 r2samad:3 r2yzu:3 dog:2 htk:2 r2wadighost:1,38,12190,16,29865,39410,r2basij:21 r2toophan:10 r2karrar:5 r2dronecontrol:1 r2raad:1
rr.dustbowl.normal.china-turkey.r2,dustbowl,normal,2,china,turkey,1,2,complete,win,china,conquest,50676,33.78,86.2,-45907365,101,54200,30,88125,41730,r2cnrifle:45 r2qilin:19 r2cnportable:14 r2cloud:4 r2mantis:4 r2phl:4 r2redspear:3 r2crane:2 r2lynx:2 r2zbd:2 dog:1 r2skyspear:1,55,29715,31,39480,85875,r2trrifle:23 r2trat:11 r2bozkir:9 r2gokkalkan:4 r2yildirim:4 dog:1 r2kuzgun:1 r2sahin:1 r2turna:1
rr.tournament-2a.normal.israel-iran.r2,tournament-2A,normal,2,israel,iran,1,2,complete,win,israel,conquest,40660,27.11,61.1,87080824,75,49580,28,40060,17670,r2ilrifle:29 r2ilat:17 r2merkava:11 r2ilhowitzer:5 dog:3 r2ilshield:3 r2ilrecon:2 r2namer:2 r2ilfalcon:1 r2ilgunship:1 r2ilobserver:1,34,12840,14,16620,39010,r2basij:16 r2toophan:12 r2raad:3 r2karrar:2 r2fajr:1
rr.tournament-2a.normal.hezbollah-israel.r2,tournament-2A,normal,2,hezbollah,israel,1,2,complete,win,israel,conquest,13841,9.23,27.8,511634958,1,500,5,3840,13700,r2hzat:1,16,8360,11,13700,3840,r2ilrifle:8 r2ilat:3 r2merkava:2 dog:1 r2ilhowitzer:1 r2namer:1
rr.dustbowl.normal.america-china.r2,dustbowl,normal,2,america,china,1,2,complete,win,america,conquest,57143,38.1,112.6,696628687,150,93800,33,118000,74100,e1:49 jumpjet:26 fv:20 mtnk:14 mgtk:10 cleg:8 sref:8 shad:7 orca:4 tany:3 dog:1,109,63310,32,73600,117500,r2cnrifle:48 r2cnportable:20 r2phl:10 r2qilin:10 r2mantis:7 r2cloud:6 r2redspear:3 r2skyspear:2 r2zbd:2 r2crane:1
rr.tournament-2a.normal.yemen-america.r2,tournament-2A,normal,2,yemen,america,1,2,complete,win,america,conquest,41108,27.41,62.5,790050037,59,22855,12,24500,47050,r2yrpg:20 r2ymr:17 r2technical:8 r2ytechrr:6 r2ymlr:3 htk:2 r2yzu:2 r2wadighost:1,55,34100,27,47050,24500,e1:21 fv:6 mtnk:6 jumpjet:4 mgtk:4 cleg:3 shad:3 sref:3 orca:2 tany:2 dog:1
rr.tournament-2a.normal.russia-israel.r2,tournament-2A,normal,2,russia,israel,1,2,complete,win,israel,conquest,58109,38.74,82.7,816612736,57,24750,20,55220,61850,e2:20 shk:14 flakt:9 htnk:5 htk:4 ttnk:4 apoc:1,90,62720,37,61850,55220,r2ilrifle:36 r2ilat:18 r2merkava:13 r2ilhowitzer:6 r2ilshield:5 r2namer:3 r2ilfalcon:2 r2ilgunship:2 r2ilobserver:2 r2ilrecon:2 dog:1
rr.tournament-2a.normal.turkey-hezbollah.r2,tournament-2A,normal,2,turkey,hezbollah,1,2,complete,win,turkey,conquest,27157,18.1,47.0,1417343467,69,29135,24,41965,21435,r2trrifle:37 r2trat:14 r2bozkir:10 r2gokkalkan:2 r2kuzgun:2 r2yildirim:2 dog:1 r2sahin:1,34,14175,16,21435,42385,r2hzrifle:11 r2hzat:7 r2hztechnical:5 r2hzrail:3 r2hzrecoilless:3 htk:2 r2hzfpv:2 r2hzescort:1
rr.tournament-2a.normal.china-iran.r2,tournament-2A,normal,2,china,iran,1,2,complete,win,iran,conquest,30400,20.27,48.5,1646149478,38,19560,20,21320,55800,r2cnrifle:18 r2qilin:9 r2cnportable:4 r2cloud:2 r2phl:2 r2lynx:1 r2skyspear:1 r2zbd:1,114,37850,28,55800,21320,r2basij:65 r2toophan:24 r2karrar:9 r2fajr:5 dog:3 htk:3 r2raad:3 r2loiter:1 r2toufan:1
rr.dustbowl.normal.america-hezbollah.r2,dustbowl,normal,2,america,hezbollah,1,2,complete,win,america,conquest,30649,20.43,64.2,1822443825,53,34100,27,42945,13200,e1:18 mtnk:7 jumpjet:6 fv:5 shad:5 cleg:4 sref:3 mgtk:2 dog:1 orca:1 tany:1,35,15625,13,13200,43435,r2hzrifle:10 r2hzat:7 r2hzrecoilless:5 r2hzescort:4 r2hztechnical:4 r2hzfpv:3 r2hzrail:1 r2hzrockets:1
rr.dustbowl.normal.iran-russia.r2,dustbowl,normal,2,iran,russia,1,2,complete,win,iran,conquest,54717,36.48,104.3,1886278826,311,97600,34,65000,77980,r2basij:185 r2toophan:76 r2karrar:19 r2fajr:10 r2coast:4 r2dronecontrol:4 dog:3 htk:3 r2mohajer:2 r2raad:2 r2toufan:2 r2loiter:1,55,22800,24,77980,65000,e2:18 shk:14 flakt:10 htnk:6 htk:4 ttnk:3
rr.tournament-2a.normal.iran-israel.r2,tournament-2A,normal,2,iran,israel,1,2,complete,win,israel,conquest,13569,9.05,28.5,2130096430,13,3420,6,3840,21640,r2basij:8 r2toophan:3 htk:1 r2karrar:1,20,11150,11,21640,3840,r2ilrifle:10 r2ilat:3 r2merkava:3 dog:1 r2ilhowitzer:1 r2ilshield:1 r2namer:1
rr.tournament-2a.normal.saudi-iran.r2,tournament-2A,normal,2,saudi,iran,1,2,complete,win,saudi,conquest,16955,11.3,31.3,-1879344434,20,11970,16,23860,3390,r2saat:6 r2sang:6 r2m1a2s:3 r2bradley:2 dog:1 r2caesar:1 r2sads:1,18,5140,7,3390,23860,r2basij:11 r2toophan:4 htk:1 r2karrar:1 r2raad:1
rr.dustbowl.normal.saudi-iran.r2,dustbowl,normal,2,saudi,iran,1,2,complete,draw,,tick-cap,60001,40.0,131.4,-1829730222,76,53440,44,85620,120950,r2sang:27 r2saat:21 r2m1a2s:12 r2caesar:5 r2f15sa:3 r2ah64sa:2 r2falcon:2 r2sads:2 dog:1 r2bradley:1,362,111180,33,120950,85620,r2basij:212 r2toophan:93 r2karrar:18 r2fajr:7 r2coast:6 r2dronecontrol:5 r2raad:5 dog:4 htk:4 r2loiter:4 r2mohajer:3 r2toufan:1
rr.tournament-2a.normal.china-america.r2,tournament-2A,normal,2,china,america,1,2,complete,win,america,conquest,18493,12.33,34.3,-1566404822,20,8880,13,13400,35870,r2cnrifle:9 r2cnportable:5 r2qilin:4 r2phl:1 r2zbd:1,64,24400,20,35870,13400,e1:39 mtnk:10 fv:7 jumpjet:3 dog:2 shad:2 orca:1
rr.dustbowl.normal.turkey-saudi.r2,dustbowl,normal,2,turkey,saudi,1,2,complete,win,saudi,conquest,48823,32.55,124.8,-1362719740,49,27145,26,34170,79705,r2trrifle:19 r2bozkir:11 r2trat:10 r2yildirim:4 r2kuzgun:2 dog:1 r2gokkalkan:1 r2sahin:1,99,61940,33,81795,36260,r2sang:42 r2saat:22 r2m1a2s:15 r2caesar:5 r2ah64sa:3 r2bradley:3 r2sads:3 r2falcon:2 r2sajtac:2 dog:1 r2f15sa:1
rr.tournament-2a.normal.saudi-hezbollah.r2,tournament-2A,normal,2,saudi,hezbollah,1,2,complete,win,saudi,conquest,16028,10.69,31.7,-1220119281,23,14190,15,20275,7350,r2sang:7 r2m1a2s:5 r2saat:5 dog:2 r2bradley:2 r2caesar:1 r2sads:1,13,5425,7,7350,20275,r2hzrifle:5 r2hzat:4 r2hzescort:1 r2hzrail:1 r2hzrecoilless:1 r2hztechnical:1
rr.tournament-2a.normal.saudi-china.r2,tournament-2A,normal,2,saudi,china,1,2,complete,win,china,conquest,9854,6.57,25.1,-903779821,3,920,5,2690,16930,dog:1 r2saat:1 r2sang:1,20,7550,6,16930,2690,r2cnrifle:10 r2cnportable:4 r2qilin:3 dog:1 r2mantis:1 r2zbd:1
rr.dustbowl.normal.russia-turkey.r2,dustbowl,normal,2,russia,turkey,1,2,complete,draw,,tick-cap,60001,40.0,374.1,-651355110,263,90100,36,110575,82700,e2:124 flakt:61 shk:32 htk:16 ttnk:13 htnk:11 apoc:2 yuri:2 zep:2,155,87240,43,88310,120250,r2trrifle:68 r2trat:29 r2bozkir:28 r2yildirim:11 r2gokkalkan:7 r2greywolf:7 r2sahin:2 dog:1 r2aras:1 r2turna:1
rr.tournament-2a.normal.saudi-russia.r2,tournament-2A,normal,2,saudi,russia,1,2,complete,draw,,tick-cap,60001,40.0,196.1,-504443630,97,77670,33,55640,80240,r2sang:31 r2saat:21 r2m1a2s:20 r2falcon:7 r2caesar:5 r2sads:4 r2ah64sa:3 r2f15sa:3 r2bradley:2 dog:1,41,20100,21,75600,51000,flakt:13 shk:11 htk:6 ttnk:4 e2:3 htnk:2 dog:1 ivan:1
rr.tournament-2a.normal.iran-america.r2,tournament-2A,normal,2,iran,america,1,2,complete,win,america,conquest,26442,17.63,106.1,-104696920,37,10550,17,16500,38220,r2basij:20 r2toophan:13 r2karrar:2 dog:1 r2raad:1,52,34700,28,38220,16500,e1:18 fv:8 mtnk:6 cleg:5 mgtk:4 jumpjet:3 sref:3 shad:2 tany:2 orca:1
rr.dustbowl.normal.iran-america.r2,dustbowl,normal,2,iran,america,1,2,complete,draw,,tick-cap,60001,40.0,359.1,964189498,99,36140,25,39600,62760,r2basij:51 r2toophan:30 r2karrar:5 r2fajr:4 htk:3 r2raad:3 r2azar:1 r2coast:1 r2dronecontrol:1,84,58100,39,62470,40100,e1:25 fv:12 mtnk:10 jumpjet:9 cleg:7 mgtk:7 orca:6 sref:4 shad:2 tany:2
rr.dustbowl.normal.iran-yemen.r2,dustbowl,normal,2,iran,yemen,1,2,complete,win,iran,conquest,31073,20.72,196.5,1464286111,114,39080,27,36170,22870,r2basij:67 r2toophan:22 r2karrar:10 r2fajr:6 r2raad:3 dog:2 htk:1 r2dronecontrol:1 r2mohajer:1 r2toufan:1,32,10475,13,21870,35170,r2ymr:15 r2yrpg:7 r2technical:4 r2ytechrr:3 r2ymlr:2 htk:1
rr.dustbowl.normal.israel-saudi.r2,dustbowl,normal,2,israel,saudi,1,2,complete,draw,,tick-cap,60001,40.0,368.3,-1196642175,102,76970,29,108980,58590,r2ilrifle:36 r2ilat:22 r2merkava:18 r2ilhowitzer:7 r2ilrecon:4 r2ilshield:4 r2namer:4 r2ilgunship:3 dog:2 r2ilfalcon:2,71,61690,41,60990,111380,r2saat:18 r2sang:17 r2m1a2s:14 r2caesar:6 r2f15sa:5 r2sads:4 r2falcon:3 r2ah64sa:2 dog:1 r2bradley:1
rr.tournament-2a.normal.hezbollah-turkey.r2,tournament-2A,normal,2,hezbollah,turkey,1,2,complete,win,turkey,conquest,38340,25.56,132.0,-867192743,38,15875,24,33560,49805,r2hzrifle:12 r2hzat:9 r2hztechnical:7 r2hzfpv:3 r2hzrecoilless:3 dog:1 r2hzescort:1 r2hzrail:1 r2hzrockets:1,108,51200,30,50220,34425,r2trrifle:50 r2trat:23 r2bozkir:19 r2gokkalkan:5 r2yildirim:4 dog:2 r2kuzgun:2 r2aras:1 r2greywolf:1 r2sahin:1
rr.tournament-2a.normal.israel-yemen.r2,tournament-2A,normal,2,israel,yemen,1,2,complete,win,yemen,conquest,29415,19.61,123.4,254805522,26,16880,18,27080,48790,r2ilrifle:9 r2ilat:8 r2merkava:3 r2ilhowitzer:2 r2namer:2 dog:1 r2ilfalcon:1,110,37125,30,48790,27080,r2ymr:45 r2yrpg:30 r2technical:12 r2ytechrr:8 r2ymlr:5 r2yzu:4 htk:3 r2samad:2 dog:1
rr.dustbowl.normal.china-iran.r2,dustbowl,normal,2,china,iran,1,2,complete,draw,,tick-cap,60001,40.0,264.2,455776415,192,100450,23,104610,91100,r2cnrifle:85 r2cnportable:32 r2qilin:32 r2cloud:8 r2phl:7 r2mantis:6 r2redspear:6 r2zbd:6 r2lynx:5 r2crane:3 dog:1 r2skyspear:1,237,79160,50,85880,99390,r2basij:134 r2toophan:59 r2karrar:17 htk:7 r2fajr:7 r2raad:4 r2mohajer:3 r2coast:2 r2dronecontrol:2 r2azar:1 r2loiter:1
rr.dustbowl.normal.turkey-america.r2,dustbowl,normal,2,turkey,america,1,2,complete,win,turkey,conquest,28233,18.82,132.4,1495017402,60,28900,26,49400,15655,r2trrifle:30 r2bozkir:11 r2trat:10 r2gokkalkan:4 r2yildirim:2 dog:1 r2sahin:1 r2turna:1,35,13300,22,15655,49400,e1:22 mtnk:7 fv:5 shad:1
rr.tournament-2a.normal.hezbollah-yemen.r2,tournament-2A,normal,2,hezbollah,yemen,1,2,complete,win,hezbollah,conquest,31167,20.78,59.3,-1806888081,66,29525,24,40400,26595,r2hzrifle:19 r2hzat:13 r2hztechnical:11 r2hzrecoilless:7 r2hzfpv:5 r2hzrockets:5 htk:2 r2hzescort:2 r2hzrail:2,53,19005,9,25485,40400,r2ymr:17 r2yrpg:13 r2technical:11 r2ytechrr:7 htk:2 r2ymlr:2 r2yzu:1
rr.tournament-2a.normal.america-china.r2,tournament-2A,normal,2,america,china,1,2,complete,win,china,conquest,37626,25.08,55.7,-1485771295,48,23600,22,34140,66900,e1:26 fv:8 mgtk:3 cleg:2 mtnk:2 tany:2 dog:1 jumpjet:1 orca:1 shad:1 sref:1,104,53190,25,67850,35090,r2cnrifle:47 r2cnportable:19 r2qilin:16 r2phl:6 r2mantis:4 r2cloud:3 r2lynx:2 r2redspear:2 r2zbd:2 dog:1 r2crane:1 r2skyspear:1
rr.dustbowl.normal.america-yemen.r2,dustbowl,normal,2,america,yemen,1,2,complete,win,america,conquest,41557,27.7,77.2,-1220305175,93,59100,27,49530,25200,e1:34 mtnk:15 fv:13 cleg:10 jumpjet:6 shad:5 sref:5 mgtk:2 dog:1 orca:1 tany:1,51,17335,17,24200,50030,r2ymr:19 r2yrpg:16 r2technical:7 r2ytechrr:4 r2yzu:3 r2ymlr:2
rr.dustbowl.normal.israel-yemen.r2,dustbowl,normal,2,israel,yemen,1,2,complete,draw,,tick-cap,60001,40.0,99.9,-1205520910,101,81950,50,94510,98270,r2ilrifle:35 r2ilat:22 r2merkava:18 r2ilhowitzer:8 r2ilrecon:6 r2ilgunship:5 r2ilfalcon:3 r2ilshield:2 dog:1 r2namer:1,206,76205,43,97050,95940,r2ymr:77 r2yrpg:75 r2technical:18 r2ytechrr:11 r2wadighost:8 r2ymlr:5 r2yzu:5 r2yspot:4 htk:2 dog:1
rr.dustbowl.normal.israel-china.r2,dustbowl,normal,2,israel,china,1,2,complete,draw,,tick-cap,60001,40.0,97.0,-926492803,97,85420,47,107160,105110,r2ilrifle:31 r2ilat:17 r2merkava:14 r2ilhowitzer:10 r2ilrecon:8 r2ilshield:7 r2ilfalcon:4 r2ilgunship:4 dog:1 r2namer:1,195,105750,32,102890,104940,r2cnrifle:85 r2cnportable:35 r2qilin:30 r2mantis:11 r2cloud:9 r2phl:8 r2redspear:6 r2zbd:5 r2skyspear:3 r2crane:2 dog:1
rr.tournament-2a.normal.china-russia.r2,tournament-2A,normal,2,china,russia,1,2,complete,win,china,conquest,31043,20.7,47.4,-450344099,111,52500,24,43320,31860,r2cnrifle:50 r2cnportable:23 r2qilin:16 r2lynx:5 r2cloud:4 r2phl:4 r2zbd:3 r2mantis:2 r2cnnetwork:1 r2crane:1 r2redspear:1 r2skyspear:1,35,12300,17,30740,42200,e2:17 shk:8 htnk:4 flakt:2 htk:2 dog:1 ttnk:1
rr.tournament-2a.normal.russia-china.r2,tournament-2A,normal,2,russia,china,1,2,complete,win,china,conquest,32780,21.85,49.8,-206706461,42,16600,14,23130,42300,shk:14 e2:12 flakt:8 htnk:4 htk:2 dog:1 ttnk:1,86,42800,26,44540,25370,r2cnrifle:40 r2qilin:13 r2cnportable:12 r2mantis:4 r2zbd:4 r2lynx:3 r2cloud:2 r2phl:2 r2redspear:2 dog:1 r2cnnetwork:1 r2crane:1 r2skyspear:1
rr.tournament-2a.normal.russia-yemen.r2,tournament-2A,normal,2,russia,yemen,1,2,complete,win,yemen,conquest,56955,37.97,78.6,24371346,44,21000,29,51495,64600,shk:18 flakt:13 e2:4 htk:4 ttnk:4 htnk:1,208,77630,38,64950,51845,r2ymr:82 r2yrpg:58 r2technical:25 r2ytechrr:17 r2wadighost:7 r2ymlr:7 r2samad:5 htk:3 dog:2 r2yzu:2
rr.tournament-2a.normal.america-hezbollah.r2,tournament-2A,normal,2,america,hezbollah,1,2,complete,win,america,conquest,15703,10.47,27.6,42154070,43,17700,17,24175,9100,e1:24 mtnk:9 fv:4 jumpjet:3 dog:1 orca:1 shad:1,13,5425,7,9100,24175,r2hzat:4 r2hzrifle:4 r2hztechnical:2 htk:1 r2hzrail:1 r2hzrecoilless:1
rr.tournament-2a.normal.yemen-hezbollah.r2,tournament-2A,normal,2,yemen,hezbollah,1,2,complete,win,yemen,conquest,56246,37.5,77.6,291788626,261,97155,38,81400,75070,r2ymr:97 r2yrpg:81 r2technical:31 r2ytechrr:19 r2wadighost:8 r2ymlr:8 r2yzu:6 r2samad:5 dog:2 htk:2 r2yspot:2,79,34625,33,73980,85515,r2hzrifle:18 r2hzat:16 r2hztechnical:13 r2hzrecoilless:11 r2hzfpv:7 r2hzrail:6 htk:4 r2hzrockets:3 dog:1
rr.tournament-2a.normal.iran-turkey.r2,tournament-2A,normal,2,iran,turkey,1,2,complete,win,turkey,conquest,43554,29.04,62.7,319926120,58,21970,23,32285,60990,r2basij:28 r2toophan:16 r2fajr:4 r2karrar:4 htk:2 dog:1 r2loiter:1 r2mohajer:1 r2raad:1,101,48495,30,60990,32285,r2trrifle:49 r2trat:19 r2bozkir:18 r2gokkalkan:5 r2yildirim:4 r2kuzgun:2 dog:1 r2greywolf:1 r2sahin:1 r2sancak:1
rr.dustbowl.normal.china-saudi.r2,dustbowl,normal,2,china,saudi,1,2,complete,draw,,tick-cap,60001,40.0,86.6,810305310,75,48470,35,55590,61920,r2cnrifle:26 r2cnportable:14 r2qilin:14 r2phl:6 r2cloud:4 r2mantis:4 r2redspear:3 r2skyspear:2 r2crane:1 r2zbd:1,78,64250,32,62920,56590,r2sang:25 r2m1a2s:15 r2saat:15 r2ah64sa:5 r2falcon:5 r2caesar:4 r2f15sa:3 r2sads:3 dog:2 r2bradley:1
rr.tournament-2a.normal.hezbollah-saudi.r2,tournament-2A,normal,2,hezbollah,saudi,1,2,complete,win,saudi,conquest,31991,21.33,49.5,948424201,46,17775,10,24780,40625,r2hzrifle:21 r2hzat:15 dog:3 r2hzrecoilless:3 htk:1 r2hzescort:1 r2hzrail:1 r2hztechnical:1,34,25860,19,40625,24780,r2saat:10 r2sang:8 r2m1a2s:5 r2bradley:3 r2caesar:3 dog:1 r2ah64sa:1 r2f15sa:1 r2falcon:1 r2sads:1
rr.tournament-2a.normal.turkey-saudi.r2,tournament-2A,normal,2,turkey,saudi,1,2,complete,win,saudi,conquest,12867,8.58,26.9,1069834473,3,755,5,3660,13815,dog:1 r2trat:1 r2trrifle:1,12,6980,9,13815,3660,r2sang:4 r2saat:3 r2m1a2s:2 dog:1 r2bradley:1 r2caesar:1
rr.tournament-2a.normal.russia-iran.r2,tournament-2A,normal,2,russia,iran,1,2,complete,win,iran,conquest,36844,24.56,55.0,1341498249,26,9600,13,26750,35900,e2:11 shk:9 htnk:3 htk:2 flakt:1,98,33910,24,35900,26750,r2basij:54 r2toophan:23 r2karrar:10 r2fajr:3 dog:2 htk:2 r2coast:1 r2mohajer:1 r2raad:1 r2toufan:1
rr.tournament-2a.normal.america-saudi.r2,tournament-2A,normal,2,america,saudi,1,2,complete,win,saudi,conquest,27041,18.03,43.1,1443115188,32,14400,15,21020,45100,e1:17 fv:5 mtnk:4 dog:1 jumpjet:1 mgtk:1 orca:1 shad:1 sref:1,39,21840,18,45100,21020,r2sang:17 r2saat:9 r2m1a2s:6 r2sads:3 r2caesar:2 dog:1 r2bradley:1
rr.dustbowl.normal.yemen-iran.r2,dustbowl,normal,2,yemen,iran,1,2,complete,win,yemen,conquest,33274,22.18,53.8,1676733318,79,31025,22,37570,19780,r2ymr:25 r2yrpg:23 r2ytechrr:11 r2technical:10 htk:3 r2ymlr:3 r2wadighost:2 r2samad:1 r2yzu:1,39,10450,12,19780,37570,r2basij:25 r2toophan:10 r2karrar:2 r2raad:2
rr.dustbowl.normal.turkey-israel.r2,dustbowl,normal,2,turkey,israel,1,2,complete,draw,,tick-cap,60001,40.0,97.7,1873537814,66,38730,33,64240,64790,r2trrifle:26 r2bozkir:13 r2trat:13 r2gokkalkan:5 r2yildirim:3 r2greywolf:2 r2turna:2 dog:1 r2sahin:1,75,66130,34,65290,64740,r2ilrifle:24 r2ilat:15 r2merkava:12 r2ilfalcon:5 r2ilgunship:5 r2ilhowitzer:5 r2ilrecon:4 r2ilshield:3 dog:1 r2namer:1
rr.tournament-2a.normal.saudi-turkey.r2,tournament-2A,normal,2,saudi,turkey,1,2,complete,win,turkey,conquest,20731,13.82,35.4,1889252931,10,5230,8,12795,27140,r2sang:4 r2m1a2s:2 r2saat:2 dog:1 r2bradley:1,40,16710,18,27540,13195,r2trrifle:22 r2bozkir:7 r2trat:6 r2gokkalkan:3 dog:1 r2yildirim:1
rr.dustbowl.normal.yemen-israel.r2,dustbowl,normal,2,yemen,israel,1,2,complete,win,israel,conquest,48134,32.09,83.1,-2080264705,87,30365,21,34805,79110,r2ymr:31 r2yrpg:26 r2technical:12 r2ytechrr:11 r2ymlr:4 r2yzu:2 htk:1,95,59980,30,78230,35090,r2ilrifle:39 r2ilat:23 r2merkava:15 r2ilhowitzer:7 dog:3 r2ilshield:3 r2namer:2 r2ilfalcon:1 r2ilgunship:1 r2ilrecon:1
rr.tournament-2a.normal.turkey-russia.r2,tournament-2A,normal,2,turkey,russia,1,2,complete,win,russia,conquest,28974,19.32,45.3,-2053261290,21,10145,14,15200,40905,r2trrifle:9 r2trat:4 r2bozkir:3 r2gokkalkan:2 dog:1 r2kuzgun:1 r2yildirim:1,143,35600,28,40905,15200,e2:76 flakt:33 shk:31 yuri:2 dog:1
rr.dustbowl.normal.hezbollah-america.r2,dustbowl,normal,2,hezbollah,america,1,2,complete,win,hezbollah,conquest,41503,27.67,66.8,-1596068257,87,42050,26,60400,33400,r2hzrifle:19 r2hzat:16 r2hzfpv:13 r2hztechnical:12 r2hzrecoilless:8 r2hzrockets:5 r2hzescort:4 htk:3 r2hzrail:3 dog:2 r2hzscout:2,42,19800,23,30920,59900,e1:19 fv:10 jumpjet:4 mtnk:4 orca:3 dog:1 shad:1
rr.tournament-2a.normal.america-turkey.r2,tournament-2A,normal,2,america,turkey,1,2,complete,win,turkey,conquest,35802,23.87,54.3,-1442261543,35,16400,18,30470,52900,e1:17 mtnk:6 jumpjet:5 fv:4 orca:2 shad:1,67,35545,33,52900,30470,r2trrifle:29 r2bozkir:14 r2trat:12 r2gokkalkan:5 r2kuzgun:2 r2yildirim:2 dog:1 r2greywolf:1 r2sahin:1
rr.dustbowl.normal.saudi-turkey.r2,dustbowl,normal,2,saudi,turkey,1,2,complete,win,saudi,conquest,11191,7.46,26.0,-1248177512,18,8580,11,18035,4120,r2sang:9 r2saat:4 r2m1a2s:2 dog:1 r2bradley:1 r2caesar:1,9,2725,5,4120,18035,r2trrifle:5 r2trat:2 dog:1 r2gokkalkan:1
rr.dustbowl.normal.israel-russia.r2,dustbowl,normal,2,israel,russia,1,2,complete,draw,,tick-cap,60001,40.0,84.5,-985580823,111,85800,34,66580,72340,r2ilrifle:35 r2ilat:30 r2merkava:15 r2ilhowitzer:8 r2ilgunship:6 r2ilrecon:5 r2ilfalcon:3 r2ilshield:3 r2namer:3 dog:2 r2ilobserver:1,50,22200,28,68560,62800,e2:17 shk:12 flakt:8 htnk:7 ttnk:4 htk:2
rr.tournament-2a.normal.america-israel.r2,tournament-2A,normal,2,america,israel,1,2,complete,win,america,conquest,36346,24.23,53.9,-930138676,80,40800,29,72460,31700,e1:38 mtnk:15 fv:8 jumpjet:8 cleg:3 shad:3 sref:2 mgtk:1 orca:1 tany:1,44,27350,23,31500,72260,r2ilrifle:15 r2ilat:14 r2merkava:7 r2ilshield:3 r2ilhowitzer:2 r2namer:2 dog:1
rr.dustbowl.normal.america-israel.r2,dustbowl,normal,2,america,israel,1,2,complete,win,israel,conquest,13200,8.8,29.4,-899384387,9,1800,6,3100,15700,e1:7 dog:2,16,9720,11,15700,3100,r2ilrifle:6 r2ilat:4 r2merkava:3 dog:1 r2ilhowitzer:1 r2namer:1
rr.tournament-2a.normal.hezbollah-america.r2,tournament-2A,normal,2,hezbollah,america,1,2,complete,win,america,conquest,37067,24.71,54.7,-605004044,61,26800,23,37400,71550,r2hzrifle:17 r2hzat:13 r2hztechnical:9 r2hzrecoilless:6 r2hzfpv:5 htk:3 r2hzescort:3 r2hzrail:3 r2hzrockets:2,60,39000,32,70070,36400,e1:18 mtnk:11 jumpjet:9 fv:6 shad:4 cleg:3 orca:3 sref:3 tany:2 mgtk:1
rr.tournament-2a.normal.america-iran.r2,tournament-2A,normal,2,america,iran,1,2,complete,win,america,conquest,39026,26.02,58.2,-388592760,73,46800,28,34220,12200,e1:28 cleg:8 fv:8 mtnk:8 jumpjet:6 mgtk:4 shad:4 sref:4 dog:1 orca:1 tany:1,37,8050,14,12000,34020,r2basij:25 r2toophan:11 r2karrar:1
rr.dustbowl.normal.saudi-yemen.r2,dustbowl,normal,2,saudi,yemen,1,2,complete,win,saudi,conquest,16349,10.9,33.2,-140940674,28,15240,16,18105,7850,r2sang:12 r2saat:7 r2m1a2s:5 dog:1 r2bradley:1 r2caesar:1 r2sads:1,11,3410,6,7850,18105,r2ymr:4 r2yrpg:4 r2technical:2 r2ytechrr:1
rr.dustbowl.normal.hezbollah-china.r2,dustbowl,normal,2,hezbollah,china,1,2,complete,draw,,tick-cap,60001,40.0,121.3,-57438119,123,59950,38,88385,123090,r2hzat:36 r2hzrifle:19 r2hzrecoilless:18 r2hzfpv:13 r2hztechnical:13 htk:10 r2hzescort:4 r2hzrail:4 r2hzrockets:4 r2hzscout:2,196,100000,31,124335,93860,r2cnrifle:85 r2cnportable:38 r2qilin:33 r2phl:10 r2zbd:7 r2cloud:6 r2lynx:4 r2mantis:4 r2redspear:4 r2crane:2 dog:1 r2cnnetwork:1 r2skyspear:1
rr.dustbowl.normal.hezbollah-saudi.r2,dustbowl,normal,2,hezbollah,saudi,1,2,complete,win,saudi,conquest,16944,11.3,37.8,194715513,3,1100,5,3970,13850,r2hzrifle:2 r2hzat:1,19,11490,13,13850,3970,r2sang:7 r2m1a2s:4 r2saat:4 dog:1 r2bradley:1 r2caesar:1 r2sads:1
rr.dustbowl.normal.america-turkey.r2,dustbowl,normal,2,america,turkey,1,2,complete,draw,,tick-cap,60001,40.0,118.4,200061848,65,45400,34,70245,109900,e1:21 fv:8 orca:6 sref:6 jumpjet:5 cleg:4 mtnk:4 shad:4 mgtk:3 tany:3 dog:1,161,87235,28,116115,76460,r2trrifle:67 r2trat:35 r2bozkir:30 r2gokkalkan:9 r2yildirim:9 r2greywolf:5 r2kuzgun:4 dog:1 r2sahin:1
rr.dustbowl.normal.turkey-yemen.r2,dustbowl,normal,2,turkey,yemen,1,2,complete,win,turkey,conquest,14173,9.45,32.5,572003259,27,11815,12,16840,5135,r2trrifle:13 r2bozkir:6 r2trat:5 r2gokkalkan:2 dog:1,7,2095,5,4185,15890,r2ymr:3 r2yrpg:3 r2ytechrr:1
rr.dustbowl.normal.iran-china.r2,dustbowl,normal,2,iran,china,1,2,complete,win,iran,conquest,58317,38.88,96.9,897343059,283,92960,36,111050,81520,r2basij:159 r2toophan:77 r2karrar:13 r2fajr:9 r2raad:8 dog:4 r2coast:3 r2loiter:3 r2mohajer:3 htk:2 r2azar:1 r2dronecontrol:1,75,48670,38,82900,116760,r2cnrifle:26 r2qilin:16 r2cnportable:14 r2phl:5 r2redspear:4 r2skyspear:3 r2zbd:3 r2cloud:2 r2mantis:2
rr.tournament-2a.normal.china-hezbollah.r2,tournament-2A,normal,2,china,hezbollah,1,2,complete,win,hezbollah,conquest,23939,15.96,40.6,1157121537,23,8940,13,13430,43630,r2cnrifle:12 r2cnportable:5 r2zbd:4 r2qilin:2,56,24325,21,43630,14570,r2hzrifle:16 r2hzat:9 r2hztechnical:9 r2hzfpv:6 r2hzrecoilless:5 r2hzrail:3 htk:2 r2hzdrone:2 r2hzescort:2 r2hzrockets:2
rr.tournament-2a.normal.hezbollah-iran.r2,tournament-2A,normal,2,hezbollah,iran,1,2,complete,win,hezbollah,conquest,43922,29.28,64.7,1381473884,84,42475,31,41390,35120,r2hzrifle:22 r2hzat:14 r2hztechnical:12 r2hzrecoilless:9 r2hzfpv:7 r2hzescort:5 r2hzrail:5 r2hzscout:4 r2hzrockets:3 htk:2 r2hzdrone:1,42,15670,12,33280,42790,r2basij:23 r2toophan:10 r2karrar:5 htk:1 r2azar:1 r2fajr:1 r2raad:1
rr.dustbowl.normal.china-america.r2,dustbowl,normal,2,china,america,1,2,complete,win,china,conquest,43407,28.94,72.2,1563460203,132,67690,28,83150,41950,r2cnrifle:62 r2cnportable:22 r2qilin:21 r2phl:7 r2mantis:6 r2cloud:4 r2redspear:3 r2crane:2 r2lynx:2 r2cnnetwork:1 r2skyspear:1 r2zbd:1,60,29400,26,38300,79500,e1:29 mtnk:11 fv:8 jumpjet:3 orca:2 shad:2 cleg:1 dog:1 mgtk:1 sref:1 tany:1
rr.dustbowl.normal.yemen-turkey.r2,dustbowl,normal,2,yemen,turkey,1,2,complete,draw,,tick-cap,60001,40.0,100.2,1863771570,197,75585,35,87920,69420,r2ymr:69 r2yrpg:57 r2technical:27 r2ytechrr:15 r2ymlr:8 r2yzu:8 r2wadighost:6 htk:3 dog:2 r2samad:2,80,50770,46,71620,90120,r2trrifle:24 r2bozkir:21 r2trat:18 r2yildirim:7 r2greywolf:3 dog:2 r2gokkalkan:2 r2kuzgun:2 r2sahin:1
rr.dustbowl.normal.turkey-iran.r2,dustbowl,normal,2,turkey,iran,1,2,complete,win,iran,conquest,32459,21.64,63.2,2030947733,43,21345,21,29110,63705,r2trrifle:19 r2bozkir:9 r2trat:8 r2gokkalkan:3 r2yildirim:3 dog:1,110,37770,28,63705,29110,r2basij:63 r2toophan:24 r2karrar:11 r2fajr:6 r2loiter:2 r2raad:2 dog:1 r2mohajer:1
rr.tournament-2a.normal.israel-america.r2,tournament-2A,normal,2,israel,america,1,2,complete,win,america,conquest,21966,14.64,43.8,-2008640543,16,9190,11,9800,36500,r2ilrifle:7 r2ilat:3 r2merkava:2 r2namer:2 dog:1 r2ilhowitzer:1,30,15900,20,36500,9800,e1:15 mtnk:6 fv:2 cleg:1 jumpjet:1 mgtk:1 orca:1 shad:1 sref:1 tany:1
rr.dustbowl.normal.russia-iran.r2,dustbowl,normal,2,russia,iran,1,2,complete,draw,,tick-cap,60001,40.0,102.2,-1632185142,188,70100,30,86420,52850,e2:78 flakt:61 shk:19 ttnk:10 htk:7 apoc:4 htnk:4 zep:3 yuri:2,208,68850,40,54350,87920,r2basij:120 r2toophan:55 r2karrar:8 r2fajr:7 htk:6 r2coast:4 dog:2 r2azar:2 r2loiter:1 r2mohajer:1 r2raad:1 r2toufan:1
rr.dustbowl.normal.yemen-america.r2,dustbowl,normal,2,yemen,america,1,2,complete,win,america,conquest,34491,22.99,58.8,-1571039847,36,11745,16,17400,40040,r2yrpg:17 r2ymr:13 r2ytechrr:3 htk:1 r2ymlr:1 r2yzu:1,72,43000,28,40040,17400,e1:28 mtnk:12 fv:8 cleg:6 jumpjet:6 sref:4 dog:2 orca:2 shad:2 mgtk:1 tany:1
rr.tournament-2a.normal.yemen-china.r2,tournament-2A,normal,2,yemen,china,1,2,complete,win,china,conquest,39078,26.05,58.9,-1426160602,60,21250,20,41590,55795,r2yrpg:21 r2ymr:20 r2ytechrr:8 htk:4 r2technical:3 r2ymlr:2 r2yzu:2,108,54690,32,56035,43170,r2cnrifle:47 r2cnportable:20 r2qilin:17 r2zbd:6 r2phl:5 r2cloud:3 r2lynx:3 r2mantis:3 r2redspear:2 dog:1 r2skyspear:1
rr.dustbowl.normal.saudi-china.r2,dustbowl,normal,2,saudi,china,1,2,complete,draw,,tick-cap,60001,40.0,103.4,-981172271,106,78950,35,90500,87270,r2sang:35 r2saat:26 r2m1a2s:16 r2sads:7 r2caesar:6 r2falcon:5 r2ah64sa:4 r2f15sa:3 dog:2 r2bradley:2,94,54280,46,86270,89500,r2cnrifle:34 r2cnportable:21 r2qilin:15 r2phl:6 r2zbd:5 r2cloud:4 r2mantis:4 r2redspear:2 r2skyspear:2 r2lynx:1
rr.dustbowl.normal.iran-israel.r2,dustbowl,normal,2,iran,israel,1,2,complete,win,israel,conquest,18576,12.38,37.5,-837085126,4,1080,6,2460,14600,r2basij:2 r2toophan:2,22,13210,14,14600,2460,r2ilrifle:8 r2ilat:5 r2merkava:4 dog:2 r2ilhowitzer:1 r2ilshield:1 r2namer:1
rr.dustbowl.normal.russia-saudi.r2,dustbowl,normal,2,russia,saudi,1,2,complete,win,saudi,conquest,44786,29.86,75.4,-608229318,44,23600,21,37630,65800,shk:14 flakt:11 htk:6 ttnk:6 e2:4 htnk:3,85,63610,28,66100,38630,r2saat:26 r2sang:23 r2m1a2s:14 r2ah64sa:4 r2caesar:4 r2sads:4 r2bradley:3 r2falcon:3 r2f15sa:2 dog:1 r2sajtac:1
rr.tournament-2a.normal.yemen-israel.r2,tournament-2A,normal,2,yemen,israel,1,2,complete,win,israel,conquest,15613,10.41,30.0,-460372298,4,1030,4,4120,13025,r2ymr:2 r2yrpg:2,13,6900,13,13025,4120,r2ilrifle:5 r2ilat:4 dog:1 r2ilhowitzer:1 r2merkava:1 r2namer:1
rr.tournament-2a.normal.yemen-russia.r2,tournament-2A,normal,2,yemen,russia,1,2,complete,draw,,tick-cap,60001,40.0,85.7,-158769831,181,76560,41,76800,98125,r2yrpg:58 r2ymr:54 r2technical:26 r2ytechrr:17 r2wadighost:10 r2yzu:7 r2ymlr:6 htk:3,142,56750,40,97175,75850,e2:63 flakt:30 shk:16 ttnk:11 htnk:10 htk:8 apoc:3 zep:1
rr.dustbowl.normal.yemen-saudi.r2,dustbowl,normal,2,yemen,saudi,1,2,complete,win,saudi,conquest,46028,30.69,69.4,54004219,65,25720,24,26600,65815,r2yrpg:23 r2ymr:18 r2ytechrr:11 htk:3 r2ymlr:3 r2yzu:3 r2technical:2 dog:1 r2wadighost:1,65,45680,30,65265,29250,r2sang:19 r2saat:18 r2m1a2s:9 r2sads:5 r2bradley:4 r2caesar:4 r2falcon:2 dog:1 r2ah64sa:1 r2f15sa:1 r2sajtac:1
rr.tournament-2a.normal.iran-saudi.r2,tournament-2A,normal,2,iran,saudi,1,2,complete,win,saudi,conquest,23416,15.61,38.9,144372178,9,2800,5,7670,17320,r2basij:5 r2toophan:3 r2raad:1,28,16250,16,17320,7670,r2sang:10 r2saat:8 r2m1a2s:4 r2bradley:2 r2caesar:2 dog:1 r2sads:1
rr.tournament-2a.normal.russia-saudi.r2,tournament-2A,normal,2,russia,saudi,1,2,complete,draw,,tick-cap,60001,40.0,93.2,533347863,55,21200,23,48850,47200,e2:23 shk:13 flakt:8 htk:4 htnk:4 ttnk:2 zep:1,61,49350,34,47200,48850,r2saat:18 r2sang:15 r2m1a2s:11 r2caesar:5 r2ah64sa:4 r2f15sa:2 r2falcon:2 r2sads:2 dog:1 r2bradley:1
rr.dustbowl.normal.saudi-hezbollah.r2,dustbowl,normal,2,saudi,hezbollah,1,2,complete,win,saudi,conquest,43662,29.11,75.5,696793607,38,30170,23,38485,16640,r2sang:11 r2m1a2s:9 r2saat:6 r2caesar:3 dog:2 r2ah64sa:2 r2bradley:2 r2f15sa:1 r2falcon:1 r2sads:1,28,11475,15,16640,38695,r2hzrifle:11 r2hzat:7 r2hzfpv:3 r2hztechnical:3 r2hzrail:2 r2hzescort:1 r2hzrecoilless:1
rr.tournament-2a.normal.iran-russia.r2,tournament-2A,normal,2,iran,russia,1,2,complete,win,iran,conquest,46125,30.75,75.3,746232242,316,95500,34,74500,74680,r2basij:190 r2toophan:74 r2karrar:23 r2fajr:8 htk:7 r2dronecontrol:4 dog:3 r2coast:3 r2toufan:2 r2loiter:1 r2mohajer:1,91,38900,25,74680,74500,e2:32 shk:18 flakt:17 htnk:10 ttnk:8 htk:6
rr.tournament-2a.normal.yemen-turkey.r2,tournament-2A,normal,2,yemen,turkey,1,2,complete,win,turkey,conquest,42608,28.41,62.9,1453043780,75,27395,17,40060,63490,r2ymr:23 r2yrpg:21 r2technical:13 r2ytechrr:8 r2yzu:3 dog:2 htk:2 r2ymlr:2 r2wadighost:1,113,57165,31,63940,45295,r2trrifle:53 r2trat:23 r2bozkir:17 r2yildirim:7 r2gokkalkan:4 r2kuzgun:4 r2greywolf:3 dog:1 r2sahin:1
rr.dustbowl.normal.america-saudi.r2,dustbowl,normal,2,america,saudi,1,2,complete,win,america,conquest,54937,36.62,94.5,1464926750,129,78300,37,114990,61700,e1:47 fv:19 mtnk:17 jumpjet:16 cleg:8 sref:8 mgtk:6 shad:3 tany:3 orca:2,64,58880,33,65200,118490,r2saat:14 r2sang:14 r2m1a2s:11 r2caesar:5 r2falcon:5 r2sads:5 r2f15sa:4 r2ah64sa:3 dog:2 r2bradley:1
rr.dustbowl.normal.hezbollah-russia.r2,dustbowl,normal,2,hezbollah,russia,1,2,complete,draw,,tick-cap,60001,40.0,117.6,1501935536,141,73500,43,86950,104640,r2hzrifle:33 r2hzat:28 r2hztechnical:22 r2hzfpv:18 r2hzrail:8 r2hzrecoilless:8 r2hzscout:8 htk:6 r2hzescort:5 r2hzrockets:5,266,90050,41,102750,86950,e2:124 flakt:70 shk:28 htnk:13 htk:11 ttnk:11 apoc:3 zep:3 dog:2 ivan:1
rr.dustbowl.normal.turkey-hezbollah.r2,dustbowl,normal,2,turkey,hezbollah,1,2,complete,win,turkey,conquest,38993,26.0,65.2,2083047771,118,55640,32,53065,41195,r2trrifle:58 r2trat:23 r2bozkir:20 r2gokkalkan:7 r2yildirim:5 r2kuzgun:2 dog:1 r2greywolf:1 r2sahin:1,40,17075,23,41195,53935,r2hzrifle:13 r2hzat:11 r2hztechnical:5 r2hzfpv:4 r2hzrecoilless:3 htk:2 r2hzrail:1 r2hzrockets:1
rr.tournament-2a.normal.china-saudi.r2,tournament-2A,normal,2,china,saudi,1,2,complete,win,saudi,conquest,16411,10.94,30.0,-1883753560,2,570,4,3970,13210,r2cnportable:1 r2cnrifle:1,19,11490,13,13210,3970,r2sang:7 r2m1a2s:4 r2saat:4 dog:1 r2bradley:1 r2caesar:1 r2sads:1
rr.tournament-2a.normal.china-turkey.r2,tournament-2A,normal,2,china,turkey,1,2,complete,win,china,conquest,44969,29.98,65.3,-1617393522,90,45730,25,67210,32330,r2cnrifle:44 r2qilin:15 r2cnportable:11 r2zbd:5 r2phl:4 r2lynx:3 r2mantis:3 r2redspear:2 r2cloud:1 r2crane:1 r2skyspear:1,84,28130,18,29860,64740,r2trrifle:46 r2trat:22 r2bozkir:9 dog:4 r2gokkalkan:3
rr.tournament-2a.normal.israel-turkey.r2,tournament-2A,normal,2,israel,turkey,1,2,complete,win,israel,conquest,17431,11.62,32.8,-1581093621,22,13230,13,13815,10680,r2ilrifle:9 r2ilat:5 r2merkava:4 dog:1 r2ilhowitzer:1 r2ilshield:1 r2namer:1,3,755,5,10680,13815,dog:1 r2trat:1 r2trrifle:1
rr.tournament-2a.normal.iran-hezbollah.r2,tournament-2A,normal,2,iran,hezbollah,1,2,complete,win,iran,conquest,42363,28.24,62.8,-1559939145,159,50770,33,58605,46400,r2basij:98 r2toophan:32 r2karrar:12 r2fajr:7 r2raad:4 r2dronecontrol:2 dog:1 htk:1 r2coast:1 r2mohajer:1,51,21925,21,44120,59655,r2hzat:13 r2hzrifle:13 r2hztechnical:10 r2hzrecoilless:5 r2hzfpv:4 r2hzrail:3 htk:2 r2hzrockets:1
rr.tournament-2a.normal.china-israel.r2,tournament-2A,normal,2,china,israel,1,2,complete,win,israel,conquest,13246,8.83,25.3,-1253132479,2,570,5,4340,14060,r2cnportable:1 r2cnrifle:1,20,11430,13,14060,4340,r2ilrifle:9 r2ilat:4 r2merkava:3 dog:1 r2ilhowitzer:1 r2ilshield:1 r2namer:1
rr.dustbowl.normal.china-israel.r2,dustbowl,normal,2,china,israel,1,2,complete,win,china,conquest,43324,28.88,66.3,-998622325,131,66630,25,83760,47090,r2cnrifle:59 r2cnportable:25 r2qilin:24 r2phl:8 r2cloud:3 r2crane:3 r2lynx:2 r2mantis:2 r2redspear:2 r2cnnetwork:1 r2skyspear:1 r2zbd:1,47,30750,28,47090,83760,r2ilrifle:15 r2ilat:11 r2merkava:10 dog:3 r2namer:3 r2ilhowitzer:2 r2ilshield:2 r2ilobserver:1
