match,map,bot,replicate,faction_0,faction_1,spawn_0,spawn_1,status,result,winner,end_reason,end_tick,game_minutes,wall_seconds,engine_seed,units_0,unit_value_0,structures_0,destroyed_0,lost_0,production_0,units_1,unit_value_1,structures_1,destroyed_1,lost_1,production_1
rr.dustbowl.normal.china-israel.r0,dustbowl,normal,0,china,israel,1,2,complete,win,israel,conquest,14869,9.91,29.5,-223411111,9,3380,9,3990,26270,r2cnrifle:4 r2cnportable:3 r2qilin:2,19,9700,12,26270,3990,r2ilrifle:10 r2ilat:4 r2merkava:2 dog:1 r2ilhowitzer:1 r2namer:1
rr.dustbowl.normal.saudi-russia.r0,dustbowl,normal,0,saudi,russia,1,2,complete,win,saudi,conquest,25017,16.68,41.9,-218789377,44,27880,21,32100,11750,r2sang:19 r2saat:9 r2m1a2s:8 r2bradley:2 dog:1 r2ah64sa:1 r2caesar:1 r2f15sa:1 r2falcon:1 r2sads:1,21,7900,13,11750,32100,e2:9 shk:6 htnk:3 htk:2 flakt:1
rr.tournament-2a.normal.america-iran.r0,tournament-2A,normal,0,america,iran,1,2,complete,win,america,conquest,15455,10.3,27.8,-229260522,48,15000,14,18140,6900,e1:35 mtnk:6 fv:4 dog:2 shad:1,14,3420,8,6900,18140,r2basij:8 r2toophan:6
rr.tournament-2a.normal.hezbollah-israel.r0,tournament-2A,normal,0,hezbollah,israel,1,2,complete,win,hezbollah,conquest,18088,12.06,31.0,48479717,44,16900,4,21650,19000,r2hzrifle:24 r2hzat:19 dog:1,5,2240,6,19000,21650,r2ilrifle:2 dog:1 r2ilat:1 r2namer:1
rr.tournament-2a.normal.china-turkey.r0,tournament-2A,normal,0,china,turkey,1,2,complete,win,turkey,conquest,17301,11.53,30.2,71039441,10,4780,7,8585,26620,r2cnrifle:4 r2cnportable:2 r2qilin:2 r2mantis:1 r2zbd:1,36,15985,12,26620,8585,r2trrifle:17 r2bozkir:7 r2trat:7 r2gokkalkan:3 dog:1 r2sancak:1
rr.tournament-2a.normal.iran-turkey.r0,tournament-2A,normal,0,iran,turkey,1,2,complete,win,turkey,conquest,38550,25.7,57.4,200139069,31,14900,10,23475,37320,r2basij:15 r2toophan:6 r2karrar:5 htk:1 r2azar:1 r2coast:1 r2fajr:1 r2raad:1,57,26925,23,37320,23475,r2trrifle:25 r2trat:13 r2bozkir:11 r2gokkalkan:4 r2yildirim:2 dog:1 r2kuzgun:1
rr.tournament-2a.normal.iran-saudi.r0,tournament-2A,normal,0,iran,saudi,1,2,complete,win,saudi,conquest,27576,18.38,42.3,359106083,51,12500,13,19920,36370,r2basij:30 r2toophan:16 htk:3 dog:1 r2karrar:1,38,23900,17,36370,19920,r2sang:15 r2m1a2s:7 r2saat:7 r2bradley:3 r2caesar:2 r2sads:2 dog:1 r2ah64sa:1
rr.dustbowl.normal.israel-russia.r0,dustbowl,normal,0,israel,russia,1,2,complete,win,russia,conquest,50192,33.46,72.6,372884768,70,56610,39,46250,122770,r2ilrifle:23 r2ilat:17 r2merkava:12 r2ilhowitzer:6 r2ilrecon:3 r2ilshield:3 r2ilfalcon:2 r2ilgunship:2 dog:1 r2namer:1,209,84800,28,122770,46250,e2:73 flakt:49 shk:49 htk:11 htnk:10 ttnk:6 apoc:4 zep:3 ivan:2 yuri:2
rr.tournament-2a.normal.iran-yemen.r0,tournament-2A,normal,0,iran,yemen,1,2,complete,win,yemen,conquest,29149,19.43,44.6,774796963,35,12620,13,21095,38640,r2basij:18 r2toophan:10 r2karrar:3 r2raad:2 htk:1 r2fajr:1,86,29855,25,38640,21095,r2ymr:32 r2yrpg:25 r2technical:11 r2ytechrr:8 r2ymlr:4 htk:3 r2samad:2 r2yspot:1
rr.tournament-2a.normal.hezbollah-iran.r0,tournament-2A,normal,0,hezbollah,iran,1,2,complete,win,iran,conquest,18227,12.15,31.0,782406580,2,800,4,9000,13100,r2hzat:1 r2hzrifle:1,45,15100,13,13100,9000,r2basij:25 r2toophan:11 r2karrar:4 r2fajr:2 dog:1 htk:1 r2raad:1
rr.tournament-2a.normal.iran-hezbollah.r0,tournament-2A,normal,0,iran,hezbollah,1,2,complete,win,iran,conquest,41414,27.61,60.0,1092989983,182,56330,34,49230,36790,r2basij:107 r2toophan:45 r2karrar:10 dog:5 r2fajr:5 r2raad:5 htk:2 r2coast:2 r2mohajer:1,56,23850,12,35290,47910,r2hzat:15 r2hzrifle:12 r2hztechnical:11 r2hzrail:10 r2hzrecoilless:6 r2hzfpv:2
rr.dustbowl.normal.russia-yemen.r0,dustbowl,normal,0,russia,yemen,1,2,complete,draw,,tick-cap,60001,40.0,94.6,1100662435,273,101400,31,115300,71200,e2:113 flakt:62 shk:49 htnk:15 htk:13 ttnk:11 apoc:4 dog:2 yuri:2 zep:2,140,55235,43,71050,117250,r2yrpg:49 r2ymr:39 r2ytechrr:25 r2technical:9 htk:7 r2ymlr:7 r2wadighost:2 r2yzu:2
rr.tournament-2a.normal.russia-iran.r0,tournament-2A,normal,0,russia,iran,1,2,complete,win,iran,conquest,27412,18.27,43.1,1221904407,16,7400,9,17390,28600,shk:7 e2:4 htnk:3 flakt:1 htk:1,64,21530,17,28600,17390,r2basij:37 r2toophan:15 r2karrar:6 htk:2 r2fajr:2 r2coast:1 r2mohajer:1
rr.dustbowl.normal.saudi-america.r0,dustbowl,normal,0,saudi,america,1,2,complete,draw,,tick-cap,60001,40.0,95.7,1652868512,100,78040,43,88900,88790,r2sang:32 r2saat:23 r2m1a2s:17 r2caesar:8 r2falcon:6 r2sads:6 r2ah64sa:4 r2f15sa:2 dog:1 r2bradley:1,121,80100,37,90090,90200,e1:40 fv:15 jumpjet:13 mtnk:13 orca:8 sref:8 shad:7 cleg:6 mgtk:6 tany:5
rr.dustbowl.normal.yemen-america.r0,dustbowl,normal,0,yemen,america,1,2,complete,win,yemen,conquest,47939,31.96,76.7,1694235377,167,51600,27,88300,51295,r2ymr:70 r2yrpg:55 r2technical:18 r2ytechrr:12 r2yzu:4 htk:3 r2ymlr:3 dog:2,54,26100,33,51295,88300,e1:26 mtnk:12 fv:8 jumpjet:3 orca:2 cleg:1 shad:1 tany:1
rr.dustbowl.normal.israel-china.r0,dustbowl,normal,0,israel,china,1,2,complete,win,china,conquest,31275,20.85,52.1,2047431209,27,19770,16,22280,54830,r2ilrifle:11 r2ilat:6 r2merkava:3 r2ilfalcon:2 r2ilhowitzer:2 dog:1 r2ilgunship:1 r2namer:1,94,43570,24,55580,23030,r2cnrifle:46 r2cnportable:16 r2qilin:15 r2mantis:4 r2zbd:4 r2phl:3 r2cloud:2 dog:1 r2lynx:1 r2redspear:1 r2skyspear:1
rr.dustbowl.normal.turkey-israel.r0,dustbowl,normal,0,turkey,israel,1,2,complete,win,turkey,conquest,19869,13.25,36.3,-1833267129,41,19440,18,20250,11960,r2trrifle:18 r2bozkir:10 r2trat:8 r2gokkalkan:2 dog:1 r2aras:1 r2yildirim:1,8,3890,6,11960,20250,r2ilat:4 r2ilrifle:2 dog:1 r2namer:1
rr.dustbowl.normal.israel-saudi.r0,dustbowl,normal,0,israel,saudi,1,2,complete,win,israel,conquest,55157,36.77,78.1,-1725715242,92,69980,29,87400,42210,r2ilrifle:34 r2ilat:19 r2merkava:16 r2ilhowitzer:6 r2ilrecon:4 r2ilgunship:3 r2ilobserver:3 r2ilshield:3 r2namer:2 dog:1 r2ilfalcon:1,38,34640,27,39760,84950,r2saat:11 r2sang:7 r2m1a2s:6 r2caesar:3 r2f15sa:3 r2falcon:3 dog:2 r2ah64sa:2 r2bradley:1
rr.dustbowl.normal.iran-saudi.r0,dustbowl,normal,0,iran,saudi,1,2,complete,win,iran,conquest,39097,26.06,62.3,-1686250142,198,62460,31,63510,41530,r2basij:119 r2toophan:47 r2karrar:14 r2fajr:6 dog:3 r2raad:3 r2dronecontrol:2 htk:1 r2azar:1 r2coast:1 r2toufan:1,34,20600,26,41530,63510,r2sang:10 r2saat:9 r2m1a2s:7 dog:3 r2bradley:2 r2caesar:2 r2sads:1
rr.tournament-2a.normal.china-yemen.r0,tournament-2A,normal,0,china,yemen,1,2,complete,win,china,conquest,27419,18.28,43.2,-1470671048,83,35530,26,40340,15370,r2cnrifle:44 r2cnportable:15 r2qilin:10 r2phl:4 r2lynx:3 r2zbd:2 dog:1 r2cloud:1 r2crane:1 r2mantis:1 r2skyspear:1,36,12095,13,15370,40340,r2ymr:13 r2yrpg:11 r2technical:5 r2ytechrr:4 htk:2 r2ymlr:1
rr.tournament-2a.normal.saudi-hezbollah.r0,tournament-2A,normal,0,saudi,hezbollah,1,2,complete,win,hezbollah,conquest,29217,19.48,44.9,-1059282811,21,15590,13,25225,47100,r2sang:7 r2m1a2s:4 r2saat:4 r2caesar:2 dog:1 r2ah64sa:1 r2bradley:1 r2f15sa:1,72,31475,28,47100,26065,r2hzrifle:22 r2hzat:14 r2hztechnical:10 r2hzrecoilless:7 r2hzfpv:6 r2hzrail:5 r2hzrockets:4 htk:3 r2hzescort:1
rr.tournament-2a.normal.saudi-iran.r0,tournament-2A,normal,0,saudi,iran,1,2,complete,win,saudi,conquest,36372,24.25,53.9,-1036651179,57,35660,27,39580,30120,r2sang:23 r2saat:13 r2m1a2s:9 r2caesar:3 dog:2 r2bradley:2 r2sads:2 r2ah64sa:1 r2f15sa:1 r2falcon:1,44,15150,13,28050,41270,r2basij:25 r2toophan:10 r2karrar:4 htk:1 r2dronecontrol:1 r2fajr:1 r2raad:1 r2toufan:1
rr.tournament-2a.normal.iran-israel.r0,tournament-2A,normal,0,iran,israel,1,2,complete,win,israel,conquest,12992,8.66,24.4,-944582382,9,2340,5,7430,16110,r2basij:6 r2toophan:2 r2karrar:1,20,11600,13,16110,7430,r2ilrifle:10 r2ilat:3 r2merkava:3 dog:1 r2ilhowitzer:1 r2ilshield:1 r2namer:1
rr.tournament-2a.normal.israel-america.r0,tournament-2A,normal,0,israel,america,1,2,complete,win,america,conquest,19169,12.78,33.0,-699747715,8,5570,6,13000,22780,dog:2 r2ilat:2 r2merkava:2 r2ilrifle:1 r2namer:1,33,12000,14,22780,13000,e1:21 mtnk:6 fv:3 dog:1 jumpjet:1 shad:1
rr.tournament-2a.normal.israel-turkey.r0,tournament-2A,normal,0,israel,turkey,1,2,complete,win,turkey,conquest,14553,9.7,26.7,-611093895,3,970,6,8850,18080,dog:1 r2ilat:1 r2ilrifle:1,26,10865,11,18080,8850,r2trrifle:13 r2trat:5 r2bozkir:4 r2gokkalkan:3 dog:1
rr.tournament-2a.normal.hezbollah-turkey.r0,tournament-2A,normal,0,hezbollah,turkey,1,2,complete,win,turkey,conquest,35977,23.98,53.8,-498047475,52,21625,14,38550,47345,r2hzrifle:18 r2hzat:17 r2hzrail:5 r2hzrecoilless:5 htk:2 r2hztechnical:2 dog:1 r2hzescort:1 r2hzfpv:1,101,50550,33,50005,41300,r2trrifle:50 r2trat:18 r2bozkir:14 r2gokkalkan:6 r2yildirim:6 r2greywolf:3 r2kuzgun:2 dog:1 r2sahin:1
rr.tournament-2a.normal.china-russia.r0,tournament-2A,normal,0,china,russia,1,2,complete,win,china,conquest,17202,11.47,30.3,-369064979,30,13720,14,24900,8270,r2cnrifle:16 r2cnportable:5 r2qilin:4 r2cloud:1 r2mantis:1 r2phl:1 r2skyspear:1 r2zbd:1,18,7500,9,8270,24900,e2:8 shk:4 htnk:3 flakt:1 htk:1 ttnk:1
rr.dustbowl.normal.saudi-iran.r0,dustbowl,normal,0,saudi,iran,1,2,complete,win,iran,conquest,44857,29.9,67.5,-345784137,42,28880,21,40850,74090,r2sang:14 r2saat:10 r2m1a2s:8 r2caesar:5 r2sads:2 dog:1 r2bradley:1 r2f15sa:1,159,52720,35,73090,39850,r2basij:93 r2toophan:36 r2karrar:13 r2fajr:7 dog:2 r2loiter:2 r2raad:2 r2toufan:2 htk:1 r2dronecontrol:1
rr.tournament-2a.normal.saudi-turkey.r0,tournament-2A,normal,0,saudi,turkey,1,2,complete,win,turkey,conquest,39306,26.2,56.7,-66471730,38,30360,16,40285,63170,r2m1a2s:14 r2sang:8 r2saat:7 r2sads:4 r2caesar:3 dog:1 r2bradley:1,110,58045,29,66475,43590,r2trrifle:49 r2bozkir:22 r2trat:21 r2gokkalkan:5 r2yildirim:5 r2greywolf:3 r2kuzgun:3 dog:1 r2sahin:1
rr.tournament-2a.normal.yemen-russia.r0,tournament-2A,normal,0,yemen,russia,1,2,complete,win,russia,conquest,47120,31.41,66.9,41732013,108,37870,32,57800,98615,r2ymr:38 r2yrpg:31 r2technical:16 r2ytechrr:11 r2ymlr:5 htk:4 r2yzu:3,237,94250,30,98615,59000,e2:94 shk:56 flakt:42 ttnk:14 htk:13 htnk:9 apoc:3 ivan:2 yuri:2 zep:2
rr.tournament-2a.normal.hezbollah-russia.r0,tournament-2A,normal,0,hezbollah,russia,1,2,complete,win,hezbollah,conquest,26190,17.46,40.6,329514024,80,35025,26,32900,27985,r2hzrifle:23 r2hzat:15 r2hztechnical:13 r2hzfpv:7 r2hzrecoilless:7 r2hzrail:5 r2hzrockets:4 htk:3 r2hzescort:2 r2hzdrone:1,34,15200,9,26995,32900,e2:12 shk:8 flakt:4 htnk:4 ttnk:3 htk:2 ivan:1
rr.tournament-2a.normal.america-yemen.r0,tournament-2A,normal,0,america,yemen,1,2,complete,win,america,conquest,23220,15.48,37.5,502133343,46,19800,20,28030,15900,e1:25 mtnk:8 fv:5 jumpjet:5 shad:2 orca:1,24,7735,8,15900,28030,r2ymr:9 r2yrpg:7 r2technical:4 r2ytechrr:2 htk:1 r2yzu:1
rr.tournament-2a.normal.russia-yemen.r0,tournament-2A,normal,0,russia,yemen,1,2,complete,win,russia,conquest,49767,33.18,69.0,709889264,123,52350,29,78795,34300,e2:46 flakt:27 shk:23 ttnk:8 htk:7 htnk:6 apoc:3 yuri:2 zep:1,90,34700,30,34000,78795,r2ymr:30 r2yrpg:26 r2technical:14 r2ytechrr:9 r2ymlr:5 r2yzu:3 r2wadighost:2 htk:1
rr.tournament-2a.normal.iran-china.r0,tournament-2A,normal,0,iran,china,1,2,complete,win,iran,conquest,28261,18.84,43.2,736208017,106,32000,22,41990,17360,r2basij:70 r2toophan:18 r2karrar:7 r2dronecontrol:3 htk:2 r2coast:2 r2fajr:2 r2azar:1 r2raad:1,33,16100,14,17360,41990,r2cnrifle:15 r2cnportable:9 r2qilin:5 r2zbd:2 amcv:1 r2phl:1
rr.dustbowl.normal.iran-america.r0,dustbowl,normal,0,iran,america,1,2,complete,win,america,conquest,20867,13.91,36.0,878096323,31,9830,8,7200,24080,r2basij:17 r2toophan:10 r2karrar:2 r2raad:2,31,14400,17,24080,7200,e1:15 mtnk:6 fv:4 jumpjet:2 dog:1 orca:1 shad:1 sref:1
rr.tournament-2a.normal.yemen-turkey.r0,tournament-2A,normal,0,yemen,turkey,1,2,complete,win,turkey,conquest,26059,17.37,41.2,1168977117,31,10835,11,19375,34330,r2yrpg:13 r2ymr:9 r2ytechrr:6 htk:1 r2technical:1 r2yzu:1,68,30025,26,34330,19375,r2trrifle:35 r2trat:13 r2bozkir:11 r2gokkalkan:5 dog:1 r2kuzgun:1 r2sahin:1 r2yildirim:1
rr.tournament-2a.normal.russia-israel.r0,tournament-2A,normal,0,russia,israel,1,2,complete,win,israel,conquest,27392,18.26,43.1,1238260064,21,10900,10,19950,28700,htnk:6 e2:5 htk:5 shk:5,46,30760,26,28700,19950,r2ilrifle:18 r2ilat:11 r2merkava:9 r2ilhowitzer:2 r2namer:2 dog:1 r2ilgunship:1 r2ilobserver:1 r2ilshield:1
rr.dustbowl.normal.china-turkey.r0,dustbowl,normal,0,china,turkey,1,2,complete,draw,,tick-cap,60001,40.0,89.6,1401993917,157,89090,42,89450,118130,r2cnrifle:62 r2cnportable:31 r2qilin:28 r2phl:11 r2cloud:7 r2mantis:6 r2zbd:5 r2redspear:4 r2crane:2 r2skyspear:1,157,97305,34,122070,93390,r2trrifle:61 r2trat:32 r2bozkir:29 r2greywolf:9 r2yildirim:9 r2gokkalkan:6 r2turna:5 r2kuzgun:3 r2sahin:2 dog:1
rr.tournament-2a.normal.russia-china.r0,tournament-2A,normal,0,russia,china,1,2,complete,draw,,tick-cap,60001,40.0,83.6,1582576618,80,39600,34,69760,67800,shk:23 e2:22 flakt:13 htk:8 htnk:8 ttnk:4 smcv:2,126,68820,26,68400,70360,r2cnrifle:56 r2cnportable:19 r2qilin:19 r2cloud:10 r2phl:6 r2lynx:4 r2redspear:4 r2zbd:4 r2crane:2 r2mantis:1 r2skyspear:1
rr.dustbowl.normal.america-saudi.r0,dustbowl,normal,0,america,saudi,1,2,complete,win,america,conquest,25082,16.72,43.2,1670187659,65,31200,25,43670,18200,e1:34 mtnk:10 fv:7 jumpjet:4 shad:3 cleg:2 sref:2 dog:1 orca:1 tany:1,21,11560,15,18200,43670,r2sang:8 r2saat:6 r2m1a2s:3 dog:1 r2bradley:1 r2caesar:1 r2sads:1
rr.dustbowl.normal.iran-yemen.r0,dustbowl,normal,0,iran,yemen,1,2,complete,draw,,tick-cap,60001,40.0,103.9,2101968116,257,80890,44,99150,103680,r2basij:156 r2toophan:63 r2karrar:17 r2fajr:5 r2coast:4 htk:3 r2mohajer:3 dog:2 r2toufan:2 r2azar:1 r2raad:1,228,92385,43,103680,99150,r2ymr:79 r2yrpg:73 r2technical:23 r2ytechrr:18 r2wadighost:11 r2ymlr:9 r2yzu:7 htk:5 r2yspot:2 r2samad:1
rr.dustbowl.normal.israel-iran.r0,dustbowl,normal,0,israel,iran,1,2,complete,win,iran,conquest,48643,32.43,86.7,-1997365969,55,40480,35,47170,100690,r2ilrifle:19 r2ilat:14 r2merkava:9 r2ilhowitzer:5 r2namer:2 dog:1 r2ilfalcon:1 r2ilgunship:1 r2ilobserver:1 r2ilrecon:1 r2ilshield:1,235,77440,37,100690,47170,r2basij:136 r2toophan:54 r2karrar:19 r2coast:4 r2dronecontrol:4 r2raad:4 htk:3 r2fajr:3 dog:2 r2loiter:2 r2mohajer:2 r2toufan:2
rr.dustbowl.normal.yemen-israel.r0,dustbowl,normal,0,yemen,israel,1,2,complete,win,yemen,conquest,51935,34.62,77.6,-1875348560,185,68365,33,71000,53915,r2ymr:71 r2yrpg:56 r2technical:22 r2ytechrr:13 r2ymlr:7 r2wadighost:6 htk:4 r2yzu:3 dog:2 r2samad:1,32,30640,23,53915,71000,r2ilat:8 r2ilrifle:7 r2merkava:7 r2ilhowitzer:3 r2ilfalcon:2 r2ilrecon:2 dog:1 r2ilgunship:1 r2namer:1
rr.tournament-2a.normal.america-saudi.r0,tournament-2A,normal,0,america,saudi,1,2,complete,win,saudi,conquest,11213,7.48,22.9,-1153271269,6,1700,6,3970,16200,e1:5 mtnk:1,14,7420,10,16200,3970,r2sang:6 r2saat:3 r2m1a2s:2 dog:1 r2bradley:1 r2caesar:1
rr.tournament-2a.normal.israel-saudi.r0,tournament-2A,normal,0,israel,saudi,1,2,complete,win,israel,conquest,12774,8.52,24.6,-1128421540,18,10290,12,16730,1490,r2ilrifle:7 r2ilat:4 dog:2 r2merkava:2 r2ilhowitzer:1 r2ilshield:1 r2namer:1,3,920,5,1490,16730,dog:1 r2saat:1 r2sang:1
rr.dustbowl.normal.russia-china.r0,dustbowl,normal,0,russia,china,1,2,complete,win,china,conquest,19346,12.9,34.1,-1099136314,16,6300,10,6300,27700,e2:8 shk:4 htnk:2 htk:1 ttnk:1,46,19750,19,27700,6300,r2cnrifle:25 r2qilin:7 r2cnportable:6 r2lynx:2 r2phl:2 r2zbd:2 r2cloud:1 r2mantis:1
rr.tournament-2a.normal.turkey-yemen.r0,tournament-2A,normal,0,turkey,yemen,1,2,complete,win,yemen,conquest,16340,10.89,29.3,-923688937,7,2170,7,8005,21630,r2trrifle:4 dog:1 r2gokkalkan:1 r2trat:1,40,13260,15,21630,8005,r2ymr:14 r2yrpg:14 r2technical:6 r2ytechrr:3 htk:1 r2ymlr:1 r2yzu:1
rr.tournament-2a.normal.saudi-america.r0,tournament-2A,normal,0,saudi,america,1,2,complete,draw,,tick-cap,60001,40.0,83.8,-881697114,33,19490,19,46100,50400,r2sang:12 r2saat:9 r2m1a2s:4 r2caesar:3 r2bradley:2 r2sads:2 dog:1,58,34900,31,50400,46100,e1:17 jumpjet:12 fv:10 mtnk:8 orca:5 shad:3 cleg:1 mgtk:1 sref:1
rr.dustbowl.normal.russia-israel.r0,dustbowl,normal,0,russia,israel,1,2,complete,win,russia,conquest,30419,20.28,49.3,-758458029,81,33900,22,50710,18700,e2:29 flakt:19 shk:13 htk:6 htnk:6 ttnk:6 yuri:1 zep:1,21,18650,14,18700,50710,r2ilat:5 r2ilrifle:5 r2merkava:3 r2ilhowitzer:2 r2namer:2 dog:1 r2ilfalcon:1 r2ilgunship:1 r2ilrecon:1
rr.dustbowl.normal.israel-turkey.r0,dustbowl,normal,0,israel,turkey,1,2,complete,win,turkey,conquest,37680,25.12,57.4,-629748615,31,21250,23,32285,67810,r2ilrifle:10 r2ilat:9 r2merkava:5 r2ilhowitzer:3 r2namer:2 dog:1 r2ilshield:1,109,52110,27,68760,33235,r2trrifle:52 r2trat:22 r2bozkir:20 r2gokkalkan:7 r2yildirim:4 dog:1 r2greywolf:1 r2kuzgun:1 r2sahin:1
rr.dustbowl.normal.america-israel.r0,dustbowl,normal,0,america,israel,1,2,complete,win,america,conquest,32725,21.82,56.9,-263611475,74,46300,32,54840,23600,e1:26 fv:11 mtnk:9 jumpjet:8 cleg:6 shad:4 sref:4 mgtk:2 orca:2 dog:1 tany:1,30,25480,15,23600,54840,r2ilrifle:9 r2ilat:7 r2merkava:4 r2ilhowitzer:3 r2ilfalcon:2 dog:1 r2ilgunship:1 r2ilrecon:1 r2ilshield:1 r2namer:1
rr.dustbowl.normal.iran-china.r0,dustbowl,normal,0,iran,china,1,2,complete,win,iran,conquest,46752,31.17,79.8,-56014338,207,68240,33,75570,48270,r2basij:116 r2toophan:54 r2karrar:11 r2fajr:8 htk:6 dog:3 r2coast:2 r2dronecontrol:2 r2raad:2 r2azar:1 r2loiter:1 r2mohajer:1,49,28380,26,47770,75070,r2cnrifle:19 r2cnportable:10 r2zbd:7 r2qilin:5 r2cloud:2 r2phl:2 r2redspear:2 r2mantis:1 r2skyspear:1
rr.dustbowl.normal.saudi-israel.r0,dustbowl,normal,0,saudi,israel,1,2,complete,win,saudi,conquest,49262,32.84,78.8,-43792079,104,71130,27,91820,50830,r2sang:39 r2saat:24 r2m1a2s:19 r2caesar:5 r2sads:5 r2ah64sa:4 r2falcon:3 r2bradley:2 dog:1 r2f15sa:1 r2sajtac:1,39,33510,26,46330,87320,r2ilat:8 r2ilrifle:8 r2merkava:7 dog:4 r2ilfalcon:2 r2ilhowitzer:2 r2ilobserver:2 r2ilrecon:2 r2namer:2 r2ilgunship:1 r2ilshield:1
rr.dustbowl.normal.china-saudi.r0,dustbowl,normal,0,china,saudi,1,2,complete,win,saudi,conquest,19111,12.74,35.7,306113879,10,5330,8,7850,27570,r2cnrifle:4 r2cnportable:2 r2qilin:2 r2phl:1 r2zbd:1,31,16530,16,27570,7850,r2sang:14 r2saat:7 r2m1a2s:5 r2bradley:2 dog:1 r2caesar:1 r2sads:1
rr.tournament-2a.normal.yemen-iran.r0,tournament-2A,normal,0,yemen,iran,1,2,complete,win,iran,conquest,42256,28.17,61.4,664303843,50,16755,19,25260,51150,r2yrpg:19 r2ymr:17 r2ytechrr:6 r2technical:5 htk:1 r2ymlr:1 r2yzu:1,96,31650,25,51150,25260,r2basij:55 r2toophan:21 htk:6 r2karrar:6 r2fajr:4 dog:1 r2coast:1 r2mohajer:1 r2raad:1
rr.tournament-2a.normal.america-hezbollah.r0,tournament-2A,normal,0,america,hezbollah,1,2,complete,win,america,conquest,17461,11.64,30.2,743146143,56,22800,18,36365,7900,e1:30 mtnk:10 fv:7 jumpjet:5 dog:2 orca:1 shad:1,24,10125,10,5900,34365,r2hzrifle:8 r2hzat:7 r2hzrecoilless:3 r2hzrail:2 r2hztechnical:2 r2hzescort:1 r2hzfpv:1
rr.dustbowl.normal.hezbollah-america.r0,dustbowl,normal,0,hezbollah,america,1,2,complete,win,hezbollah,conquest,41429,27.62,61.3,748139936,138,66950,33,64300,38590,r2hzrifle:36 r2hzat:32 r2hztechnical:18 r2hzfpv:14 r2hzrecoilless:10 r2hzrockets:8 r2hzescort:5 r2hzrail:5 r2hzscout:4 htk:3 dog:2 r2hzdrone:1,38,25900,19,35290,62500,e1:11 jumpjet:6 orca:6 fv:4 mtnk:4 mgtk:3 cleg:1 shad:1 sref:1 tany:1
rr.tournament-2a.normal.turkey-hezbollah.r0,tournament-2A,normal,0,turkey,hezbollah,1,2,complete,win,hezbollah,conquest,42833,28.56,62.1,1046353887,30,13565,15,26955,48275,r2trrifle:13 r2trat:7 r2bozkir:6 r2gokkalkan:3 dog:1,71,32875,27,48275,28785,r2hzrifle:15 r2hzat:14 r2hzrecoilless:11 r2hzfpv:8 r2hztechnical:8 r2hzrail:7 r2hzescort:3 r2hzdrone:2 htk:1 r2hzrockets:1 r2hzscout:1
rr.dustbowl.normal.iran-russia.r0,dustbowl,normal,0,iran,russia,1,2,complete,win,russia,conquest,26064,17.38,43.2,1277248563,4,1080,6,9200,13800,r2basij:2 r2toophan:2,56,26100,18,13800,9200,e2:14 shk:14 flakt:10 htnk:8 htk:5 ttnk:4 dog:1
rr.dustbowl.normal.hezbollah-yemen.r0,dustbowl,normal,0,hezbollah,yemen,1,2,complete,win,hezbollah,conquest,38146,25.43,58.0,1362193265,62,30100,23,40370,20410,r2hzrifle:14 r2hzat:11 r2hztechnical:9 r2hzfpv:7 r2hzrecoilless:6 r2hzrockets:6 r2hzrail:4 htk:2 r2hzdrone:1 r2hzescort:1 r2hzscout:1,40,12675,15,18340,40370,r2ymr:15 r2yrpg:13 r2technical:6 r2ytechrr:3 dog:1 htk:1 r2ymlr:1
rr.dustbowl.normal.yemen-saudi.r0,dustbowl,normal,0,yemen,saudi,1,2,complete,draw,,tick-cap,60001,40.0,89.7,1667702527,191,79530,44,90940,91525,r2ymr:62 r2yrpg:57 r2technical:25 r2ytechrr:18 r2ymlr:10 r2wadighost:9 r2yzu:6 htk:4,71,69000,41,86145,86760,r2saat:15 r2sang:15 r2m1a2s:12 r2f15sa:7 r2falcon:6 r2caesar:5 r2ah64sa:4 dog:2 r2sads:2 r2sajtac:2 r2bradley:1
rr.tournament-2a.normal.yemen-america.r0,tournament-2A,normal,0,yemen,america,1,2,complete,win,america,conquest,28227,18.82,44.3,1709506917,32,8625,18,24200,36970,r2yrpg:16 r2ymr:15 r2ytechrr:1,74,35500,27,36970,24200,e1:40 mtnk:14 fv:7 cleg:3 shad:3 jumpjet:2 sref:2 dog:1 orca:1 tany:1
rr.tournament-2a.normal.saudi-russia.r0,tournament-2A,normal,0,saudi,russia,1,2,complete,win,russia,conquest,20908,13.94,35.8,1944410167,3,1200,5,7400,15510,r2saat:2 dog:1,40,16800,15,15510,7400,e2:14 shk:11 flakt:5 htnk:5 htk:3 ttnk:2
rr.dustbowl.normal.israel-america.r0,dustbowl,normal,0,israel,america,1,2,complete,draw,,tick-cap,60001,40.0,89.8,-2140953762,81,70130,32,74820,74390,r2ilrifle:24 r2ilat:19 r2merkava:15 r2ilhowitzer:7 r2ilrecon:6 r2ilshield:4 r2ilfalcon:2 r2ilgunship:2 dog:1 r2namer:1,112,79800,42,76570,77000,jumpjet:26 e1:24 fv:17 shad:9 cleg:8 mtnk:8 orca:7 sref:6 mgtk:5 tany:2
rr.dustbowl.normal.turkey-saudi.r0,dustbowl,normal,0,turkey,saudi,1,2,complete,win,turkey,conquest,27701,18.47,47.5,-1992773542,66,32445,28,46670,23280,r2trrifle:29 r2bozkir:13 r2trat:13 r2gokkalkan:4 dog:2 r2kuzgun:2 r2yildirim:2 r2sahin:1,23,13660,16,23280,46670,r2sang:8 r2saat:6 r2m1a2s:3 r2bradley:2 r2caesar:2 dog:1 r2sads:1
rr.tournament-2a.normal.hezbollah-china.r0,tournament-2A,normal,0,hezbollah,china,1,2,complete,win,hezbollah,conquest,20592,13.73,35.7,-1727091537,42,17125,17,32540,11495,r2hzrifle:14 r2hzat:8 r2hztechnical:7 r2hzrail:5 r2hzrecoilless:3 htk:2 r2hzfpv:2 r2hzdrone:1,20,8100,8,11105,32540,r2cnrifle:10 r2cnportable:4 r2qilin:3 r2zbd:3
rr.dustbowl.normal.turkey-china.r0,dustbowl,normal,0,turkey,china,1,2,complete,win,turkey,conquest,25294,16.86,42.5,-1517434826,68,32225,27,43410,19185,r2trrifle:35 r2bozkir:12 r2trat:10 r2gokkalkan:4 r2yildirim:3 r2kuzgun:2 dog:1 r2sahin:1,23,10170,14,19185,43410,r2cnrifle:11 r2zbd:5 r2cnportable:4 r2qilin:2 r2mantis:1
rr.tournament-2a.normal.iran-america.r0,tournament-2A,normal,0,iran,america,1,2,complete,win,iran,conquest,17742,11.83,31.9,-1371218328,40,13510,12,28000,6180,r2basij:24 r2toophan:9 r2karrar:3 r2fajr:2 r2raad:2,12,4700,11,6180,28000,e1:7 mtnk:3 fv:1 jumpjet:1
rr.tournament-2a.normal.israel-iran.r0,tournament-2A,normal,0,israel,iran,1,2,complete,win,iran,conquest,47555,31.7,69.4,-1242216791,18,10990,14,20810,40650,r2ilrifle:7 r2ilat:5 r2merkava:3 dog:1 r2ilhowitzer:1 r2namer:1,73,23600,25,40650,20810,r2basij:45 r2toophan:14 r2karrar:6 r2fajr:3 htk:2 r2raad:2 r2mohajer:1
rr.dustbowl.normal.hezbollah-turkey.r0,dustbowl,normal,0,hezbollah,turkey,1,2,complete,win,hezbollah,conquest,25825,17.22,42.5,-1091987953,48,21050,22,32045,19095,r2hzrifle:14 r2hzat:9 r2hzrecoilless:6 r2hzfpv:5 r2hzrail:5 r2hztechnical:4 r2hzrockets:2 htk:1 r2hzdrone:1 r2hzescort:1,16,7785,11,17805,32045,r2trrifle:7 r2bozkir:4 r2gokkalkan:2 r2trat:2 dog:1
rr.dustbowl.normal.china-yemen.r0,dustbowl,normal,0,china,yemen,1,2,complete,win,yemen,conquest,57132,38.09,88.0,-1052633402,135,79370,40,112615,149660,r2cnrifle:56 r2cnportable:25 r2qilin:16 r2phl:10 r2cloud:9 r2zbd:8 r2redspear:6 r2crane:2 r2lynx:1 r2mantis:1 r2skyspear:1,335,135115,36,142950,113615,r2ymr:116 r2yrpg:96 r2technical:38 r2ytechrr:28 htk:15 r2wadighost:15 r2ymlr:13 r2yzu:6 r2yspot:5 r2samad:2 dog:1
rr.dustbowl.normal.turkey-russia.r0,dustbowl,normal,0,turkey,russia,1,2,complete,draw,,tick-cap,60001,40.0,83.1,-667604074,147,78480,35,48800,73825,r2trrifle:66 r2bozkir:30 r2trat:28 r2yildirim:9 r2gokkalkan:5 r2greywolf:5 r2kuzgun:2 dog:1 r2sahin:1,76,26200,27,71525,48200,e2:35 flakt:17 shk:8 htnk:7 htk:5 ttnk:4
rr.tournament-2a.normal.russia-turkey.r0,tournament-2A,normal,0,russia,turkey,1,2,complete,win,turkey,conquest,41511,27.67,61.2,-546485755,43,25700,9,27250,46800,htnk:16 htk:13 shk:8 e2:5 flakt:1,59,32825,29,46800,27250,r2trrifle:25 r2bozkir:12 r2trat:11 r2yildirim:4 r2kuzgun:2 dog:1 r2gokkalkan:1 r2greywolf:1 r2sahin:1 r2turna:1
rr.tournament-2a.normal.russia-hezbollah.r0,tournament-2A,normal,0,russia,hezbollah,1,2,complete,win,hezbollah,conquest,23220,15.48,37.6,-171571208,16,5800,10,12600,24800,e2:7 shk:5 htnk:2 flakt:1 htk:1,53,22725,19,24800,13320,r2hzrifle:17 r2hzat:10 r2hztechnical:7 r2hzrail:5 r2hzrecoilless:5 r2hzfpv:3 r2hzdrone:2 r2hzescort:2 r2hzrockets:2
rr.dustbowl.normal.america-yemen.r0,dustbowl,normal,0,america,yemen,1,2,complete,draw,,tick-cap,60001,40.0,101.5,65199687,171,101600,34,130190,86500,e1:65 fv:23 jumpjet:21 mtnk:18 mgtk:10 shad:9 cleg:8 orca:6 sref:6 tany:4 dog:1,335,112835,43,86100,129790,r2ymr:159 r2yrpg:141 r2wadighost:16 r2ytechrr:7 r2ymlr:4 dog:2 htk:2 r2technical:2 r2yzu:2
rr.dustbowl.normal.yemen-turkey.r0,dustbowl,normal,0,yemen,turkey,1,2,complete,draw,,tick-cap,60001,40.0,87.4,164192730,164,69745,40,85385,82180,r2yrpg:62 r2ymr:43 r2ytechrr:23 r2technical:9 r2ymlr:9 htk:6 r2wadighost:6 r2yzu:5 r2samad:1,129,75045,50,86435,89640,r2trrifle:49 r2trat:28 r2bozkir:26 r2gokkalkan:9 r2yildirim:7 r2greywolf:5 r2kuzgun:2 dog:1 r2sahin:1 r2turna:1
rr.tournament-2a.normal.china-hezbollah.r0,tournament-2A,normal,0,china,hezbollah,1,2,complete,win,china,conquest,48166,32.11,69.2,205101516,131,66540,35,72905,65940,r2cnrifle:57 r2cnportable:25 r2qilin:23 r2phl:6 r2zbd:6 r2cloud:3 r2lynx:3 r2redspear:3 r2mantis:2 dog:1 r2crane:1 r2skyspear:1,66,28575,28,65770,75675,r2hzrifle:18 r2hzat:17 r2hztechnical:9 r2hzrecoilless:7 r2hzfpv:5 r2hzrail:5 r2hzescort:2 r2hzrockets:2 dog:1
rr.dustbowl.normal.yemen-russia.r0,dustbowl,normal,0,yemen,russia,1,2,complete,win,yemen,conquest,55390,36.93,97.0,897946320,357,134450,36,119900,108645,r2ymr:130 r2yrpg:106 r2technical:44 r2ytechrr:35 r2wadighost:12 htk:9 r2ymlr:9 r2samad:4 r2yzu:4 dog:2 r2yspot:2,141,55050,33,104075,123650,e2:57 flakt:30 shk:28 htnk:8 htk:7 ttnk:7 apoc:3 zep:1
rr.dustbowl.normal.saudi-china.r0,dustbowl,normal,0,saudi,china,1,2,complete,draw,,tick-cap,60001,40.0,86.3,1040034257,75,65200,32,84220,72730,r2saat:23 r2sang:15 r2m1a2s:9 r2caesar:8 r2sads:6 r2ah64sa:5 r2falcon:4 r2f15sa:3 dog:1 r2bradley:1,118,72730,38,74770,86260,r2cnrifle:49 r2cnportable:20 r2qilin:11 r2cloud:10 r2phl:7 r2crane:5 r2mantis:5 r2redspear:5 r2skyspear:3 r2zbd:2 r2lynx:1
rr.tournament-2a.normal.turkey-saudi.r0,tournament-2A,normal,0,turkey,saudi,1,2,complete,win,turkey,conquest,30014,20.01,46.6,1079348907,112,49995,28,56090,29305,r2trrifle:59 r2trat:21 r2bozkir:17 r2gokkalkan:5 r2yildirim:4 r2kuzgun:2 dog:1 r2deniz:1 r2greywolf:1 r2sahin:1,28,17480,20,29305,56090,r2sang:9 r2saat:8 r2m1a2s:6 r2caesar:2 dog:1 r2bradley:1 r2sads:1
rr.tournament-2a.normal.hezbollah-america.r0,tournament-2A,normal,0,hezbollah,america,1,2,complete,win,america,conquest,19603,13.07,34.1,1548757983,20,8150,9,17100,29440,r2hzrifle:6 r2hzat:4 htk:2 r2hzrail:2 r2hzrecoilless:2 r2hztechnical:2 dog:1 r2hzfpv:1,45,23600,20,29380,17100,e1:21 mtnk:8 fv:6 jumpjet:3 cleg:2 shad:2 orca:1 sref:1 tany:1
rr.tournament-2a.normal.america-turkey.r0,tournament-2A,normal,0,america,turkey,1,2,complete,win,turkey,conquest,25086,16.72,39.4,1867796549,29,10000,14,15300,42200,e1:19 mtnk:6 fv:3 dog:1,51,25475,27,42200,15300,r2trrifle:25 r2bozkir:8 r2trat:8 r2gokkalkan:4 r2yildirim:2 dog:1 r2kuzgun:1 r2sahin:1 r2turna:1
rr.dustbowl.normal.china-russia.r0,dustbowl,normal,0,china,russia,1,2,complete,draw,,tick-cap,60001,40.0,95.4,1888843795,200,104580,35,69170,101750,r2cnrifle:89 r2cnportable:35 r2qilin:31 r2lynx:8 r2phl:8 r2redspear:7 r2cloud:6 r2mantis:6 r2zbd:6 r2crane:3 r2skyspear:1,107,47800,32,92690,61750,flakt:42 e2:22 shk:14 htk:12 ttnk:10 htnk:5 apoc:2
rr.tournament-2a.normal.iran-russia.r0,tournament-2A,normal,0,iran,russia,1,2,complete,win,iran,conquest,48506,32.34,68.8,1902718936,197,65020,32,56900,41540,r2basij:113 r2toophan:48 r2karrar:17 r2fajr:6 htk:4 r2dronecontrol:4 r2coast:2 r2raad:2 r2mohajer:1,43,18600,19,39540,55600,e2:16 shk:10 htnk:6 flakt:5 htk:3 ttnk:3
rr.dustbowl.normal.russia-hezbollah.r0,dustbowl,normal,0,russia,hezbollah,1,2,complete,win,hezbollah,conquest,52307,34.87,82.6,-2032338365,76,24700,32,89930,74700,e2:37 flakt:17 shk:11 htnk:7 ttnk:3 htk:1,220,106200,35,73300,94370,r2hzrifle:58 r2hzat:46 r2hztechnical:28 r2hzfpv:27 r2hzrecoilless:18 r2hzrail:14 r2hzscout:8 r2hzdrone:7 r2hzescort:6 r2hzrockets:4 htk:2 r2hzspotter:2
rr.tournament-2a.normal.israel-hezbollah.r0,tournament-2A,normal,0,israel,hezbollah,1,2,complete,win,hezbollah,conquest,36667,24.44,55.1,-1699986180,21,16950,17,25280,50510,r2ilat:7 r2ilrifle:5 r2ilhowitzer:2 dog:1 r2ilfalcon:1 r2ilgunship:1 r2ilrecon:1 r2ilshield:1 r2merkava:1 r2namer:1,72,33000,26,50510,26540,r2hzrifle:17 r2hzat:14 r2hzrecoilless:10 r2hzfpv:8 r2hztechnical:8 r2hzrockets:5 r2hzrail:4 htk:3 r2hzescort:2 r2hzdrone:1
rr.tournament-2a.normal.turkey-america.r0,tournament-2A,normal,0,turkey,america,1,2,complete,win,turkey,conquest,48645,32.43,69.0,-1450795611,157,79160,29,92010,56610,r2trrifle:72 r2trat:35 r2bozkir:26 r2yildirim:9 r2gokkalkan:6 r2greywolf:4 r2kuzgun:2 dog:1 r2sahin:1 r2turna:1,62,39100,25,51900,87300,e1:20 jumpjet:10 fv:9 mtnk:8 orca:6 mgtk:2 tany:2 amcv:1 cleg:1 dog:1 shad:1 sref:1
rr.dustbowl.normal.china-america.r0,dustbowl,normal,0,china,america,1,2,complete,draw,,tick-cap,60001,40.0,92.2,-1204149798,153,87530,24,99300,77310,r2cnrifle:69 r2cnportable:25 r2qilin:19 r2phl:11 r2mantis:9 r2redspear:7 r2cloud:5 r2crane:3 r2lynx:2 r2zbd:2 r2skyspear:1,70,40700,38,70110,92100,e1:32 mtnk:11 orca:6 cleg:4 fv:4 jumpjet:4 mgtk:2 shad:2 sref:2 tany:2 dog:1
rr.dustbowl.normal.israel-hezbollah.r0,dustbowl,normal,0,israel,hezbollah,1,2,complete,win,israel,conquest,53092,35.39,83.0,-1150848225,111,82120,31,55225,59440,r2ilrifle:41 r2ilat:25 r2merkava:18 r2ilhowitzer:9 r2ilshield:6 r2ilrecon:3 dog:2 r2ilfalcon:2 r2ilgunship:2 r2namer:2 r2ilobserver:1,45,19725,20,58960,56515,r2hzrifle:13 r2hzat:12 r2hzrecoilless:7 r2hzfpv:4 r2hztechnical:3 htk:2 r2hzrail:2 r2hzescort:1 r2hzrockets:1
rr.tournament-2a.normal.america-israel.r0,tournament-2A,normal,0,america,israel,1,2,complete,win,america,conquest,17039,11.36,30.8,-757682730,30,16600,17,36990,7700,e1:15 fv:3 cleg:2 mtnk:2 sref:2 dog:1 jumpjet:1 mgtk:1 orca:1 shad:1 tany:1,21,10530,14,7700,36990,r2ilrifle:9 r2ilat:6 r2ilobserver:2 r2merkava:2 dog:1 r2namer:1
rr.tournament-2a.normal.hezbollah-yemen.r0,tournament-2A,normal,0,hezbollah,yemen,1,2,complete,win,hezbollah,conquest,42693,28.46,63.5,-453167539,105,50575,37,55035,42505,r2hzrifle:26 r2hztechnical:18 r2hzat:17 r2hzfpv:13 r2hzrecoilless:9 r2hzrail:6 r2hzrockets:5 htk:3 r2hzescort:3 r2hzscout:3 r2hzdrone:2,54,18640,19,44025,59335,r2ymr:26 r2yrpg:21 r2technical:3 r2wadighost:1 r2ytechrr:1 r2yzu:1 smcv:1
rr.dustbowl.normal.america-hezbollah.r0,dustbowl,normal,0,america,hezbollah,1,2,complete,draw,,tick-cap,60001,40.0,101.4,-321975242,160,104300,29,105210,100100,e1:54 jumpjet:19 fv:16 mtnk:16 orca:15 shad:12 mgtk:8 cleg:7 sref:7 tany:4 dog:2,168,77975,52,97000,103160,r2hzrifle:44 r2hzat:36 r2hzfpv:18 r2hztechnical:18 r2hzrecoilless:15 r2hzrail:13 htk:8 r2hzrockets:8 r2hzescort:6 r2hzscout:2
rr.dustbowl.normal.hezbollah-iran.r0,dustbowl,normal,0,hezbollah,iran,1,2,complete,win,hezbollah,conquest,58642,39.09,98.2,-281439153,190,93100,34,95750,73750,r2hzrifle:43 r2hzat:42 r2hzfpv:27 r2hzrecoilless:20 r2hztechnical:17 r2hzrail:12 r2hzrockets:7 htk:6 r2hzscout:6 r2hzdrone:4 r2hzescort:4 dog:2,108,36180,30,67240,96850,r2basij:67 r2toophan:17 r2karrar:10 htk:3 r2coast:3 r2fajr:3 r2loiter:2 dog:1 r2mohajer:1 r2toufan:1
rr.dustbowl.normal.turkey-hezbollah.r0,dustbowl,normal,0,turkey,hezbollah,1,2,complete,draw,,tick-cap,60001,40.0,88.2,182146119,60,41900,34,71505,76750,r2trrifle:20 r2bozkir:13 r2trat:11 r2greywolf:4 r2turna:4 r2gokkalkan:3 r2yildirim:3 dog:1 r2sahin:1,149,78475,42,75800,75595,r2hzrifle:34 r2hzat:31 r2hzfpv:20 r2hzrecoilless:15 r2hztechnical:12 htk:10 r2hzrail:8 r2hzscout:8 r2hzrockets:7 r2hzescort:3 r2hzdrone:1
rr.dustbowl.normal.turkey-iran.r0,dustbowl,normal,0,turkey,iran,1,2,complete,win,iran,conquest,14073,9.38,29.1,692758711,5,1860,6,6580,16570,r2trrifle:2 dog:1 r2gokkalkan:1 r2trat:1,42,14060,13,16570,6580,r2basij:24 r2toophan:10 r2karrar:4 r2fajr:2 dog:1 r2raad:1
rr.tournament-2a.normal.yemen-china.r0,tournament-2A,normal,0,yemen,china,1,2,complete,win,yemen,conquest,31963,21.31,48.3,700768464,77,29510,23,37390,20750,r2ymr:24 r2yrpg:23 r2technical:10 r2ytechrr:9 r2yzu:5 r2ymlr:3 htk:1 r2samad:1 r2wadighost:1,21,9950,13,20750,37390,r2cnrifle:10 r2cnportable:4 r2qilin:2 r2zbd:2 r2cloud:1 r2mantis:1 r2phl:1
rr.dustbowl.normal.saudi-hezbollah.r0,dustbowl,normal,0,saudi,hezbollah,1,2,complete,win,hezbollah,conquest,32861,21.91,56.2,987066251,32,19110,20,29725,57520,r2sang:13 r2saat:7 r2m1a2s:6 r2caesar:3 dog:1 r2bradley:1 r2sads:1,87,39025,28,57520,31135,r2hzrifle:25 r2hzat:17 r2hztechnical:13 r2hzfpv:9 r2hzrecoilless:7 r2hzrockets:7 r2hzrail:5 r2hzescort:2 htk:1 r2hzdrone:1
rr.dustbowl.normal.china-iran.r0,dustbowl,normal,0,china,iran,1,2,complete,draw,,tick-cap,60001,40.0,102.6,1065034629,118,64490,43,82410,137480,r2cnrifle:57 r2qilin:26 r2cnportable:12 r2phl:7 r2cloud:6 r2redspear:4 r2zbd:3 r2crane:1 r2mantis:1 r2skyspear:1,362,110420,38,135580,80510,r2basij:218 r2toophan:89 r2karrar:19 r2dronecontrol:8 r2coast:7 r2raad:6 r2fajr:5 r2loiter:4 dog:2 r2mohajer:2 htk:1 r2toufan:1
rr.dustbowl.normal.turkey-america.r0,dustbowl,normal,0,turkey,america,1,2,complete,draw,,tick-cap,60001,40.0,94.5,1187243387,173,89715,32,136000,70590,r2trrifle:83 r2bozkir:31 r2trat:29 r2gokkalkan:13 r2yildirim:7 r2greywolf:6 dog:1 r2aras:1 r2sahin:1 r2turna:1,101,67700,40,68990,134400,e1:34 jumpjet:12 mtnk:12 orca:10 mgtk:7 fv:6 sref:6 tany:6 shad:5 cleg:3
rr.dustbowl.normal.russia-turkey.r0,dustbowl,normal,0,russia,turkey,1,2,complete,win,russia,conquest,48642,32.43,76.4,1549736946,183,69550,31,95765,41200,e2:76 flakt:42 shk:28 htnk:10 ttnk:9 htk:8 apoc:5 dog:4 zep:1,70,35855,34,41100,95665,r2trrifle:31 r2trat:14 r2bozkir:12 r2yildirim:6 r2gokkalkan:3 r2kuzgun:2 dog:1 r2sahin:1
rr.dustbowl.normal.hezbollah-saudi.r0,dustbowl,normal,0,hezbollah,saudi,1,2,complete,win,hezbollah,conquest,35534,23.69,60.9,2092830505,108,50800,30,81390,46140,r2hzrifle:27 r2hzat:25 r2hzfpv:13 r2hztechnical:13 r2hzrail:10 r2hzrecoilless:8 r2hzescort:4 r2hzrockets:4 htk:2 r2hzscout:2,46,31880,25,43920,81390,r2saat:14 r2sang:14 r2m1a2s:7 r2caesar:4 r2bradley:2 dog:1 r2ah64sa:1 r2f15sa:1 r2falcon:1 r2sads:1
rr.tournament-2a.normal.israel-russia.r0,tournament-2A,normal,0,israel,russia,1,2,complete,win,israel,conquest,14656,9.77,27.6,2130765993,16,10720,10,12700,4100,r2ilrifle:6 r2ilat:3 r2merkava:3 dog:1 r2ilhowitzer:1 r2ilshield:1 r2namer:1,2,1000,4,4100,12700,shk:2
rr.dustbowl.normal.yemen-china.r0,dustbowl,normal,0,yemen,china,1,2,complete,win,china,conquest,57092,38.06,88.1,-1981941482,106,37925,31,73570,93470,r2ymr:35 r2yrpg:35 r2technical:13 r2ytechrr:10 r2ymlr:6 htk:4 r2yzu:3,160,87300,24,89055,73790,r2cnrifle:65 r2qilin:33 r2cnportable:31 r2cloud:7 r2phl:7 r2mantis:5 r2redspear:5 r2crane:3 r2lynx:2 r2skyspear:1 r2zbd:1
rr.dustbowl.normal.america-iran.r0,dustbowl,normal,0,america,iran,1,2,complete,win,america,conquest,48186,32.12,85.2,-1888011493,157,93900,32,102430,65600,e1:66 mtnk:23 fv:14 jumpjet:11 cleg:10 mgtk:10 sref:9 shad:5 tany:5 orca:3 dog:1,142,46180,37,60250,99550,r2basij:82 r2toophan:35 r2karrar:11 r2fajr:4 r2raad:4 dog:2 htk:2 r2azar:1 r2loiter:1
rr.dustbowl.normal.iran-turkey.r0,dustbowl,normal,0,iran,turkey,1,2,complete,win,turkey,conquest,37241,24.83,59.4,-1592106674,51,17560,18,29660,48330,r2basij:29 r2toophan:13 r2karrar:5 r2fajr:2 r2raad:2,95,50360,28,49095,34490,r2trrifle:42 r2bozkir:19 r2trat:18 r2gokkalkan:5 r2yildirim:4 r2greywolf:3 dog:1 r2aras:1 r2kuzgun:1 r2sahin:1
rr.dustbowl.normal.hezbollah-russia.r0,dustbowl,normal,0,hezbollah,russia,1,2,complete,win,hezbollah,conquest,46615,31.08,75.2,-1099893640,111,56400,35,48075,43435,r2hzat:24 r2hzrifle:23 r2hztechnical:16 r2hzfpv:12 r2hzrecoilless:12 r2hzrockets:8 r2hzrail:7 r2hzscout:4 htk:2 r2hzescort:2 r2hzdrone:1,36,14800,21,41370,47600,e2:14 shk:11 htnk:4 flakt:3 htk:2 ttnk:2
rr.dustbowl.normal.hezbollah-china.r0,dustbowl,normal,0,hezbollah,china,1,2,complete,win,china,conquest,44938,29.96,72.0,-1035369261,29,11500,18,33160,54560,r2hzrifle:15 r2hzat:9 r2hzfpv:5,103,52830,28,51450,34440,r2cnrifle:44 r2cnportable:21 r2qilin:19 r2phl:6 r2cloud:2 r2lynx:2 r2mantis:2 r2redspear:2 r2zbd:2 dog:1 r2crane:1 r2skyspear:1
rr.dustbowl.normal.russia-iran.r0,dustbowl,normal,0,russia,iran,1,2,complete,win,iran,conquest,44804,29.87,74.7,-998629580,66,25400,22,41210,68200,e2:27 shk:17 flakt:10 htnk:6 ttnk:4 htk:2,225,68030,31,67600,42010,r2basij:137 r2toophan:48 r2karrar:16 r2dronecontrol:7 r2fajr:5 htk:4 r2coast:3 dog:2 r2loiter:2 r2toufan:1
rr.dustbowl.normal.hezbollah-israel.r0,dustbowl,normal,0,hezbollah,israel,1,2,complete,win,israel,conquest,37693,25.13,64.2,-346113907,37,15325,17,25250,48325,r2hzrifle:13 r2hzat:10 r2hztechnical:5 r2hzfpv:3 r2hzrecoilless:3 r2hzrail:2 r2hzescort:1,57,42150,33,44465,25160,r2ilrifle:20 r2ilat:13 r2merkava:11 r2ilhowitzer:3 r2namer:3 dog:2 r2ilshield:2 r2ilfalcon:1 r2ilgunship:1 r2ilrecon:1
rr.dustbowl.normal.saudi-turkey.r0,dustbowl,normal,0,saudi,turkey,1,2,complete,win,turkey,conquest,51568,34.38,86.6,-314625923,70,61550,33,52975,122460,r2sang:20 r2saat:17 r2m1a2s:10 r2ah64sa:6 r2caesar:5 r2f15sa:5 r2falcon:4 dog:1 r2bradley:1 r2sads:1,156,77265,29,122590,53105,r2trrifle:73 r2trat:30 r2bozkir:27 r2gokkalkan:8 r2yildirim:8 r2greywolf:3 dog:2 r2kuzgun:2 r2aras:1 r2sahin:1 r2sancak:1
rr.dustbowl.normal.iran-israel.r0,dustbowl,normal,0,iran,israel,1,2,complete,win,iran,conquest,56122,37.41,91.2,-250065838,292,95690,33,121200,68400,r2basij:171 r2toophan:74 r2karrar:12 r2coast:6 r2fajr:6 r2raad:5 dog:4 r2dronecontrol:4 r2toufan:3 htk:2 r2azar:2 r2loiter:2 r2mohajer:1,66,55440,40,68400,121200,r2ilrifle:22 r2ilat:14 r2merkava:12 r2ilhowitzer:8 r2ilfalcon:3 r2ilgunship:2 r2ilrecon:2 dog:1 r2ilshield:1 r2namer:1
rr.tournament-2a.normal.israel-yemen.r0,tournament-2A,normal,0,israel,yemen,1,2,complete,win,yemen,conquest,26743,17.83,42.8,295957192,12,7980,10,18085,32840,r2ilrifle:4 r2ilat:3 r2merkava:3 dog:1 r2namer:1,71,25595,22,32840,18085,r2ymr:23 r2yrpg:23 r2ytechrr:11 r2technical:6 r2yzu:3 htk:2 r2ymlr:2 r2samad:1
rr.tournament-2a.normal.russia-saudi.r0,tournament-2A,normal,0,russia,saudi,1,2,complete,win,saudi,conquest,11194,7.46,22.8,551359648,1,500,4,2540,12700,shk:1,18,9130,11,12700,2540,r2sang:9 r2saat:3 r2m1a2s:2 dog:1 r2bradley:1 r2caesar:1 r2sads:1
rr.dustbowl.normal.israel-yemen.r0,dustbowl,normal,0,israel,yemen,1,2,complete,draw,,tick-cap,60001,40.0,89.5,661092972,90,71900,47,95055,83530,r2ilrifle:25 r2ilat:23 r2ilhowitzer:10 r2merkava:10 r2ilshield:8 r2ilrecon:5 dog:3 r2namer:3 r2ilgunship:2 r2ilfalcon:1,216,79560,44,80530,92055,r2ymr:94 r2yrpg:83 r2wadighost:13 r2technical:10 r2ytechrr:7 r2ymlr:4 dog:2 r2yzu:2 htk:1
rr.tournament-2a.normal.turkey-russia.r0,tournament-2A,normal,0,turkey,russia,1,2,complete,win,russia,conquest,29057,19.37,45.0,723670090,41,17350,16,12600,51560,r2trrifle:20 r2trat:9 r2bozkir:7 r2gokkalkan:4 dog:1,55,23700,18,52060,13100,e2:18 shk:14 flakt:9 htnk:6 htk:4 ttnk:4
rr.tournament-2a.normal.china-iran.r0,tournament-2A,normal,0,china,iran,1,2,complete,win,iran,conquest,32793,21.86,49.3,780158216,43,19930,15,34830,50720,r2cnrifle:19 r2cnportable:9 r2qilin:7 r2cloud:2 r2phl:2 r2zbd:2 dog:1 r2mantis:1,163,53850,32,50720,34830,r2basij:95 r2toophan:38 r2karrar:8 r2dronecontrol:6 r2fajr:4 r2coast:3 r2raad:3 htk:2 r2loiter:2 r2azar:1 r2mohajer:1
rr.dustbowl.normal.america-turkey.r0,dustbowl,normal,0,america,turkey,1,2,complete,draw,,tick-cap,60001,40.0,86.1,1173819401,122,83900,35,80315,81100,e1:31 jumpjet:23 fv:17 shad:13 mtnk:11 orca:9 cleg:8 sref:5 mgtk:3 dog:1 tany:1,128,81780,32,84010,83225,r2trrifle:46 r2trat:25 r2bozkir:24 r2gokkalkan:11 r2yildirim:9 r2greywolf:7 r2sahin:2 r2turna:2 dog:1 r2kuzgun:1
rr.tournament-2a.normal.yemen-hezbollah.r0,tournament-2A,normal,0,yemen,hezbollah,1,2,complete,win,yemen,conquest,34228,22.82,52.1,1275056383,112,40370,32,55470,36305,r2ymr:38 r2yrpg:31 r2technical:20 r2ytechrr:10 htk:4 r2samad:4 r2ymlr:3 r2wadighost:1 r2yzu:1,47,20800,19,36305,56600,r2hzrifle:14 r2hzat:11 r2hztechnical:6 r2hzfpv:4 r2hzrail:4 r2hzrecoilless:4 r2hzrockets:3 r2hzescort:1
rr.tournament-2a.normal.china-america.r0,tournament-2A,normal,0,china,america,1,2,complete,win,china,conquest,36346,24.23,54.1,1558217369,87,44400,25,68500,32570,r2cnrifle:40 r2cnportable:15 r2qilin:13 r2mantis:6 r2phl:5 r2zbd:2 r2cloud:1 r2cnnetwork:1 r2crane:1 r2lynx:1 r2redspear:1 r2skyspear:1,49,24000,24,35370,71300,e1:25 fv:7 mtnk:7 jumpjet:3 orca:2 shad:2 cleg:1 sref:1 tany:1
rr.dustbowl.normal.yemen-iran.r0,dustbowl,normal,0,yemen,iran,1,2,complete,draw,,tick-cap,60001,40.0,87.8,1796795849,210,83575,36,71020,69250,r2ymr:75 r2yrpg:62 r2technical:25 r2ytechrr:20 r2wadighost:10 r2ymlr:6 r2samad:4 r2yzu:4 dog:2 htk:2,90,31900,32,67390,74520,r2basij:45 r2toophan:30 htk:3 r2fajr:3 r2karrar:3 r2raad:2 dog:1 r2azar:1 r2coast:1 r2loiter:1
rr.dustbowl.normal.yemen-hezbollah.r0,dustbowl,normal,0,yemen,hezbollah,1,2,complete,win,yemen,conquest,17919,11.95,34.3,2036008222,59,19945,17,16275,12605,r2ymr:23 r2yrpg:17 r2technical:8 r2ytechrr:6 r2ymlr:3 htk:2,4,1575,5,12605,16275,r2hzrifle:2 r2hzat:1 r2hzrecoilless:1
rr.tournament-2a.normal.china-saudi.r0,tournament-2A,normal,0,china,saudi,1,2,complete,win,china,conquest,28505,19.0,45.6,2101175285,94,41540,29,53690,29840,r2cnrifle:47 r2cnportable:18 r2qilin:13 r2mantis:4 r2zbd:4 r2cloud:3 r2phl:3 dog:1 r2skyspear:1,29,21030,15,28890,52740,r2sang:9 r2m1a2s:6 r2saat:6 dog:2 r2bradley:2 r2ah64sa:1 r2caesar:1 r2f15sa:1 r2falcon:1
rr.dustbowl.normal.turkey-yemen.r0,dustbowl,normal,0,turkey,yemen,1,2,complete,win,turkey,conquest,34503,23.0,59.1,-1914929185,95,45320,27,46350,21845,r2trrifle:44 r2trat:20 r2bozkir:18 r2gokkalkan:3 r2yildirim:3 dog:2 r2kuzgun:2 r2deniz:1 r2greywolf:1 r2sahin:1,45,15105,20,20895,45400,r2ymr:17 r2yrpg:14 r2technical:6 r2ytechrr:4 htk:2 r2ymlr:2
rr.dustbowl.normal.america-china.r0,dustbowl,normal,0,america,china,1,2,complete,draw,,tick-cap,60001,40.0,94.0,-1736043793,111,71900,34,64610,67900,e1:33 jumpjet:18 fv:17 shad:10 mtnk:8 cleg:5 mgtk:5 orca:5 sref:5 tany:4 dog:1,90,60500,42,72680,69390,r2cnrifle:30 r2qilin:16 r2cnportable:14 r2mantis:6 r2redspear:6 r2cloud:5 r2phl:5 r2zbd:4 r2skyspear:2 dog:1 r2crane:1
rr.dustbowl.normal.iran-hezbollah.r0,dustbowl,normal,0,iran,hezbollah,1,2,complete,win,iran,conquest,34528,23.02,55.0,-1619802292,88,34110,26,33480,21360,r2basij:44 r2toophan:23 r2karrar:8 r2fajr:5 r2dronecontrol:3 htk:2 r2raad:2 r2toufan:1,22,9500,12,21360,33990,r2hzat:6 r2hzrifle:6 r2hzrecoilless:4 r2hzrail:2 r2hztechnical:2 r2hzescort:1 r2hzfpv:1
rr.tournament-2a.normal.hezbollah-saudi.r0,tournament-2A,normal,0,hezbollah,saudi,1,2,complete,win,hezbollah,conquest,20143,13.43,34.8,-1321051728,34,15050,16,32920,13135,r2hzrifle:9 r2hzat:7 r2hzrail:5 r2hzrecoilless:4 r2hzfpv:3 r2hztechnical:3 r2hzescort:2 r2hzrockets:1,12,6610,10,11905,32920,r2saat:5 r2sang:3 dog:1 r2bradley:1 r2caesar:1 r2m1a2s:1
rr.dustbowl.normal.russia-saudi.r0,dustbowl,normal,0,russia,saudi,1,2,complete,win,saudi,conquest,50022,33.35,71.7,-1069104359,48,20900,24,45160,59700,e2:18 shk:14 htnk:7 flakt:4 ttnk:3 htk:2,92,69030,32,59700,45160,r2sang:34 r2saat:18 r2m1a2s:15 r2caesar:5 r2ah64sa:4 r2f15sa:4 r2falcon:4 r2sads:3 dog:2 r2bradley:2 r2sajtac:1
rr.tournament-2a.normal.turkey-iran.r0,tournament-2A,normal,0,turkey,iran,1,2,complete,win,turkey,conquest,30699,20.47,47.6,-974873423,70,32715,25,34780,20915,r2trrifle:33 r2trat:15 r2bozkir:11 r2gokkalkan:5 r2kuzgun:2 r2yildirim:2 dog:1 r2sahin:1,39,11460,10,19565,33430,r2basij:24 r2toophan:8 r2karrar:3 htk:2 r2raad:2
rr.tournament-2a.normal.saudi-israel.r0,tournament-2A,normal,0,saudi,israel,1,2,complete,win,saudi,conquest,26301,17.53,41.9,-796923730,25,18330,19,33830,10300,r2sang:9 r2saat:5 r2m1a2s:3 r2caesar:2 dog:1 r2ah64sa:1 r2bradley:1 r2f15sa:1 r2falcon:1 r2sads:1,14,8270,11,10300,33830,r2ilrifle:6 r2ilat:3 r2merkava:2 dog:1 r2ilhowitzer:1 r2namer:1
rr.tournament-2a.normal.saudi-china.r0,tournament-2A,normal,0,saudi,china,1,2,complete,win,saudi,conquest,23415,15.61,38.9,-498009270,49,28660,23,28390,11980,r2sang:18 r2saat:13 r2m1a2s:10 dog:2 r2bradley:2 r2caesar:2 r2sads:2,12,5900,9,11980,28390,r2cnrifle:5 r2cnportable:3 r2qilin:2 r2phl:1 r2zbd:1
rr.dustbowl.normal.china-hezbollah.r0,dustbowl,normal,0,china,hezbollah,1,2,complete,win,china,conquest,34173,22.78,52.7,-378021746,105,46490,24,41955,22930,r2cnrifle:57 r2cnportable:15 r2qilin:13 r2zbd:5 r2mantis:4 r2phl:4 r2cloud:2 r2lynx:2 dog:1 r2redspear:1 r2skyspear:1,35,15225,15,22930,42195,r2hzrifle:11 r2hzat:8 r2hzrecoilless:5 r2hzrail:3 r2hztechnical:3 r2hzescort:2 r2hzfpv:2 r2hzrockets:1
rr.tournament-2a.normal.yemen-saudi.r0,tournament-2A,normal,0,yemen,saudi,1,2,complete,win,saudi,conquest,23376,15.58,38.0,-347874285,31,9740,13,11520,36435,r2yrpg:12 r2ymr:11 r2technical:4 r2ytechrr:2 htk:1 r2yspot:1,33,21260,19,36435,11520,r2sang:13 r2saat:7 r2m1a2s:6 r2sads:2 dog:1 r2ah64sa:1 r2bradley:1 r2caesar:1 r2falcon:1
rr.tournament-2a.normal.turkey-israel.r0,tournament-2A,normal,0,turkey,israel,1,2,complete,win,turkey,conquest,10713,7.14,22.0,-109642630,36,8075,4,18480,9365,r2trrifle:25 r2trat:10 dog:1,4,2370,5,9365,18480,dog:1 r2ilat:1 r2ilrifle:1 r2merkava:1
rr.tournament-2a.normal.china-israel.r0,tournament-2A,normal,0,china,israel,1,2,complete,win,china,conquest,24130,16.09,39.0,31644988,85,36730,23,42040,20470,r2cnrifle:44 r2cnportable:16 r2qilin:11 r2mantis:3 r2phl:3 r2zbd:3 dog:1 r2cloud:1 r2crane:1 r2lynx:1 r2skyspear:1,18,12480,13,20470,42040,r2ilat:7 r2ilrifle:4 r2merkava:3 dog:1 r2ilhowitzer:1 r2ilshield:1 r2namer:1
rr.tournament-2a.normal.yemen-israel.r0,tournament-2A,normal,0,yemen,israel,1,2,complete,win,yemen,conquest,25858,17.24,40.4,111078733,96,30230,27,37960,18955,r2ymr:42 r2yrpg:32 r2technical:7 r2ytechrr:6 r2yzu:4 r2ymlr:3 dog:1 r2samad:1,16,11400,11,18355,37360,r2ilrifle:5 r2ilat:4 r2merkava:4 dog:1 r2ilhowitzer:1 r2namer:1
rr.dustbowl.normal.saudi-yemen.r0,dustbowl,normal,0,saudi,yemen,1,2,complete,win,saudi,conquest,46426,30.95,67.2,147556233,82,58330,33,60805,41210,r2sang:29 r2m1a2s:18 r2saat:17 r2caesar:7 r2ah64sa:2 r2bradley:2 r2falcon:2 r2sads:2 dog:1 r2f15sa:1 r2sajtac:1,68,23060,22,39310,58905,r2ymr:24 r2yrpg:23 r2technical:9 r2ytechrr:5 r2ymlr:3 r2yzu:3 dog:1
rr.tournament-2a.normal.america-china.r0,tournament-2A,normal,0,america,china,1,2,complete,win,china,conquest,18253,12.17,31.7,422015366,22,8000,9,4870,29100,e1:15 mtnk:4 fv:2 shad:1,30,14050,14,29100,4870,r2cnrifle:15 r2cnportable:4 r2qilin:4 r2lynx:2 r2phl:2 r2zbd:2 r2cloud:1
rr.tournament-2a.normal.saudi-yemen.r0,tournament-2A,normal,0,saudi,yemen,1,2,complete,win,saudi,conquest,13065,8.71,26.0,516625835,18,10340,13,13025,3970,r2sang:7 r2saat:4 r2m1a2s:3 dog:1 r2bradley:1 r2caesar:1 r2sads:1,4,1030,4,3970,13025,r2ymr:2 r2yrpg:2
rr.tournament-2a.normal.turkey-china.r0,tournament-2A,normal,0,turkey,china,1,2,complete,win,china,conquest,19711,13.14,33.6,738268207,11,4870,7,11410,25180,r2trrifle:4 r2trat:3 r2bozkir:2 dog:1 r2gokkalkan:1,48,21910,20,25180,11410,r2cnrifle:23 r2cnportable:9 r2qilin:7 r2lynx:2 r2phl:2 dog:1 r2cloud:1 r2crane:1 r2skyspear:1 r2zbd:1
rr.tournament-2a.normal.israel-china.r0,tournament-2A,normal,0,israel,china,1,2,complete,win,israel,conquest,22448,14.97,36.4,775686527,33,19470,15,30200,13490,r2ilrifle:16 r2ilat:6 r2merkava:5 r2namer:3 dog:1 r2ilhowitzer:1 r2ilshield:1,15,6310,9,13490,30200,r2cnrifle:8 r2cnportable:2 r2qilin:2 r2zbd:2 r2mantis:1
rr.tournament-2a.normal.iran-saudi.r1,tournament-2A,normal,1,iran,saudi,1,2,complete,win,saudi,conquest,10960,7.31,22.2,821554481,2,540,4,3250,12510,r2basij:1 r2toophan:1,20,11160,10,13010,3750,r2sang:8 r2saat:5 r2m1a2s:4 dog:1 r2bradley:1 r2caesar:1
rr.tournament-2a.normal.russia-iran.r1,tournament-2A,normal,1,russia,iran,1,2,complete,win,iran,conquest,18522,12.35,31.8,1043762297,3,1100,6,5950,16300,shk:2 e2:1,39,12570,12,16300,5950,r2basij:23 r2toophan:8 r2karrar:4 r2fajr:2 dog:1 htk:1
rr.dustbowl.normal.america-hezbollah.r1,dustbowl,normal,1,america,hezbollah,1,2,complete,win,america,conquest,40215,26.81,62.0,1073936683,64,45200,27,50935,15800,e1:17 fv:10 mtnk:9 cleg:7 jumpjet:6 sref:5 shad:3 tany:3 mgtk:2 dog:1 orca:1,40,18225,18,14400,49655,r2hzrifle:11 r2hzat:10 r2hzrecoilless:5 r2hzfpv:4 r2hzescort:3 r2hzrail:3 r2hzrockets:2 r2hztechnical:2
rr.dustbowl.normal.russia-saudi.r1,dustbowl,normal,1,russia,saudi,1,2,complete,win,russia,conquest,39890,26.59,61.1,1139579491,102,41500,26,62750,28400,e2:37 flakt:21 shk:17 htnk:12 htk:8 ttnk:5 dog:1 zep:1,36,26640,20,28400,62750,r2sang:12 r2saat:9 r2m1a2s:8 r2f15sa:2 dog:1 r2ah64sa:1 r2bradley:1 r2caesar:1 r2falcon:1
rr.tournament-2a.normal.america-saudi.r1,tournament-2A,normal,1,america,saudi,1,2,complete,win,america,conquest,26343,17.56,41.6,1364867575,64,32400,25,46690,22600,e1:30 mtnk:12 jumpjet:7 fv:5 shad:3 cleg:2 sref:2 dog:1 orca:1 tany:1,25,14680,18,22600,46690,r2sang:9 r2saat:7 r2m1a2s:4 r2caesar:2 dog:1 r2bradley:1 r2sads:1
rr.tournament-2a.normal.hezbollah-russia.r1,tournament-2A,normal,1,hezbollah,russia,1,2,complete,win,russia,conquest,36992,24.66,53.9,1693939800,57,24875,21,30200,59795,r2hzrifle:15 r2hzat:12 r2hzrecoilless:11 r2hzfpv:5 r2hzrail:5 r2hztechnical:5 htk:2 r2hzescort:1 r2hzrockets:1,97,37150,27,58995,30500,e2:41 flakt:20 shk:16 htnk:7 htk:6 ttnk:5 apoc:1 zep:1
rr.dustbowl.normal.iran-america.r1,dustbowl,normal,1,iran,america,1,2,complete,win,america,conquest,35616,23.74,54.9,1752181592,59,20380,19,24100,53100,r2basij:32 r2toophan:15 r2karrar:5 r2fajr:2 dog:1 htk:1 r2loiter:1 r2raad:1 r2toufan:1,93,49200,27,53100,24100,e1:46 mtnk:16 fv:11 cleg:6 mgtk:4 sref:3 jumpjet:2 shad:2 dog:1 orca:1 tany:1
rr.tournament-2a.normal.yemen-hezbollah.r1,tournament-2A,normal,1,yemen,hezbollah,1,2,complete,win,hezbollah,conquest,51761,34.51,72.5,1779385162,78,29690,19,49060,68635,r2ymr:26 r2yrpg:23 r2technical:12 r2ytechrr:9 r2ymlr:3 htk:2 r2wadighost:2 r2yzu:1,123,59300,39,68535,50750,r2hzrifle:28 r2hzat:24 r2hztechnical:18 r2hzfpv:14 r2hzrecoilless:12 r2hzrail:10 r2hzrockets:8 r2hzscout:3 htk:2 r2hzdrone:2 dog:1 r2hzescort:1
rr.tournament-2a.normal.turkey-yemen.r1,tournament-2A,normal,1,turkey,yemen,1,2,complete,win,yemen,conquest,18638,12.43,31.7,-2061650572,15,6530,9,11655,27390,r2trrifle:6 r2trat:4 r2bozkir:3 dog:1 r2gokkalkan:1,51,17100,16,27990,12255,r2ymr:20 r2yrpg:13 r2technical:7 r2ytechrr:5 r2ymlr:2 r2yzu:2 dog:1 htk:1
rr.tournament-2a.normal.yemen-saudi.r1,tournament-2A,normal,1,yemen,saudi,1,2,complete,draw,,tick-cap,60001,40.0,82.5,-1993595435,111,44830,32,63180,81375,r2yrpg:39 r2ymr:32 r2technical:15 r2ytechrr:12 r2ymlr:5 r2wadighost:4 htk:2 r2yzu:2,78,62880,39,82695,65000,r2sang:24 r2saat:17 r2m1a2s:14 r2caesar:5 r2f15sa:4 r2falcon:4 r2ah64sa:3 r2sads:3 dog:2 r2bradley:2
rr.dustbowl.normal.iran-yemen.r1,dustbowl,normal,1,iran,yemen,1,2,complete,win,iran,conquest,27953,18.64,44.9,-1787832833,87,30740,25,31365,24320,r2basij:51 r2toophan:17 r2karrar:7 r2fajr:4 htk:3 r2coast:2 r2dronecontrol:1 r2mohajer:1 r2raad:1,27,8970,11,24320,31365,r2yrpg:9 r2ymr:8 r2technical:4 r2ytechrr:4 dog:1 htk:1
rr.tournament-2a.normal.iran-russia.r1,tournament-2A,normal,1,iran,russia,1,2,complete,draw,,tick-cap,60001,40.0,80.4,-1743319191,304,94790,33,95550,69290,r2basij:181 r2toophan:78 r2karrar:15 r2fajr:9 htk:5 r2coast:5 dog:3 r2dronecontrol:2 r2loiter:2 r2raad:2 r2azar:1 r2toufan:1,80,39050,29,66580,95650,flakt:24 shk:23 e2:12 ttnk:7 htk:6 htnk:4 dog:2 apoc:1 zep:1
rr.tournament-2a.normal.russia-yemen.r1,tournament-2A,normal,1,russia,yemen,1,2,complete,win,yemen,conquest,22038,14.69,35.8,-1340052823,11,5300,10,15965,23300,shk:5 e2:2 htnk:2 flakt:1 htk:1,65,21490,18,23300,15965,r2ymr:26 r2yrpg:18 r2technical:9 r2ytechrr:6 htk:2 r2ymlr:2 r2yzu:2
rr.tournament-2a.normal.yemen-america.r1,tournament-2A,normal,1,yemen,america,1,2,complete,win,yemen,conquest,23235,15.49,37.4,-1168102046,72,24235,20,29400,15700,r2ymr:29 r2yrpg:20 r2technical:8 r2ytechrr:7 r2yzu:4 r2ymlr:2 htk:1 r2samad:1,15,5300,11,15700,29400,e1:10 mtnk:3 fv:2
rr.tournament-2a.normal.turkey-iran.r1,tournament-2A,normal,1,turkey,iran,1,2,complete,win,iran,conquest,35672,23.78,52.8,-981456705,28,13010,17,22440,49020,r2trrifle:12 r2bozkir:6 r2trat:6 r2gokkalkan:3 dog:1,77,25580,20,49020,22440,r2basij:47 r2toophan:16 r2karrar:7 r2fajr:3 r2raad:2 r2loiter:1 r2toufan:1
rr.dustbowl.normal.israel-saudi.r1,dustbowl,normal,1,israel,saudi,1,2,complete,win,saudi,conquest,54585,36.39,78.2,-939446818,46,47050,27,46030,105410,r2ilat:10 r2ilrifle:10 r2merkava:8 r2ilhowitzer:5 r2ilfalcon:4 r2ilgunship:3 r2ilrecon:3 dog:1 r2ilshield:1 r2namer:1,104,75850,33,109310,49930,r2sang:35 r2saat:22 r2m1a2s:21 r2falcon:5 r2sads:5 r2caesar:4 dog:3 r2ah64sa:3 r2bradley:3 r2f15sa:2 r2sajtac:1
rr.tournament-2a.normal.china-hezbollah.r1,tournament-2A,normal,1,china,hezbollah,1,2,complete,win,hezbollah,conquest,24917,16.61,39.5,-793346061,21,8950,15,22025,40890,r2cnrifle:10 r2cnportable:4 r2qilin:3 r2zbd:2 dog:1 r2phl:1,73,32850,25,40890,24545,r2hzrifle:19 r2hzat:13 r2hzfpv:8 r2hzrecoilless:8 r2hzrail:7 r2hztechnical:7 r2hzrockets:4 r2hzescort:3 htk:2 r2hzdrone:2
rr.tournament-2a.normal.america-turkey.r1,tournament-2A,normal,1,america,turkey,1,2,complete,win,america,conquest,33978,22.65,51.0,-452921700,80,48700,32,50825,21700,e1:30 fv:12 mtnk:12 cleg:7 jumpjet:7 sref:5 mgtk:3 dog:1 orca:1 shad:1 tany:1,33,16915,18,21700,50825,r2trrifle:13 r2bozkir:7 r2trat:7 r2gokkalkan:3 r2yildirim:2 dog:1
rr.dustbowl.normal.yemen-saudi.r1,dustbowl,normal,1,yemen,saudi,1,2,complete,win,saudi,conquest,30542,20.36,48.8,-395773665,29,9900,11,15420,33195,r2ymr:10 r2yrpg:10 r2technical:4 r2ytechrr:3 r2ymlr:1 r2yzu:1,41,28830,22,33195,15420,r2sang:14 r2saat:10 r2m1a2s:7 r2caesar:3 r2sads:2 dog:1 r2ah64sa:1 r2bradley:1 r2f15sa:1 r2falcon:1
rr.tournament-2a.normal.hezbollah-china.r1,tournament-2A,normal,1,hezbollah,china,1,2,complete,win,hezbollah,conquest,12008,8.01,23.8,-154648676,28,11600,11,22980,4150,r2hzrifle:11 r2hzat:5 r2hzrail:3 r2hztechnical:3 r2hzfpv:2 r2hzrecoilless:2 htk:1 r2hzrockets:1,5,2340,7,4150,22980,r2cnrifle:2 r2cnportable:1 r2qilin:1 r2zbd:1
rr.tournament-2a.normal.iran-yemen.r1,tournament-2A,normal,1,iran,yemen,1,2,complete,win,yemen,conquest,31047,20.7,47.4,57932657,39,15860,14,24010,42580,r2basij:19 r2toophan:10 r2karrar:4 r2fajr:2 r2raad:2 r2loiter:1 r2mohajer:1,93,36165,27,43180,24610,r2ymr:31 r2yrpg:25 r2technical:13 r2ytechrr:10 r2ymlr:4 htk:3 r2yzu:3 r2samad:2 r2wadighost:2
rr.dustbowl.normal.china-turkey.r1,dustbowl,normal,1,china,turkey,1,2,complete,win,turkey,conquest,46048,30.7,72.1,82077624,43,23810,25,36470,72850,r2cnrifle:18 r2cnportable:8 r2cloud:4 r2qilin:4 r2phl:3 r2zbd:3 r2crane:1 r2lynx:1 r2skyspear:1,130,62025,32,74115,37735,r2trrifle:65 r2trat:25 r2bozkir:15 r2gokkalkan:10 r2yildirim:6 r2greywolf:2 r2kuzgun:2 dog:1 r2deniz:1 r2sahin:1 r2sancak:1 r2turna:1
rr.dustbowl.normal.iran-hezbollah.r1,dustbowl,normal,1,iran,hezbollah,1,2,complete,win,iran,conquest,48173,32.12,79.8,91764827,288,78600,41,69580,53010,r2basij:180 r2toophan:79 r2karrar:10 r2dronecontrol:6 r2coast:5 dog:2 r2fajr:2 r2loiter:2 r2azar:1 r2raad:1,69,29650,24,48650,71180,r2hzrifle:22 r2hzat:10 r2hztechnical:10 r2hzrecoilless:8 r2hzrail:7 r2hzfpv:6 r2hzrockets:3 r2hzescort:2 htk:1
rr.dustbowl.normal.saudi-iran.r1,dustbowl,normal,1,saudi,iran,1,2,complete,win,iran,conquest,49376,32.92,71.3,533802129,20,10970,16,17190,43280,r2saat:8 r2sang:6 r2m1a2s:2 dog:1 r2bradley:1 r2caesar:1 r2sads:1,58,18490,20,43280,17190,r2basij:36 r2toophan:14 r2karrar:4 r2fajr:3 r2toufan:1
rr.dustbowl.normal.america-yemen.r1,dustbowl,normal,1,america,yemen,1,2,complete,win,yemen,conquest,48493,32.33,77.2,805731064,54,30700,27,40795,83600,e1:22 jumpjet:8 fv:6 mtnk:6 orca:5 shad:5 cleg:1 sref:1,194,72740,33,84000,41195,r2yrpg:67 r2ymr:66 r2ytechrr:17 r2technical:14 r2ymlr:9 htk:6 r2samad:5 r2yspot:4 r2wadighost:3 r2yzu:3
rr.tournament-2a.normal.saudi-hezbollah.r1,tournament-2A,normal,1,saudi,hezbollah,1,2,complete,win,hezbollah,conquest,36356,24.24,54.3,891635100,47,19790,11,28130,47700,r2sang:22 r2saat:18 r2m1a2s:3 dog:2 r2bradley:1 r2caesar:1,82,40200,26,47700,30290,r2hzrifle:18 r2hzat:17 r2hzfpv:12 r2hztechnical:9 r2hzrecoilless:8 r2hzrail:5 r2hzescort:4 r2hzrockets:4 htk:2 r2hzscout:2 r2hzdrone:1
rr.dustbowl.normal.turkey-america.r1,dustbowl,normal,1,turkey,america,1,2,complete,win,america,conquest,40823,27.22,67.0,1246579368,45,25285,20,26600,66645,r2trrifle:17 r2trat:10 r2bozkir:7 r2gokkalkan:4 r2yildirim:3 dog:1 r2kuzgun:1 r2sahin:1 r2turna:1,89,53500,30,66645,26600,e1:37 fv:14 mtnk:10 cleg:9 jumpjet:5 shad:4 sref:4 mgtk:3 dog:1 orca:1 tany:1
rr.tournament-2a.normal.iran-hezbollah.r1,tournament-2A,normal,1,iran,hezbollah,1,2,complete,win,hezbollah,conquest,19680,13.12,34.4,1436143465,13,4330,6,12905,20250,r2basij:7 r2toophan:4 r2karrar:1 r2raad:1,37,16150,18,20250,13385,r2hzrifle:11 r2hzat:7 r2hztechnical:5 r2hzrecoilless:4 r2hzfpv:3 r2hzrail:3 htk:2 r2hzrockets:2
rr.dustbowl.normal.saudi-china.r1,dustbowl,normal,1,saudi,china,1,2,complete,win,china,conquest,48510,32.34,82.5,1578665129,43,34250,22,39970,78960,r2saat:14 r2sang:10 r2m1a2s:6 r2caesar:4 r2f15sa:3 dog:2 r2ah64sa:2 r2bradley:1 r2falcon:1,121,62280,26,79360,40370,r2cnrifle:54 r2cnportable:23 r2qilin:19 r2phl:7 r2mantis:5 r2cloud:4 r2zbd:3 r2redspear:2 r2cnnetwork:1 r2crane:1 r2lynx:1 r2skyspear:1
rr.dustbowl.normal.russia-china.r1,dustbowl,normal,1,russia,china,1,2,complete,win,russia,conquest,39074,26.05,77.9,1780078721,210,71200,31,89980,43400,e2:91 shk:60 flakt:39 htnk:5 htk:4 ttnk:4 apoc:2 ivan:2 yuri:2 zep:1,55,32890,28,43400,89980,r2cnrifle:22 r2cnportable:8 r2qilin:8 r2cloud:4 r2phl:3 r2zbd:3 r2crane:2 r2lynx:2 r2skyspear:2 r2redspear:1
rr.dustbowl.normal.iran-russia.r1,dustbowl,normal,1,iran,russia,1,2,complete,win,iran,conquest,22724,15.15,43.7,1920113407,56,19280,17,24100,15680,r2basij:32 r2toophan:13 r2karrar:5 r2fajr:2 r2raad:2 htk:1 r2mohajer:1,15,6300,9,15680,24100,e2:6 shk:4 htnk:3 htk:2
rr.dustbowl.normal.china-israel.r1,dustbowl,normal,1,china,israel,1,2,complete,draw,,tick-cap,60001,40.0,85.5,-1937633776,178,94570,24,127340,76790,r2cnrifle:81 r2qilin:30 r2cnportable:29 r2phl:11 r2cloud:7 r2redspear:4 r2zbd:4 r2crane:3 r2lynx:3 r2mantis:3 r2skyspear:2 r2cnnetwork:1,72,58080,43,76790,127340,r2ilrifle:24 r2ilat:17 r2merkava:13 r2ilhowitzer:6 r2ilshield:4 r2ilfalcon:3 r2ilrecon:3 dog:1 r2namer:1
rr.tournament-2a.normal.china-russia.r1,tournament-2A,normal,1,china,russia,1,2,complete,win,china,conquest,18429,12.29,33.5,-1890136065,32,13650,13,20000,5610,r2cnrifle:15 r2qilin:7 r2cnportable:5 r2lynx:2 r2zbd:2 r2mantis:1,10,4200,8,5610,20000,e2:4 shk:3 htnk:2 htk:1
rr.tournament-2a.normal.hezbollah-america.r1,tournament-2A,normal,1,hezbollah,america,1,2,complete,win,america,conquest,23484,15.66,37.5,-1736830348,30,12275,14,16200,38975,r2hzrifle:13 r2hzat:9 r2hzfpv:2 r2hzrail:2 htk:1 r2hzescort:1 r2hzrecoilless:1 r2hztechnical:1,57,29400,23,38675,16200,e1:27 mtnk:8 fv:6 jumpjet:5 shad:3 cleg:2 sref:2 dog:1 mgtk:1 orca:1 tany:1
rr.tournament-2a.normal.yemen-turkey.r1,tournament-2A,normal,1,yemen,turkey,1,2,complete,win,turkey,conquest,12345,8.23,23.8,-1556480650,9,2660,5,4775,16955,r2ymr:4 r2yrpg:3 r2technical:1 r2ytechrr:1,18,8035,9,18355,6175,r2trrifle:7 r2trat:5 r2bozkir:3 r2gokkalkan:2 dog:1
rr.tournament-2a.normal.saudi-america.r1,tournament-2A,normal,1,saudi,america,1,2,complete,win,america,conquest,19939,13.29,33.5,-1360604054,22,13220,10,22800,39730,r2saat:7 r2sang:6 r2m1a2s:4 r2bradley:3 dog:1 r2sads:1,55,24800,20,39930,23000,e1:29 mtnk:8 jumpjet:6 fv:5 orca:3 shad:2 dog:1 mgtk:1
rr.tournament-2a.normal.iran-america.r1,tournament-2A,normal,1,iran,america,1,2,complete,win,iran,conquest,36533,24.36,53.4,-1318423214,175,50450,33,71200,32660,r2basij:105 r2toophan:45 r2karrar:8 htk:5 dog:3 r2fajr:3 r2loiter:3 r2coast:2 r2azar:1,45,25600,23,32660,71200,e1:16 mtnk:9 fv:6 jumpjet:5 orca:3 shad:3 cleg:1 dog:1 sref:1
rr.dustbowl.normal.china-saudi.r1,dustbowl,normal,1,china,saudi,1,2,complete,win,china,conquest,41545,27.7,65.9,-1083723274,115,59090,30,69610,44830,r2cnrifle:52 r2cnportable:21 r2qilin:19 r2phl:8 r2lynx:3 r2mantis:3 r2cloud:2 r2crane:2 r2redspear:2 dog:1 r2skyspear:1 r2zbd:1,37,28440,20,43670,68450,r2sang:12 r2saat:9 r2m1a2s:7 r2f15sa:2 r2falcon:2 dog:1 r2ah64sa:1 r2bradley:1 r2caesar:1 r2sads:1
rr.dustbowl.normal.saudi-hezbollah.r1,dustbowl,normal,1,saudi,hezbollah,1,2,complete,win,saudi,conquest,15104,10.07,30.9,-1024915735,21,11910,13,16200,3670,r2sang:8 r2saat:5 r2m1a2s:3 r2bradley:2 dog:1 r2caesar:1 r2sads:1,3,1300,5,3670,16200,r2hzat:2 r2hzrifle:1
rr.dustbowl.normal.hezbollah-saudi.r1,dustbowl,normal,1,hezbollah,saudi,1,2,complete,win,saudi,conquest,16937,11.29,34.4,-782868612,2,1000,6,7410,14550,r2hzat:2,22,11780,14,14550,7410,r2sang:9 r2saat:6 r2m1a2s:3 dog:1 r2bradley:1 r2caesar:1 r2sads:1
rr.dustbowl.normal.china-hezbollah.r1,dustbowl,normal,1,china,hezbollah,1,2,complete,win,china,conquest,32860,21.91,53.0,-714343660,50,28020,22,27375,15380,r2cnrifle:21 r2qilin:9 r2cnportable:8 r2phl:3 r2mantis:2 r2zbd:2 r2cloud:1 r2crane:1 r2lynx:1 r2redspear:1 r2skyspear:1,15,5875,10,15380,27375,r2hzrifle:7 r2hzat:4 r2hzrail:2 r2hzrecoilless:1 r2hztechnical:1
rr.dustbowl.normal.turkey-israel.r1,dustbowl,normal,1,turkey,israel,1,2,complete,draw,,tick-cap,60001,40.0,88.2,-438178289,115,70235,47,87320,117495,r2trrifle:47 r2trat:21 r2bozkir:20 r2yildirim:8 r2gokkalkan:5 r2greywolf:5 r2sahin:5 r2kuzgun:3 dog:1,121,93290,37,121255,91080,r2ilrifle:47 r2ilat:26 r2merkava:16 r2ilhowitzer:8 r2ilgunship:6 r2ilshield:6 r2ilrecon:5 r2ilfalcon:4 dog:2 r2namer:1
rr.tournament-2a.normal.iran-china.r1,tournament-2A,normal,1,iran,china,1,2,complete,win,iran,conquest,31794,21.2,48.3,-423863007,97,31780,25,50170,28350,r2basij:57 r2toophan:21 r2karrar:9 htk:3 r2coast:2 r2fajr:2 r2dronecontrol:1 r2loiter:1 r2mohajer:1,30,14330,16,27450,49270,r2cnrifle:14 r2cnportable:6 r2qilin:5 r2phl:2 r2cloud:1 r2mantis:1 r2zbd:1
rr.tournament-2a.normal.saudi-yemen.r1,tournament-2A,normal,1,saudi,yemen,1,2,complete,win,saudi,conquest,46649,31.1,66.8,-182831572,85,58540,33,69385,44720,r2sang:27 r2saat:22 r2m1a2s:16 r2sads:5 r2bradley:4 r2caesar:3 r2ah64sa:2 r2falcon:2 r2sajtac:2 dog:1 r2f15sa:1,83,29590,25,41320,69585,r2ymr:26 r2yrpg:21 r2technical:17 r2ytechrr:11 r2ymlr:3 htk:2 r2yzu:2 dog:1
rr.dustbowl.normal.yemen-hezbollah.r1,dustbowl,normal,1,yemen,hezbollah,1,2,complete,win,hezbollah,conquest,26643,17.76,45.1,58377782,35,11410,11,17075,35705,r2ymr:14 r2yrpg:10 r2technical:5 r2ytechrr:4 htk:1 r2ymlr:1,51,22500,16,35705,19175,r2hzrifle:13 r2hzat:11 r2hztechnical:8 r2hzrail:6 r2hzfpv:4 r2hzrecoilless:4 r2hzescort:2 r2hzrockets:2 htk:1
rr.dustbowl.normal.hezbollah-russia.r1,dustbowl,normal,1,hezbollah,russia,1,2,complete,win,hezbollah,conquest,47335,31.56,74.2,444709320,158,75575,35,66675,54710,r2hzrifle:41 r2hzat:28 r2hztechnical:25 r2hzfpv:17 r2hzrecoilless:17 r2hzrockets:9 r2hzrail:6 htk:4 r2hzscout:4 r2hzescort:3 r2hzdrone:2 r2hzspotter:2,60,23800,29,53515,66200,e2:24 shk:14 flakt:9 htnk:6 ttnk:4 htk:3
rr.tournament-2a.normal.israel-china.r1,tournament-2A,normal,1,israel,china,1,2,complete,win,israel,conquest,34016,22.68,51.1,484191130,43,27710,26,43010,24530,r2ilrifle:18 r2ilat:10 r2merkava:7 r2ilshield:2 r2namer:2 dog:1 r2ilfalcon:1 r2ilhowitzer:1 r2ilobserver:1,27,12820,14,24530,43010,r2cnrifle:11 r2cnportable:6 r2qilin:5 r2zbd:2 r2cloud:1 r2lynx:1 r2phl:1
rr.dustbowl.normal.saudi-israel.r1,dustbowl,normal,1,saudi,israel,1,2,complete,draw,,tick-cap,60001,40.0,90.8,510546353,63,53690,35,75060,84780,r2sang:17 r2saat:16 r2m1a2s:11 r2f15sa:5 r2ah64sa:4 r2caesar:4 r2falcon:2 dog:1 r2bradley:1 r2sads:1 r2sajtac:1,93,76160,36,89900,80180,r2ilrifle:28 r2ilat:24 r2merkava:16 r2ilhowitzer:9 r2ilshield:6 r2ilrecon:5 r2ilfalcon:2 dog:1 r2ilgunship:1 r2namer:1
rr.dustbowl.normal.iran-china.r1,dustbowl,normal,1,iran,china,1,2,complete,win,iran,conquest,20644,13.76,39.1,995953359,56,18120,14,26890,12490,r2basij:33 r2toophan:13 r2karrar:5 r2fajr:2 r2raad:2 dog:1,10,4000,9,12490,26890,r2cnrifle:5 r2cnportable:2 r2qilin:2 r2zbd:1
rr.dustbowl.normal.america-china.r1,dustbowl,normal,1,america,china,1,2,complete,draw,,tick-cap,60001,40.0,96.5,1186852786,120,83200,37,86410,87300,jumpjet:27 e1:26 fv:20 mtnk:11 cleg:9 shad:9 mgtk:7 sref:5 orca:3 tany:3,153,87660,34,89200,88310,r2cnrifle:63 r2cnportable:29 r2qilin:25 r2mantis:10 r2phl:9 r2redspear:6 r2zbd:4 r2cloud:3 r2crane:2 r2skyspear:2
rr.tournament-2a.normal.saudi-russia.r1,tournament-2A,normal,1,saudi,russia,1,2,complete,win,russia,conquest,31616,21.08,48.3,1387713683,22,17000,20,24200,54210,r2saat:6 r2sang:5 r2m1a2s:4 r2bradley:2 r2caesar:2 dog:1 r2ah64sa:1 r2f15sa:1,92,36300,24,54210,24200,e2:33 shk:25 flakt:18 htk:4 htnk:4 ttnk:3 apoc:2 dog:2 zep:1
rr.dustbowl.normal.turkey-saudi.r1,dustbowl,normal,1,turkey,saudi,1,2,complete,win,saudi,conquest,35404,23.6,56.4,1421299565,34,19610,19,22920,59170,r2trrifle:12 r2trat:8 r2bozkir:6 r2gokkalkan:3 r2yildirim:2 dog:1 r2sahin:1 r2turna:1,58,39860,30,60220,23970,r2sang:18 r2saat:15 r2m1a2s:10 r2sads:5 r2caesar:3 dog:2 r2bradley:2 r2ah64sa:1 r2f15sa:1 r2falcon:1
rr.tournament-2a.normal.america-china.r1,tournament-2A,normal,1,america,china,1,2,complete,win,china,conquest,25464,16.98,41.2,1870670956,39,14700,17,18230,49300,e1:25 mtnk:9 fv:4 shad:1,69,30390,23,49300,18230,r2cnrifle:37 r2cnportable:8 r2qilin:8 r2mantis:4 r2zbd:4 r2lynx:3 r2phl:2 dog:1 r2cloud:1 r2skyspear:1
rr.dustbowl.normal.yemen-russia.r1,dustbowl,normal,1,yemen,russia,1,2,complete,draw,,tick-cap,60001,40.0,95.5,1985388507,266,111225,33,71300,105185,r2ymr:85 r2yrpg:85 r2ytechrr:31 r2technical:18 r2wadighost:12 r2ymlr:12 htk:6 r2yzu:6 r2samad:5 r2yspot:4 dog:2,180,72900,36,105185,71300,flakt:58 e2:52 shk:34 ttnk:13 htk:11 htnk:7 apoc:2 dog:2 zep:1
rr.dustbowl.normal.russia-iran.r1,dustbowl,normal,1,russia,iran,1,2,complete,win,russia,conquest,41893,27.93,67.8,-2141986760,187,66100,30,57140,42450,e2:83 flakt:53 shk:18 htk:9 htnk:8 ttnk:7 apoc:4 ivan:3 zep:2,61,21720,23,42450,57140,r2basij:33 r2toophan:14 r2karrar:6 htk:2 r2fajr:2 r2raad:2 r2loiter:1 r2mohajer:1
rr.tournament-2a.normal.russia-turkey.r1,tournament-2A,normal,1,russia,turkey,1,2,complete,win,turkey,conquest,10396,6.93,22.4,-2009808819,2,1000,4,1985,12800,shk:2,22,8660,10,12800,1985,r2trrifle:12 r2trat:4 r2bozkir:3 dog:1 r2gokkalkan:1 r2yildirim:1
rr.tournament-2a.normal.russia-saudi.r1,tournament-2A,normal,1,russia,saudi,1,2,complete,win,saudi,conquest,15081,10.05,28.3,-1785167948,1,500,4,4880,12200,shk:1,15,8850,12,12200,4880,r2sang:5 r2saat:4 r2m1a2s:3 dog:1 r2bradley:1 r2caesar:1
rr.dustbowl.normal.saudi-russia.r1,dustbowl,normal,1,saudi,russia,1,2,complete,win,saudi,conquest,13246,8.83,27.9,-1502798436,18,9410,12,14800,2100,r2sang:8 r2saat:4 r2m1a2s:2 dog:1 r2bradley:1 r2caesar:1 r2sads:1,5,1300,6,2100,14800,e2:3 shk:2
rr.dustbowl.normal.hezbollah-america.r1,dustbowl,normal,1,hezbollah,america,1,2,complete,win,america,conquest,30766,20.51,51.9,-1463076526,30,13350,15,22400,43090,r2hzat:8 r2hzrifle:7 r2hzrail:4 r2hztechnical:4 htk:2 r2hzrecoilless:2 r2hzescort:1 r2hzfpv:1 r2hzrockets:1,75,38400,27,42850,22400,e1:34 mtnk:15 fv:9 jumpjet:7 cleg:3 sref:3 shad:2 dog:1 orca:1
rr.dustbowl.normal.saudi-turkey.r1,dustbowl,normal,1,saudi,turkey,1,2,complete,win,saudi,conquest,13073,8.72,28.5,-1353549045,23,12000,14,17475,4910,r2sang:10 r2saat:6 r2m1a2s:3 dog:1 r2bradley:1 r2caesar:1 r2sads:1,5,1815,6,4910,17475,r2trrifle:3 r2bozkir:1 r2trat:1
rr.dustbowl.normal.israel-china.r1,dustbowl,normal,1,israel,china,1,2,complete,win,china,conquest,52394,34.93,82.1,-1221081304,65,54500,37,56130,124560,r2ilrifle:20 r2ilat:17 r2merkava:10 r2ilhowitzer:6 r2ilrecon:4 r2ilfalcon:3 r2ilshield:2 dog:1 r2ilgunship:1 r2namer:1,141,73310,32,124560,56130,r2cnrifle:68 r2cnportable:22 r2qilin:19 r2phl:8 r2cloud:5 r2mantis:5 r2redspear:4 r2crane:3 r2lynx:3 r2zbd:2 r2cnnetwork:1 r2skyspear:1
rr.tournament-2a.normal.israel-saudi.r1,tournament-2A,normal,1,israel,saudi,1,2,complete,win,saudi,conquest,23970,15.98,39.2,-1067297142,17,10790,13,12900,39650,r2ilrifle:7 r2merkava:3 dog:2 r2ilat:2 r2ilhowitzer:2 r2namer:1,45,28360,22,39870,13120,r2sang:18 r2saat:10 r2m1a2s:6 dog:2 r2bradley:2 r2caesar:2 r2sads:2 r2ah64sa:1 r2f15sa:1 r2falcon:1
rr.dustbowl.normal.israel-hezbollah.r1,dustbowl,normal,1,israel,hezbollah,1,2,complete,draw,,tick-cap,60001,40.0,86.3,-944782250,98,79140,49,80705,155100,r2ilrifle:32 r2ilat:25 r2merkava:11 r2ilhowitzer:7 r2ilfalcon:5 r2ilshield:5 r2ilgunship:4 r2ilrecon:4 r2namer:3 dog:2,182,92400,35,151550,83665,r2hzrifle:38 r2hzat:36 r2hzfpv:28 r2hzrecoilless:22 r2hztechnical:19 r2hzrail:9 htk:8 r2hzrockets:8 r2hzscout:7 r2hzescort:5 r2hzdrone:2
rr.tournament-2a.normal.turkey-america.r1,tournament-2A,normal,1,turkey,america,1,2,complete,draw,,tick-cap,60001,40.0,83.0,-673437870,116,60910,33,113855,54105,r2trrifle:52 r2trat:23 r2bozkir:21 r2gokkalkan:7 r2yildirim:6 r2greywolf:3 dog:1 r2sahin:1 r2sancak:1 r2turna:1,72,41100,37,54750,114700,e1:33 mtnk:8 jumpjet:6 orca:6 fv:5 cleg:3 mgtk:3 shad:3 sref:2 tany:2 dog:1
rr.tournament-2a.normal.saudi-iran.r1,tournament-2A,normal,1,saudi,iran,1,2,complete,win,saudi,conquest,41958,27.97,60.9,-401045504,74,48660,36,54030,44100,r2saat:23 r2sang:23 r2m1a2s:11 r2bradley:4 r2sads:4 r2caesar:3 dog:2 r2falcon:2 r2ah64sa:1 r2f15sa:1,119,31120,9,41110,51040,r2basij:73 r2toophan:33 r2karrar:5 r2dronecontrol:4 dog:1 htk:1 r2fajr:1 r2raad:1
rr.tournament-2a.normal.hezbollah-iran.r1,tournament-2A,normal,1,hezbollah,iran,1,2,complete,win,hezbollah,conquest,35993,24.0,52.8,-81224012,107,51025,33,53685,44175,r2hzrifle:29 r2hzat:21 r2hztechnical:13 r2hzfpv:12 r2hzrecoilless:11 r2hzrockets:8 r2hzrail:6 htk:3 r2hzescort:2 r2hzscout:2,62,22340,15,41240,53210,r2basij:31 r2toophan:15 r2karrar:7 htk:4 r2raad:3 dog:1 r2fajr:1
rr.dustbowl.normal.saudi-yemen.r1,dustbowl,normal,1,saudi,yemen,1,2,complete,win,yemen,conquest,33038,22.03,51.4,155836353,30,21780,20,26755,64690,r2saat:9 r2sang:9 r2m1a2s:4 r2caesar:2 r2f15sa:2 dog:1 r2ah64sa:1 r2bradley:1 r2sads:1,93,34665,25,64690,26755,r2ymr:31 r2yrpg:26 r2technical:14 r2ytechrr:10 r2ymlr:5 htk:4 r2yzu:2 r2wadighost:1
rr.tournament-2a.normal.russia-israel.r1,tournament-2A,normal,1,russia,israel,1,2,complete,win,israel,conquest,12738,8.49,24.9,207802037,1,500,4,4540,12700,shk:1,19,11210,11,12700,4540,r2ilrifle:8 r2ilat:5 r2merkava:3 dog:1 r2ilhowitzer:1 r2namer:1
rr.tournament-2a.normal.china-america.r1,tournament-2A,normal,1,china,america,1,2,complete,win,america,conquest,19930,13.29,33.7,448078058,23,9810,14,18800,39050,r2cnrifle:13 r2cnportable:3 r2qilin:3 r2zbd:2 r2mantis:1 r2phl:1,60,27400,21,39050,18800,e1:28 mtnk:12 jumpjet:9 fv:6 shad:3 dog:1 orca:1
rr.dustbowl.normal.america-saudi.r1,dustbowl,normal,1,america,saudi,1,2,complete,win,saudi,conquest,48787,32.52,86.4,457350759,96,57700,38,54930,123700,e1:32 fv:17 jumpjet:13 mtnk:11 shad:8 orca:5 cleg:4 sref:2 tany:2 dog:1 mgtk:1,119,78510,31,124450,55680,r2sang:48 r2saat:26 r2m1a2s:17 r2caesar:7 r2sads:6 r2falcon:5 r2ah64sa:3 r2bradley:3 dog:2 r2f15sa:1 r2sajtac:1
rr.dustbowl.normal.hezbollah-yemen.r1,dustbowl,normal,1,hezbollah,yemen,1,2,complete,win,yemen,conquest,51560,34.37,87.2,670818497,67,31350,31,60630,90170,r2hzrifle:21 r2hzat:12 r2hzfpv:9 r2hzrecoilless:8 r2hzrail:7 r2hztechnical:4 htk:2 r2hzscout:2 r2hzescort:1 r2hzrockets:1,195,80415,35,80775,62865,r2ymr:61 r2yrpg:59 r2technical:25 r2ytechrr:21 r2ymlr:9 r2wadighost:8 htk:4 r2yzu:4 r2samad:2 r2yspot:2
rr.dustbowl.normal.hezbollah-turkey.r1,dustbowl,normal,1,hezbollah,turkey,1,2,complete,win,hezbollah,conquest,43519,29.01,70.2,785857842,89,40275,26,58685,34960,r2hzrifle:25 r2hzat:15 r2hztechnical:12 r2hzfpv:11 r2hzrecoilless:9 r2hzrail:6 htk:4 r2hzescort:3 r2hzrockets:3 r2hzscout:1,36,18225,23,32520,58285,r2trrifle:15 r2bozkir:9 r2trat:7 r2yildirim:2 dog:1 r2gokkalkan:1 r2kuzgun:1
rr.tournament-2a.normal.israel-america.r1,tournament-2A,normal,1,israel,america,1,2,complete,win,america,conquest,34028,22.69,51.2,1323930462,28,18180,17,22200,50940,r2ilat:9 r2ilrifle:9 dog:2 r2merkava:2 r2ilfalcon:1 r2ilhowitzer:1 r2ilobserver:1 r2ilrecon:1 r2ilshield:1 r2namer:1,73,38500,28,51140,22400,e1:35 mtnk:9 fv:8 cleg:4 jumpjet:4 shad:4 mgtk:3 dog:2 sref:2 orca:1 tany:1
rr.tournament-2a.normal.iran-israel.r1,tournament-2A,normal,1,iran,israel,1,2,complete,win,israel,conquest,15203,10.14,27.5,1487615256,2,540,4,4600,12510,r2basij:1 r2toophan:1,18,10310,13,12510,4600,r2ilrifle:8 r2ilat:4 r2merkava:2 dog:1 r2ilhowitzer:1 r2ilshield:1 r2namer:1
rr.tournament-2a.normal.hezbollah-yemen.r1,tournament-2A,normal,1,hezbollah,yemen,1,2,complete,win,hezbollah,conquest,41727,27.82,59.8,1543448611,107,54900,36,58820,48685,r2hzat:25 r2hzrifle:19 r2hzfpv:13 r2hzrecoilless:12 r2hztechnical:12 r2hzrail:7 r2hzrockets:6 htk:4 r2hzscout:4 r2hzdrone:3 r2hzescort:2,69,25375,21,41745,59820,r2ymr:25 r2yrpg:18 r2technical:12 r2ytechrr:6 r2ymlr:4 htk:2 r2wadighost:1 r2yzu:1
rr.dustbowl.normal.russia-yemen.r1,dustbowl,normal,1,russia,yemen,1,2,complete,draw,,tick-cap,60001,40.0,88.5,1763145961,89,42800,31,86155,44000,flakt:26 shk:22 e2:16 htk:9 ttnk:8 htnk:7 zep:1,218,87895,36,42500,84655,r2yrpg:75 r2ymr:63 r2technical:28 r2ytechrr:21 r2ymlr:9 r2wadighost:8 r2yzu:8 htk:4 dog:2
rr.tournament-2a.normal.israel-russia.r1,tournament-2A,normal,1,israel,russia,1,2,complete,win,israel,conquest,14250,9.5,26.3,1833920598,16,9040,12,12500,3880,r2ilrifle:7 r2ilat:4 r2merkava:2 dog:1 r2ilhowitzer:1 r2namer:1,4,1200,5,3880,12500,e2:2 shk:2
rr.tournament-2a.normal.china-yemen.r1,tournament-2A,normal,1,china,yemen,1,2,complete,win,yemen,conquest,29145,19.43,45.4,2099726736,40,18610,19,28385,57350,r2cnrifle:18 r2cnportable:8 r2qilin:6 r2cloud:2 r2phl:2 r2zbd:2 dog:1 r2mantis:1,109,39750,26,57350,28385,r2yrpg:36 r2ymr:35 r2ytechrr:15 r2technical:7 htk:4 r2samad:4 r2ymlr:4 r2yzu:2 dog:1 r2yspot:1
rr.dustbowl.normal.china-america.r1,dustbowl,normal,1,china,america,1,2,complete,win,china,conquest,49323,32.88,76.8,2143489652,140,72940,25,96000,52600,r2cnrifle:62 r2cnportable:24 r2qilin:22 r2mantis:8 r2phl:7 r2cloud:5 r2lynx:3 r2redspear:3 r2cnnetwork:2 r2zbd:2 r2crane:1 r2skyspear:1,64,39000,34,52600,96000,e1:24 fv:9 mtnk:9 jumpjet:6 orca:4 cleg:3 mgtk:3 sref:3 tany:2 shad:1
rr.dustbowl.normal.russia-hezbollah.r1,dustbowl,normal,1,russia,hezbollah,1,2,complete,draw,,tick-cap,60001,40.0,84.8,-1740589598,71,30400,36,92265,58700,e2:24 shk:15 flakt:13 htnk:9 htk:5 ttnk:5,180,94325,38,58700,94455,r2hzrifle:44 r2hzat:37 r2hztechnical:23 r2hzfpv:20 r2hzrecoilless:15 r2hzrail:14 r2hzrockets:10 r2hzscout:10 r2hzescort:5 htk:2
rr.tournament-2a.normal.turkey-hezbollah.r1,tournament-2A,normal,1,turkey,hezbollah,1,2,complete,win,turkey,conquest,42971,28.65,62.3,-1643535383,100,49045,31,57370,34490,r2trrifle:49 r2bozkir:20 r2trat:19 r2yildirim:4 r2gokkalkan:3 r2greywolf:2 dog:1 r2sahin:1 r2turna:1,58,24850,18,34490,57970,r2hzrifle:17 r2hzat:11 r2hzrecoilless:8 r2hztechnical:8 r2hzrail:7 r2hzfpv:4 r2hzrockets:2 htk:1
rr.tournament-2a.normal.israel-hezbollah.r1,tournament-2A,normal,1,israel,hezbollah,1,2,complete,win,hezbollah,conquest,35862,23.91,53.6,-1384197722,32,18070,16,33115,54010,r2ilat:11 r2ilrifle:11 r2merkava:3 dog:2 r2namer:2 r2ilhowitzer:1 r2ilobserver:1 r2ilshield:1,95,43275,33,54010,34735,r2hzrifle:26 r2hzat:17 r2hztechnical:15 r2hzfpv:8 r2hzrail:7 r2hzrecoilless:7 r2hzrockets:6 htk:3 r2hzspotter:3 r2hzdrone:1 r2hzescort:1 r2hzscout:1
rr.tournament-2a.normal.turkey-saudi.r1,tournament-2A,normal,1,turkey,saudi,1,2,complete,win,saudi,conquest,11431,7.62,22.8,-1022124981,2,555,6,2320,14165,r2trat:1 r2trrifle:1,14,6490,10,14165,2320,r2sang:7 r2saat:3 dog:1 r2bradley:1 r2caesar:1 r2m1a2s:1
rr.dustbowl.normal.china-russia.r1,dustbowl,normal,1,china,russia,1,2,complete,win,china,conquest,23434,15.62,38.8,-892620908,54,24840,22,30000,12890,r2cnrifle:27 r2qilin:8 r2cnportable:7 r2zbd:4 r2lynx:2 r2phl:2 dog:1 r2cloud:1 r2mantis:1 r2skyspear:1,16,7400,11,12890,30000,shk:9 htk:3 e2:2 flakt:1 htnk:1
rr.tournament-2a.normal.israel-turkey.r1,tournament-2A,normal,1,israel,turkey,1,2,complete,draw,,tick-cap,60001,40.0,81.8,-847668310,68,54890,34,82655,57550,r2ilrifle:22 r2ilat:16 r2merkava:15 r2ilhowitzer:4 r2ilrecon:3 r2ilgunship:2 r2ilshield:2 dog:1 r2ilfalcon:1 r2ilobserver:1 r2namer:1,72,33575,39,56380,81485,r2trrifle:35 r2trat:15 r2bozkir:12 r2gokkalkan:5 r2yildirim:2 dog:1 r2greywolf:1 r2turna:1
rr.tournament-2a.normal.iran-turkey.r1,tournament-2A,normal,1,iran,turkey,1,2,complete,win,iran,conquest,42168,28.11,60.3,-793285174,176,57040,31,68900,35070,r2basij:106 r2toophan:42 r2karrar:12 r2fajr:5 r2coast:3 r2dronecontrol:2 r2raad:2 dog:1 htk:1 r2azar:1 r2mohajer:1,47,23040,22,35070,68900,r2trrifle:18 r2bozkir:11 r2trat:11 r2gokkalkan:4 dog:2 r2yildirim:1
rr.tournament-2a.normal.hezbollah-saudi.r1,tournament-2A,normal,1,hezbollah,saudi,1,2,complete,win,saudi,conquest,24072,16.05,38.2,-505878131,26,11175,10,13710,33025,r2hzrail:7 r2hzat:6 r2hzrifle:5 r2hztechnical:4 r2hzrecoilless:3 htk:1,30,19710,16,33025,13710,r2sang:13 r2saat:6 r2m1a2s:5 dog:1 r2ah64sa:1 r2bradley:1 r2caesar:1 r2f15sa:1 r2falcon:1
rr.dustbowl.normal.yemen-iran.r1,dustbowl,normal,1,yemen,iran,1,2,complete,draw,,tick-cap,60001,40.0,101.9,-190708437,316,122910,42,94825,117870,r2ymr:114 r2yrpg:90 r2technical:37 r2ytechrr:29 r2wadighost:12 r2ymlr:9 r2yzu:9 r2yspot:6 r2samad:5 htk:3 dog:2,221,73350,48,118255,95890,r2basij:130 r2toophan:54 r2karrar:14 r2fajr:8 r2loiter:3 r2raad:3 dog:2 r2azar:2 r2mohajer:2 htk:1 r2coast:1 r2toufan:1
rr.dustbowl.normal.china-iran.r1,dustbowl,normal,1,china,iran,1,2,complete,win,china,conquest,49885,33.26,80.5,-122557111,140,74540,31,80880,52180,r2cnrifle:62 r2qilin:25 r2cnportable:23 r2phl:8 r2mantis:5 r2cloud:4 r2redspear:4 r2zbd:4 r2lynx:2 dog:1 r2crane:1 r2skyspear:1,84,33260,28,50280,78980,r2basij:44 r2toophan:20 r2karrar:8 r2fajr:4 htk:2 r2toufan:2 r2coast:1 r2dronecontrol:1 r2mohajer:1 r2raad:1
rr.dustbowl.normal.iran-saudi.r1,dustbowl,normal,1,iran,saudi,1,2,complete,win,saudi,conquest,36687,24.46,59.3,-28302015,37,12840,14,19990,43210,r2basij:21 r2toophan:9 r2karrar:4 r2raad:2 r2fajr:1,48,35450,27,45330,22110,r2sang:15 r2m1a2s:12 r2saat:10 dog:2 r2bradley:2 r2caesar:2 r2falcon:2 r2ah64sa:1 r2f15sa:1 r2sads:1
rr.dustbowl.normal.turkey-hezbollah.r1,dustbowl,normal,1,turkey,hezbollah,1,2,complete,win,turkey,conquest,42191,28.13,65.3,565528900,127,67035,30,71915,49630,r2trrifle:57 r2bozkir:25 r2trat:24 r2yildirim:7 r2gokkalkan:4 r2greywolf:3 r2kuzgun:3 dog:1 r2aras:1 r2sahin:1 r2turna:1,55,24250,25,46725,69940,r2hzrifle:14 r2hzat:11 r2hztechnical:10 r2hzfpv:6 r2hzrecoilless:6 r2hzrail:4 r2hzrockets:3 htk:1
rr.dustbowl.normal.yemen-america.r1,dustbowl,normal,1,yemen,america,1,2,complete,draw,,tick-cap,60001,40.0,88.5,683967193,315,122480,33,94300,115915,r2ymr:112 r2yrpg:96 r2technical:34 r2ytechrr:26 htk:14 r2ymlr:13 r2wadighost:12 r2yzu:6 dog:2,93,61700,47,115915,94300,e1:25 jumpjet:17 fv:15 mtnk:11 shad:8 orca:7 cleg:6 mgtk:2 sref:2
rr.tournament-2a.normal.saudi-israel.r1,tournament-2A,normal,1,saudi,israel,1,2,complete,win,saudi,conquest,38009,25.34,57.0,830911355,78,52520,28,56400,34590,r2sang:31 r2saat:16 r2m1a2s:13 r2caesar:6 r2falcon:3 r2sads:3 r2bradley:2 dog:1 r2ah64sa:1 r2f15sa:1 r2sajtac:1,30,19040,18,34590,56400,r2ilrifle:12 r2ilat:8 r2merkava:5 r2ilhowitzer:3 dog:1 r2namer:1
rr.tournament-2a.normal.yemen-iran.r1,tournament-2A,normal,1,yemen,iran,1,2,complete,win,iran,conquest,44652,29.77,64.7,1220311162,74,26160,21,38260,60305,r2ymr:24 r2yrpg:20 r2technical:13 r2ytechrr:10 htk:3 r2ymlr:2 r2yzu:2,129,46100,31,60305,38260,r2basij:70 r2toophan:30 r2karrar:13 htk:4 r2fajr:4 r2loiter:2 r2raad:2 r2toufan:2 r2dronecontrol:1 r2mohajer:1
rr.tournament-2a.normal.turkey-china.r1,tournament-2A,normal,1,turkey,china,1,2,complete,win,turkey,conquest,26691,17.79,41.7,1399995250,61,26810,23,42280,15145,r2trrifle:32 r2bozkir:11 r2trat:10 r2gokkalkan:4 r2yildirim:2 dog:1 r2kuzgun:1,24,10990,13,15145,42280,r2cnrifle:12 r2cnportable:4 r2zbd:4 r2qilin:2 r2mantis:1 r2phl:1
rr.dustbowl.normal.saudi-america.r1,dustbowl,normal,1,saudi,america,1,2,complete,win,america,conquest,37453,24.97,60.6,1568770986,37,25800,24,33800,67010,r2saat:11 r2sang:10 r2m1a2s:6 r2sads:4 r2caesar:3 dog:1 r2bradley:1 r2f15sa:1,84,52600,28,67210,34000,e1:32 fv:12 mtnk:9 jumpjet:6 cleg:5 mgtk:5 orca:4 shad:4 sref:4 tany:3
rr.dustbowl.normal.turkey-iran.r1,dustbowl,normal,1,turkey,iran,1,2,complete,draw,,tick-cap,60001,40.0,86.6,1818500635,121,72785,39,74215,84730,r2trrifle:47 r2bozkir:23 r2trat:23 r2gokkalkan:11 r2yildirim:8 r2greywolf:6 dog:1 r2sahin:1 r2turna:1,200,69160,36,82775,72260,r2basij:109 r2toophan:57 r2karrar:11 r2fajr:7 r2raad:5 htk:3 dog:2 r2coast:2 r2mohajer:2 r2toufan:2
rr.dustbowl.normal.russia-turkey.r1,dustbowl,normal,1,russia,turkey,1,2,complete,win,turkey,conquest,14177,9.45,30.3,1868987002,9,3000,4,5550,14200,shk:5 e2:3 dog:1,28,12215,12,14200,5550,r2trrifle:13 r2bozkir:6 r2trat:6 r2gokkalkan:2 dog:1
rr.tournament-2a.normal.china-turkey.r1,tournament-2A,normal,1,china,turkey,1,2,complete,win,turkey,conquest,52170,34.78,73.0,-2123375237,55,30060,26,38780,83400,r2cnrifle:23 r2cnportable:9 r2qilin:7 r2zbd:5 r2lynx:3 r2cloud:2 r2phl:2 r2skyspear:2 r2mantis:1 r2redspear:1,88,44155,33,82050,37430,r2trrifle:41 r2trat:18 r2bozkir:16 r2gokkalkan:4 r2yildirim:3 r2turna:2 dog:1 r2greywolf:1 r2kuzgun:1 r2sahin:1
rr.tournament-2a.normal.yemen-israel.r1,tournament-2A,normal,1,yemen,israel,1,2,complete,draw,,tick-cap,60001,40.0,82.2,-2119247650,133,57775,44,86270,71065,r2yrpg:48 r2ymr:35 r2ytechrr:21 htk:8 r2ymlr:8 r2wadighost:5 r2yzu:5 r2technical:3,72,63690,42,71235,86440,r2ilrifle:22 r2ilat:17 r2merkava:11 r2ilhowitzer:7 r2ilfalcon:5 r2ilgunship:4 r2ilrecon:3 dog:1 r2ilobserver:1 r2namer:1
rr.dustbowl.normal.hezbollah-china.r1,dustbowl,normal,1,hezbollah,china,1,2,complete,win,hezbollah,conquest,19085,12.72,34.1,-1611085400,36,15825,16,29340,13985,r2hzrifle:12 r2hzat:8 r2hztechnical:5 r2hzrecoilless:3 r2hzrockets:3 r2hzfpv:2 r2hzrail:2 htk:1,12,6000,10,13175,29340,r2cnrifle:5 r2cnportable:3 r2zbd:2 r2phl:1 r2qilin:1
rr.tournament-2a.normal.russia-hezbollah.r1,tournament-2A,normal,1,russia,hezbollah,1,2,complete,win,hezbollah,conquest,17166,11.44,29.5,-1393718496,10,3400,8,10635,19800,e2:5 shk:3 htk:1 htnk:1,36,15475,14,19800,10815,r2hzrifle:10 r2hzat:8 r2hztechnical:5 r2hzrail:4 r2hzrecoilless:3 htk:2 r2hzfpv:2 r2hzdrone:1 r2hzrockets:1
rr.dustbowl.normal.yemen-israel.r1,dustbowl,normal,1,yemen,israel,1,2,complete,draw,,tick-cap,60001,40.0,96.4,-1294709692,199,83695,41,95130,83990,r2yrpg:68 r2ymr:63 r2ytechrr:28 r2ymlr:12 r2technical:8 r2wadighost:8 r2yzu:7 htk:4 r2samad:1,97,81040,40,86110,97250,r2ilrifle:32 r2ilat:25 r2merkava:17 r2ilhowitzer:7 r2ilfalcon:5 r2ilgunship:4 r2ilrecon:4 dog:1 r2ilshield:1 r2namer:1
rr.tournament-2a.normal.yemen-russia.r1,tournament-2A,normal,1,yemen,russia,1,2,complete,win,yemen,conquest,20854,13.9,34.7,-1269829578,51,16595,17,22500,10455,r2ymr:23 r2yrpg:12 r2technical:7 r2ytechrr:4 r2yzu:3 r2ymlr:2,15,5300,8,10455,22500,e2:7 shk:4 htnk:2 flakt:1 htk:1
rr.dustbowl.normal.hezbollah-iran.r1,dustbowl,normal,1,hezbollah,iran,1,2,complete,win,hezbollah,conquest,37914,25.28,63.7,-1095137753,91,41550,28,47200,37820,r2hzrifle:24 r2hzat:16 r2hztechnical:16 r2hzrecoilless:10 r2hzfpv:8 r2hzrail:8 r2hzrockets:5 r2hzescort:3 r2hzscout:1,46,16580,19,35900,47200,r2basij:22 r2toophan:14 htk:4 r2karrar:3 r2fajr:2 r2raad:1
rr.tournament-2a.normal.saudi-turkey.r1,tournament-2A,normal,1,saudi,turkey,1,2,complete,win,turkey,conquest,12877,8.58,26.9,-919350557,2,700,5,5460,14710,dog:1 r2saat:1,37,14350,12,14710,5460,r2trrifle:20 r2trat:7 r2bozkir:6 r2gokkalkan:2 dog:1 r2aras:1
rr.tournament-2a.normal.america-hezbollah.r1,tournament-2A,normal,1,america,hezbollah,1,2,complete,win,hezbollah,conquest,30788,20.53,48.5,-650018083,22,9000,13,18600,42000,e1:13 fv:4 mtnk:4 orca:1,54,22925,21,42000,19590,r2hzrifle:20 r2hztechnical:8 r2hzat:7 r2hzrail:5 r2hzrecoilless:5 r2hzfpv:4 r2hzrockets:3 r2hzescort:2
rr.tournament-2a.normal.yemen-china.r1,tournament-2A,normal,1,yemen,china,1,2,complete,win,yemen,conquest,23639,15.76,38.7,-456584203,99,34005,24,50390,22575,r2ymr:37 r2yrpg:27 r2technical:14 r2ytechrr:9 r2ymlr:4 htk:3 r2samad:2 r2yzu:2 dog:1,34,16700,16,22575,50390,r2cnrifle:15 r2cnportable:7 r2qilin:6 r2zbd:2 r2cloud:1 r2mantis:1 r2phl:1 r2skyspear:1
rr.dustbowl.normal.america-turkey.r1,dustbowl,normal,1,america,turkey,1,2,complete,draw,,tick-cap,60001,40.0,100.5,-330464696,104,66300,40,82025,72800,e1:35 fv:14 jumpjet:13 mtnk:11 orca:10 sref:7 tany:5 shad:4 mgtk:3 cleg:2,152,88100,34,76265,85490,r2trrifle:60 r2bozkir:31 r2trat:30 r2gokkalkan:13 r2yildirim:8 r2greywolf:6 dog:1 r2kuzgun:1 r2sahin:1 r2turna:1
rr.dustbowl.normal.israel-turkey.r1,dustbowl,normal,1,israel,turkey,1,2,complete,win,turkey,conquest,49378,32.92,88.2,-165536627,61,45660,33,57915,110570,r2ilat:18 r2ilrifle:18 r2merkava:7 r2ilhowitzer:5 r2ilshield:4 r2namer:3 dog:2 r2ilfalcon:2 r2ilgunship:1 r2ilrecon:1,156,80580,35,115095,62440,r2trrifle:76 r2trat:26 r2bozkir:25 r2yildirim:9 r2gokkalkan:8 r2greywolf:4 r2kuzgun:3 r2turna:2 dog:1 r2sahin:1 r2sancak:1
rr.dustbowl.normal.israel-iran.r1,dustbowl,normal,1,israel,iran,1,2,complete,win,iran,conquest,44219,29.48,72.5,-69577778,40,26400,22,37930,67660,r2ilrifle:15 r2ilat:11 r2merkava:5 dog:3 r2ilfalcon:2 r2ilgunship:1 r2ilhowitzer:1 r2ilshield:1 r2namer:1,130,46000,33,66610,36880,r2basij:70 r2toophan:31 r2karrar:14 r2raad:4 htk:3 r2fajr:3 dog:2 r2mohajer:2 r2toufan:1
rr.tournament-2a.normal.china-iran.r1,tournament-2A,normal,1,china,iran,1,2,complete,win,iran,conquest,20353,13.57,34.4,655857391,18,8910,11,11490,32500,r2cnrifle:8 r2cnportable:5 r2qilin:2 r2phl:1 r2skyspear:1 r2zbd:1,68,23780,19,32500,11490,r2basij:37 r2toophan:17 r2karrar:6 r2fajr:3 htk:2 r2dronecontrol:1 r2mohajer:1 r2raad:1
rr.tournament-2a.normal.china-saudi.r1,tournament-2A,normal,1,china,saudi,1,2,complete,win,china,conquest,47784,31.86,69.0,675233962,58,31910,27,38380,24520,r2cnrifle:23 r2cnportable:11 r2qilin:11 r2phl:3 r2zbd:3 r2mantis:2 r2cloud:1 r2crane:1 r2lynx:1 r2redspear:1 r2skyspear:1,16,8970,13,24520,38380,r2sang:6 r2saat:4 r2m1a2s:2 dog:1 r2bradley:1 r2caesar:1 r2sads:1
rr.dustbowl.normal.yemen-china.r1,dustbowl,normal,1,yemen,china,1,2,complete,win,china,conquest,48077,32.05,69.8,716102667,65,23290,22,48440,62885,r2ymr:26 r2yrpg:17 r2technical:8 r2ytechrr:6 r2ymlr:3 htk:2 r2yzu:2 r2wadighost:1,126,67430,27,61685,50040,r2cnrifle:54 r2cnportable:22 r2qilin:20 r2phl:7 r2mantis:6 r2cloud:5 r2lynx:4 r2redspear:3 r2zbd:2 r2cnnetwork:1 r2crane:1 r2skyspear:1
rr.tournament-2a.normal.israel-yemen.r1,tournament-2A,normal,1,israel,yemen,1,2,complete,win,israel,conquest,13009,8.67,25.1,998853120,19,10930,14,12960,2500,r2ilrifle:9 r2ilat:3 r2merkava:3 dog:1 r2ilhowitzer:1 r2ilobserver:1 r2namer:1,2,515,5,2500,12960,r2ymr:1 r2yrpg:1
rr.dustbowl.normal.yemen-turkey.r1,dustbowl,normal,1,yemen,turkey,1,2,complete,draw,,tick-cap,60001,40.0,106.6,1250287693,365,110480,39,93350,115175,r2ymr:192 r2yrpg:155 r2wadighost:14 dog:2 r2yspot:2,129,75750,49,115075,93750,r2trrifle:50 r2bozkir:28 r2trat:25 r2yildirim:8 r2gokkalkan:7 r2greywolf:6 dog:2 r2sahin:1 r2trdroneop:1 r2turna:1
rr.dustbowl.normal.russia-israel.r1,dustbowl,normal,1,russia,israel,1,2,complete,win,israel,conquest,50080,33.39,78.2,1364193126,58,23700,20,51780,61100,flakt:20 e2:16 shk:8 htk:5 ttnk:5 htnk:4,109,78230,28,61010,54690,r2ilrifle:44 r2ilat:25 r2merkava:18 r2ilhowitzer:6 r2ilrecon:4 r2ilshield:4 dog:2 r2ilfalcon:2 r2ilgunship:2 r2namer:2
rr.dustbowl.normal.turkey-russia.r1,dustbowl,normal,1,turkey,russia,1,2,complete,win,turkey,conquest,29685,19.79,51.2,1414899605,70,33575,27,37800,19825,r2trrifle:35 r2bozkir:13 r2trat:11 r2gokkalkan:4 r2yildirim:3 r2kuzgun:2 dog:1 r2sahin:1,28,8900,19,21825,39800,e2:13 shk:8 flakt:4 htnk:2 ivan:1
rr.dustbowl.normal.israel-america.r1,dustbowl,normal,1,israel,america,1,2,complete,win,israel,conquest,38218,25.48,57.7,1928876227,77,51790,30,66200,30550,r2ilrifle:32 r2ilat:16 r2merkava:12 r2ilhowitzer:6 r2ilshield:4 dog:3 r2ilfalcon:1 r2ilgunship:1 r2ilrecon:1 r2namer:1,40,17800,28,30550,66200,e1:20 mtnk:6 fv:5 jumpjet:5 orca:2 dog:1 shad:1
rr.tournament-2a.normal.hezbollah-turkey.r1,tournament-2A,normal,1,hezbollah,turkey,1,2,complete,win,hezbollah,conquest,22956,15.3,38.1,-2147046806,45,18900,18,34740,15655,r2hzrifle:14 r2hzat:10 r2hzrail:6 r2hztechnical:6 r2hzrecoilless:4 r2hzfpv:3 r2hzescort:2,17,8430,12,14405,34240,r2trrifle:6 r2bozkir:4 r2trat:4 r2gokkalkan:2 dog:1
rr.tournament-2a.normal.china-israel.r1,tournament-2A,normal,1,china,israel,1,2,complete,win,china,conquest,45509,30.34,64.6,-1978077154,111,58220,30,59830,38840,r2cnrifle:51 r2cnportable:20 r2qilin:15 r2phl:7 r2cloud:5 r2mantis:3 r2redspear:3 r2zbd:3 dog:1 r2crane:1 r2lynx:1 r2skyspear:1,31,18870,20,36540,57530,r2ilrifle:11 r2ilat:10 r2ilhowitzer:3 r2ilshield:2 r2merkava:2 r2namer:2 dog:1
rr.tournament-2a.normal.saudi-china.r1,tournament-2A,normal,1,saudi,china,1,2,complete,draw,,tick-cap,60001,40.0,83.2,-1789734082,80,55590,31,84020,46870,r2sang:32 r2m1a2s:17 r2saat:14 r2bradley:4 r2falcon:4 r2caesar:3 r2sads:3 dog:1 r2ah64sa:1 r2f15sa:1,103,41710,29,45250,82400,r2cnrifle:53 r2cnportable:23 r2qilin:13 r2phl:5 r2cloud:3 dog:2 r2zbd:2 r2cnnetwork:1 r2lynx:1
rr.dustbowl.normal.america-israel.r1,dustbowl,normal,1,america,israel,1,2,complete,win,israel,conquest,51245,34.16,73.8,-1765593960,51,27400,23,46670,70400,e1:21 fv:9 mtnk:7 jumpjet:6 orca:3 shad:3 cleg:1 sref:1,115,74860,32,70620,46890,r2ilrifle:48 r2ilat:26 r2merkava:18 r2ilhowitzer:6 r2ilshield:5 dog:4 r2namer:3 r2ilgunship:2 r2ilfalcon:1 r2ilobserver:1 r2ilrecon:1
rr.dustbowl.normal.iran-israel.r1,dustbowl,normal,1,iran,israel,1,2,complete,win,iran,conquest,32366,21.58,50.5,-1331824462,75,25850,20,45200,18370,r2basij:45 r2toophan:15 r2karrar:8 r2fajr:3 htk:1 r2coast:1 r2mohajer:1 r2raad:1,17,11240,15,18370,45200,r2ilrifle:7 r2ilat:4 r2merkava:2 dog:1 r2ilfalcon:1 r2ilhowitzer:1 r2namer:1
rr.tournament-2a.normal.turkey-russia.r1,tournament-2A,normal,1,turkey,russia,1,2,complete,win,russia,conquest,11156,7.44,22.9,-1027474081,6,2015,5,1600,15225,r2trrifle:3 dog:1 r2bozkir:1 r2trat:1,15,5100,8,15225,1600,e2:7 shk:3 flakt:2 htnk:2 htk:1
rr.dustbowl.normal.israel-russia.r1,dustbowl,normal,1,israel,russia,1,2,complete,win,russia,conquest,48412,32.27,76.3,-957565557,60,46870,33,43650,103580,r2ilrifle:21 r2ilat:13 r2merkava:10 r2ilhowitzer:6 r2ilgunship:3 r2ilshield:3 dog:1 r2ilfalcon:1 r2ilrecon:1 r2namer:1,208,83650,31,103580,43650,e2:75 flakt:48 shk:48 htk:11 ttnk:10 htnk:6 apoc:3 zep:3 ivan:2 yuri:2
rr.dustbowl.normal.iran-turkey.r1,dustbowl,normal,1,iran,turkey,1,2,complete,win,iran,conquest,14361,9.57,29.8,-825013910,45,15150,16,17170,4870,r2basij:25 r2toophan:10 r2karrar:4 r2fajr:2 dog:1 htk:1 r2loiter:1 r2raad:1,5,1860,5,4870,17170,r2trrifle:2 dog:1 r2gokkalkan:1 r2trat:1
rr.tournament-2a.normal.russia-china.r1,tournament-2A,normal,1,russia,china,1,2,complete,win,china,conquest,26126,17.42,42.1,-797402889,15,6400,9,18400,24500,e2:6 shk:4 htnk:2 flakt:1 htk:1 ttnk:1,75,34400,23,24500,18400,r2cnrifle:40 r2cnportable:13 r2qilin:6 r2cloud:4 r2phl:4 r2crane:2 r2mantis:2 r2zbd:2 dog:1 r2skyspear:1
rr.dustbowl.normal.china-yemen.r1,dustbowl,normal,1,china,yemen,1,2,complete,win,china,conquest,23915,15.94,40.8,-527422474,68,30250,23,32410,13250,r2cnrifle:35 r2cnportable:11 r2qilin:9 r2mantis:3 r2phl:3 r2lynx:2 r2zbd:2 dog:1 r2cloud:1 r2skyspear:1,29,8815,10,12300,31460,r2yrpg:12 r2ymr:11 r2technical:3 r2ytechrr:2 htk:1
rr.tournament-2a.normal.hezbollah-israel.r1,tournament-2A,normal,1,hezbollah,israel,1,2,complete,draw,,tick-cap,60001,40.0,83.4,-375060283,120,65050,40,97760,76305,r2hzrifle:24 r2hzat:21 r2hztechnical:18 r2hzfpv:16 r2hzrecoilless:14 r2hzrockets:9 r2hzscout:7 r2hzrail:6 r2hzescort:5,70,55800,47,72495,97760,r2ilrifle:25 r2merkava:16 r2ilat:15 r2ilshield:4 r2ilfalcon:3 r2ilgunship:2 r2namer:2 dog:1 r2ilhowitzer:1 r2ilrecon:1
rr.tournament-2a.normal.america-iran.r1,tournament-2A,normal,1,america,iran,1,2,complete,win,iran,conquest,56220,37.48,78.1,-193672595,53,22500,22,39050,67600,e1:29 mtnk:13 fv:7 jumpjet:2 orca:1 shad:1,96,33410,21,67600,39050,r2basij:54 r2toophan:21 r2karrar:9 htk:3 r2raad:3 r2fajr:2 r2mohajer:2 r2coast:1 r2loiter:1
rr.tournament-2a.normal.turkey-israel.r1,tournament-2A,normal,1,turkey,israel,1,2,complete,win,israel,conquest,14385,9.59,26.5,-117844179,2,600,4,6770,11710,dog:1 r2trat:1,14,8270,10,11710,6770,r2ilrifle:6 r2ilat:3 r2merkava:2 dog:1 r2ilhowitzer:1 r2namer:1
rr.tournament-2a.normal.america-yemen.r1,tournament-2A,normal,1,america,yemen,1,2,complete,win,yemen,conquest,12192,8.13,23.9,147778194,4,800,6,4200,16900,e1:4,31,10060,10,16900,4200,r2ymr:14 r2yrpg:7 r2technical:4 r2ytechrr:4 r2ymlr:1 r2yzu:1
rr.dustbowl.normal.america-iran.r1,dustbowl,normal,1,america,iran,1,2,complete,win,america,conquest,21943,14.63,39.1,387169306,52,21700,19,30420,10000,e1:28 mtnk:11 fv:7 jumpjet:3 dog:1 orca:1 shad:1,34,7850,9,10000,30420,r2basij:20 r2toophan:13 dog:1
rr.tournament-2a.normal.america-israel.r1,tournament-2A,normal,1,america,israel,1,2,complete,win,israel,conquest,25055,16.7,40.5,459744137,17,6300,12,11660,33800,e1:11 fv:4 mtnk:1 shad:1,28,19550,17,33800,11660,r2ilrifle:10 r2ilat:6 r2merkava:6 r2ilshield:2 r2namer:2 dog:1 r2ilhowitzer:1
rr.dustbowl.normal.israel-yemen.r1,dustbowl,normal,1,israel,yemen,1,2,complete,win,israel,conquest,15102,10.07,30.8,588346069,17,10440,10,12860,4100,r2ilrifle:7 r2ilat:4 r2merkava:3 dog:1 r2ilhowitzer:1 r2namer:1,3,865,4,4100,12860,r2yrpg:2 r2ymr:1
rr.dustbowl.normal.hezbollah-israel.r1,dustbowl,normal,1,hezbollah,israel,1,2,complete,win,israel,conquest,38925,25.95,61.1,779143092,52,22325,19,26420,63885,r2hzrifle:13 r2hzat:11 r2hztechnical:9 r2hzrail:7 r2hzfpv:5 r2hzrecoilless:5 htk:1 r2hzrockets:1,71,51470,29,63405,30630,r2ilrifle:26 r2ilat:17 r2merkava:12 r2ilhowitzer:5 r2ilshield:3 dog:2 r2ilrecon:2 r2namer:2 r2ilfalcon:1 r2ilgunship:1
rr.tournament-2a.normal.israel-iran.r1,tournament-2A,normal,1,israel,iran,1,2,complete,win,iran,conquest,20335,13.56,34.3,864919874,4,2020,5,9740,18530,dog:1 r2ilat:1 r2ilrifle:1 r2namer:1,41,14830,15,18530,9740,r2basij:22 r2toophan:10 r2karrar:3 r2fajr:2 r2raad:2 htk:1 r2dronecontrol:1
rr.dustbowl.normal.turkey-yemen.r1,dustbowl,normal,1,turkey,yemen,1,2,complete,win,yemen,conquest,49051,32.7,90.3,896915464,123,61005,40,81735,133015,r2trrifle:61 r2bozkir:24 r2trat:22 r2gokkalkan:5 r2greywolf:3 r2yildirim:3 r2turna:2 dog:1 r2kuzgun:1 r2sahin:1,257,100495,39,129450,78170,r2ymr:83 r2yrpg:77 r2technical:32 r2ytechrr:23 r2ymlr:9 r2wadighost:8 r2yspot:8 r2yzu:8 htk:6 dog:2 r2samad:1
rr.dustbowl.normal.turkey-china.r1,dustbowl,normal,1,turkey,china,1,2,complete,win,china,conquest,41809,27.87,74.1,1209940254,57,33710,25,40820,86770,r2trrifle:22 r2bozkir:12 r2trat:10 r2gokkalkan:6 r2yildirim:3 r2greywolf:2 dog:1 r2sahin:1,134,68760,24,89010,43060,r2cnrifle:58 r2cnportable:25 r2qilin:20 r2phl:7 r2lynx:5 r2mantis:4 r2zbd:4 r2cloud:3 r2crane:3 r2cnnetwork:2 r2redspear:2 r2skyspear:1
rr.dustbowl.normal.yemen-china.r2,dustbowl,normal,2,yemen,china,1,2,complete,win,yemen,conquest,48595,32.4,76.6,1391191129,239,81625,38,102470,64440,r2ymr:95 r2yrpg:91 r2technical:13 r2ytechrr:13 r2wadighost:5 r2ymlr:5 htk:4 r2yspot:4 r2yzu:4 r2samad:3 dog:2,79,45230,31,58710,101920,r2cnrifle:34 r2cnportable:14 r2qilin:13 r2phl:6 r2cloud:3 r2redspear:3 r2zbd:3 r2crane:1 r2mantis:1 r2skyspear:1
rr.tournament-2a.normal.turkey-russia.r2,tournament-2A,normal,2,turkey,russia,1,2,complete,win,turkey,conquest,18720,12.48,32.6,1801778899,53,21895,19,26300,13510,r2trrifle:29 r2trat:9 r2bozkir:8 r2gokkalkan:4 dog:1 r2kuzgun:1 r2yildirim:1,23,8600,9,13510,26300,e2:10 shk:7 flakt:2 htnk:2 htk:1 ttnk:1
rr.tournament-2a.normal.saudi-yemen.r2,tournament-2A,normal,2,saudi,yemen,1,2,complete,win,yemen,conquest,26992,17.99,42.9,1951174333,22,11740,14,23335,45450,r2saat:8 r2sang:7 r2bradley:3 r2m1a2s:3 dog:1,105,35385,29,45450,23335,r2ymr:39 r2yrpg:30 r2technical:15 r2ytechrr:11 htk:3 r2ymlr:3 r2samad:2 dog:1 r2yzu:1
rr.dustbowl.normal.america-turkey.r2,dustbowl,normal,2,america,turkey,1,2,complete,win,turkey,conquest,34996,23.33,56.0,2126424199,53,21900,27,23310,70400,e1:30 mtnk:11 fv:8 shad:2 dog:1 orca:1,92,44575,27,70400,23310,r2trrifle:45 r2bozkir:17 r2trat:16 r2gokkalkan:7 r2yildirim:3 dog:1 r2greywolf:1 r2kuzgun:1 r2sahin:1
rr.tournament-2a.normal.yemen-saudi.r2,tournament-2A,normal,2,yemen,saudi,1,2,complete,win,saudi,conquest,31198,20.8,47.2,-2138444622,42,14360,18,18310,44355,r2ymr:14 r2yrpg:13 r2technical:7 r2ytechrr:6 htk:1 r2ymlr:1,47,28330,19,44355,18310,r2sang:19 r2saat:11 r2m1a2s:10 r2bradley:2 r2sads:2 dog:1 r2caesar:1 r2falcon:1
rr.dustbowl.normal.america-iran.r2,dustbowl,normal,2,america,iran,1,2,complete,draw,,tick-cap,60001,40.0,95.0,-1914597117,122,79900,35,91900,86400,e1:41 jumpjet:17 mtnk:15 fv:11 mgtk:9 cleg:8 sref:7 shad:6 orca:5 tany:3,308,86540,44,87150,92740,r2basij:201 r2toophan:63 r2fajr:9 r2karrar:9 htk:6 r2raad:5 dog:4 r2coast:4 r2loiter:3 r2dronecontrol:2 r2toufan:2
rr.tournament-2a.normal.iran-israel.r2,tournament-2A,normal,2,iran,israel,1,2,complete,win,iran,conquest,26129,17.42,42.3,-1664218777,42,14520,12,29520,14430,r2basij:23 r2toophan:11 r2karrar:3 htk:2 r2coast:1 r2fajr:1 r2raad:1,10,6210,9,14430,29520,r2ilat:3 r2ilrifle:3 dog:1 r2ilhowitzer:1 r2merkava:1 r2namer:1
rr.tournament-2a.normal.saudi-israel.r2,tournament-2A,normal,2,saudi,israel,1,2,complete,win,israel,conquest,16192,10.79,29.6,-1606856812,4,2070,6,5720,19280,dog:1 r2m1a2s:1 r2saat:1 r2sang:1,16,11070,12,19280,5720,r2ilrifle:6 r2merkava:4 r2ilat:3 dog:1 r2ilhowitzer:1 r2namer:1
rr.dustbowl.normal.china-america.r2,dustbowl,normal,2,china,america,1,2,complete,draw,,tick-cap,60001,40.0,96.6,-1309817914,150,94270,32,89710,93370,r2cnrifle:56 r2cnportable:26 r2qilin:24 r2mantis:13 r2phl:8 r2redspear:8 r2cloud:7 r2skyspear:3 r2crane:2 r2zbd:2 r2lynx:1,143,93300,36,93860,90200,e1:42 fv:24 jumpjet:22 mtnk:13 cleg:10 shad:8 mgtk:7 sref:6 tany:6 orca:4 dog:1
rr.tournament-2a.normal.hezbollah-turkey.r2,tournament-2A,normal,2,hezbollah,turkey,1,2,complete,win,turkey,conquest,27000,18.0,43.2,-1240899315,30,13325,9,25625,34285,r2hzat:8 r2hzrifle:7 r2hzrail:4 r2hztechnical:4 r2hzrecoilless:3 r2hzfpv:2 r2hzescort:1 r2hzrockets:1,67,29570,25,33475,25625,r2trrifle:34 r2trat:13 r2bozkir:11 r2gokkalkan:3 r2yildirim:3 r2kuzgun:2 dog:1
rr.dustbowl.normal.yemen-saudi.r2,dustbowl,normal,2,yemen,saudi,1,2,complete,win,saudi,conquest,52563,35.04,77.0,-965767970,78,30625,23,61270,77870,r2ymr:25 r2yrpg:24 r2technical:11 r2ytechrr:8 r2ymlr:4 r2yzu:4 r2wadighost:2,123,78530,34,79970,63370,r2sang:44 r2saat:33 r2m1a2s:22 r2bradley:6 r2sads:5 r2caesar:4 dog:3 r2ah64sa:3 r2falcon:2 r2f15sa:1
rr.dustbowl.normal.saudi-yemen.r2,dustbowl,normal,2,saudi,yemen,1,2,complete,win,saudi,conquest,12508,8.34,30.6,-807882993,18,10340,11,14825,3970,r2sang:7 r2saat:4 r2m1a2s:3 dog:1 r2bradley:1 r2caesar:1 r2sads:1,3,680,7,3970,14825,r2ymr:2 r2yrpg:1
rr.tournament-2a.normal.hezbollah-russia.r2,tournament-2A,normal,2,hezbollah,russia,1,2,complete,win,hezbollah,conquest,30627,20.42,47.3,-500363351,88,41175,28,48300,31200,r2hzrifle:22 r2hzat:17 r2hztechnical:13 r2hzrecoilless:9 r2hzrail:7 r2hzfpv:6 r2hzrockets:4 htk:3 r2hzdrone:3 r2hzscout:2 dog:1 r2hzescort:1,55,22700,15,30240,48300,e2:21 shk:17 htnk:10 htk:5 flakt:2
rr.dustbowl.normal.iran-america.r2,dustbowl,normal,2,iran,america,1,2,complete,win,iran,conquest,42673,28.45,71.9,-343879023,174,58050,33,78100,36300,r2basij:100 r2toophan:40 r2karrar:12 htk:5 r2fajr:5 r2coast:3 r2raad:3 r2dronecontrol:2 r2loiter:2 dog:1 r2toufan:1,57,29000,29,37300,79100,e1:22 fv:11 jumpjet:9 mtnk:8 orca:4 shad:2 dog:1
rr.dustbowl.normal.yemen-hezbollah.r2,dustbowl,normal,2,yemen,hezbollah,1,2,complete,draw,,tick-cap,60001,40.0,98.9,-195421373,257,107110,44,85805,107135,r2ymr:84 r2yrpg:76 r2technical:31 r2ytechrr:23 r2wadighost:13 r2ymlr:13 htk:8 r2yzu:5 dog:2 r2yspot:2,118,63775,46,109425,96015,r2hzat:23 r2hzrecoilless:19 r2hzrifle:18 r2hzfpv:17 r2hzrail:15 r2hzrockets:8 r2hztechnical:8 r2hzscout:6 htk:2 r2hzescort:2
rr.dustbowl.normal.iran-yemen.r2,dustbowl,normal,2,iran,yemen,1,2,complete,draw,,tick-cap,60001,40.0,97.6,-28078974,217,68670,45,106410,92050,r2basij:128 r2toophan:52 r2karrar:16 htk:5 r2coast:4 r2dronecontrol:4 r2fajr:4 r2raad:2 r2loiter:1 r2mohajer:1,275,103945,41,92050,106410,r2ymr:103 r2yrpg:80 r2technical:35 r2ytechrr:25 r2wadighost:10 r2ymlr:10 htk:7 r2yzu:3 dog:2
rr.dustbowl.normal.saudi-turkey.r2,dustbowl,normal,2,saudi,turkey,1,2,complete,draw,,tick-cap,60001,40.0,85.4,375204953,120,92820,41,105390,108430,r2sang:41 r2saat:28 r2m1a2s:19 r2caesar:9 r2ah64sa:6 r2falcon:6 r2sads:5 r2f15sa:4 dog:1 r2bradley:1,145,88030,42,106025,102985,r2trrifle:56 r2bozkir:29 r2trat:29 r2gokkalkan:8 r2yildirim:8 r2greywolf:7 r2sahin:4 r2kuzgun:3 dog:1
rr.tournament-2a.normal.america-china.r2,tournament-2A,normal,2,america,china,1,2,complete,draw,,tick-cap,60001,40.0,82.7,796588271,122,78700,44,96000,116900,e1:36 fv:20 jumpjet:19 mtnk:11 tany:8 sref:7 cleg:6 mgtk:5 shad:5 orca:4 dog:1,95,52910,38,112100,91600,r2cnrifle:43 r2cnportable:15 r2qilin:9 r2mantis:8 r2cloud:6 r2phl:6 r2redspear:3 dog:1 r2crane:1 r2lynx:1 r2skyspear:1 r2zbd:1
rr.tournament-2a.normal.iran-turkey.r2,tournament-2A,normal,2,iran,turkey,1,2,complete,win,turkey,conquest,30834,20.56,47.4,949378029,26,7890,9,16605,28810,r2basij:16 r2toophan:5 r2karrar:3 htk:1 r2raad:1,53,23485,20,28810,16605,r2trrifle:27 r2bozkir:11 r2trat:9 r2gokkalkan:3 dog:1 r2kuzgun:1 r2yildirim:1
rr.dustbowl.normal.turkey-china.r2,dustbowl,normal,2,turkey,china,1,2,complete,draw,,tick-cap,60001,40.0,93.7,1229233945,97,51590,49,74530,100535,r2trrifle:38 r2trat:23 r2bozkir:17 r2yildirim:8 r2gokkalkan:5 dog:2 r2kuzgun:2 r2greywolf:1 r2sahin:1,152,83940,28,107475,81470,r2cnrifle:62 r2cnportable:26 r2qilin:26 r2mantis:9 r2phl:9 r2zbd:7 r2cloud:4 r2redspear:4 dog:2 r2crane:1 r2lynx:1 r2skyspear:1
rr.dustbowl.normal.turkey-hezbollah.r2,dustbowl,normal,2,turkey,hezbollah,1,2,complete,win,hezbollah,conquest,37492,24.99,61.2,1422908770,44,23385,21,23140,66995,r2trrifle:17 r2trat:11 r2bozkir:8 r2yildirim:4 dog:1 r2gokkalkan:1 r2kuzgun:1 r2sahin:1,74,32525,28,68195,26620,r2hzrifle:22 r2hzat:13 r2hzrecoilless:9 r2hzfpv:7 r2hzrail:7 r2hztechnical:6 r2hzescort:3 r2hzrockets:3 htk:2 r2hzdrone:2
rr.dustbowl.normal.israel-yemen.r2,dustbowl,normal,2,israel,yemen,1,2,complete,win,israel,conquest,24857,16.57,43.8,1623601901,25,20010,17,17605,6460,r2ilrifle:8 r2ilat:6 r2merkava:4 dog:1 r2ilfalcon:1 r2ilgunship:1 r2ilhowitzer:1 r2ilrecon:1 r2ilshield:1 r2namer:1,8,2110,6,6460,17605,r2ymr:4 r2yrpg:3 r2technical:1
rr.dustbowl.normal.yemen-russia.r2,dustbowl,normal,2,yemen,russia,1,2,complete,win,yemen,conquest,58497,39.0,81.9,2037232854,256,104335,38,68800,88050,r2ymr:89 r2yrpg:75 r2technical:30 r2ytechrr:21 r2wadighost:12 r2ymlr:10 r2yspot:6 r2yzu:6 r2samad:4 htk:3,66,23600,28,82415,71200,e2:30 flakt:16 shk:10 htnk:3 ttnk:3 apoc:2 htk:2
rr.tournament-2a.normal.israel-turkey.r2,tournament-2A,normal,2,israel,turkey,1,2,complete,win,turkey,conquest,19201,12.8,32.6,2060864557,8,4760,6,11330,22670,r2ilrifle:3 r2ilat:2 r2merkava:2 dog:1,38,16945,16,22670,11330,r2trrifle:19 r2trat:7 r2bozkir:5 r2gokkalkan:3 r2yildirim:2 dog:1 r2kuzgun:1
rr.tournament-2a.normal.saudi-iran.r2,tournament-2A,normal,2,saudi,iran,1,2,complete,win,iran,conquest,37518,25.01,55.3,-2125519945,26,15930,21,27710,54840,r2sang:9 r2saat:7 r2m1a2s:6 r2caesar:2 dog:1 r2bradley:1,179,52720,34,54840,27710,r2basij:108 r2toophan:48 r2karrar:9 r2dronecontrol:4 r2fajr:4 dog:2 r2raad:2 r2azar:1 r2toufan:1
rr.tournament-2a.normal.hezbollah-iran.r2,tournament-2A,normal,2,hezbollah,iran,1,2,complete,win,iran,conquest,29837,19.89,46.1,-1906029703,30,12575,17,21790,41755,r2hzat:8 r2hzrifle:8 r2hzrail:4 r2hzfpv:3 r2hztechnical:3 dog:2 r2hzrecoilless:1 r2hzrockets:1,95,33830,24,41455,21790,r2basij:52 r2toophan:22 r2karrar:9 r2fajr:5 htk:2 r2loiter:2 dog:1 r2raad:1 r2toufan:1
rr.tournament-2a.normal.iran-russia.r2,tournament-2A,normal,2,iran,russia,1,2,complete,win,russia,conquest,37340,24.89,55.5,-1573927606,52,15490,16,24900,45010,r2basij:36 r2toophan:6 r2karrar:5 htk:2 r2fajr:2 r2toufan:1,77,36900,28,45010,24900,shk:23 e2:17 flakt:15 htk:7 htnk:7 ttnk:6 dog:1 zep:1
rr.dustbowl.normal.yemen-america.r2,dustbowl,normal,2,yemen,america,1,2,complete,win,america,conquest,24244,16.16,42.0,-1445531719,32,10615,12,14400,34710,r2ymr:11 r2yrpg:9 r2technical:4 r2ytechrr:3 dog:2 htk:1 r2ymlr:1 r2yzu:1,58,30300,25,34710,14400,e1:26 mtnk:10 fv:8 jumpjet:5 cleg:3 shad:2 sref:2 dog:1 orca:1
rr.dustbowl.normal.hezbollah-yemen.r2,dustbowl,normal,2,hezbollah,yemen,1,2,complete,win,hezbollah,conquest,16742,11.16,33.2,-1439067098,35,14425,14,18085,10595,r2hzrifle:12 r2hzat:8 r2hztechnical:5 r2hzrail:4 r2hzrecoilless:3 htk:1 r2hzescort:1 r2hzfpv:1,12,3340,6,10205,18085,r2ymr:6 r2yrpg:4 r2technical:1 r2ytechrr:1
rr.dustbowl.normal.iran-turkey.r2,dustbowl,normal,2,iran,turkey,1,2,complete,draw,,tick-cap,60001,40.0,91.2,-1107270123,277,85060,36,113720,71770,r2basij:169 r2toophan:65 r2karrar:16 htk:5 r2coast:5 r2dronecontrol:4 r2fajr:4 dog:2 r2raad:2 r2toufan:2 r2azar:1 r2loiter:1 r2mohajer:1,82,50360,40,71070,119720,r2trrifle:32 r2bozkir:16 r2trat:16 r2greywolf:5 r2gokkalkan:4 r2yildirim:4 r2turna:2 dog:1 r2kuzgun:1 r2sahin:1
rr.dustbowl.normal.turkey-russia.r2,dustbowl,normal,2,turkey,russia,1,2,complete,win,turkey,conquest,14103,9.4,30.2,-1024851238,26,11470,15,20500,4505,r2trrifle:14 r2bozkir:4 r2trat:3 r2gokkalkan:2 dog:1 r2kuzgun:1 r2yildirim:1,7,2700,9,4505,20500,shk:4 e2:2 htk:1
rr.tournament-2a.normal.china-america.r2,tournament-2A,normal,2,china,america,1,2,complete,win,china,conquest,25460,16.97,40.5,-1017659359,55,24880,22,39700,15470,r2cnrifle:29 r2cnportable:10 r2qilin:4 r2zbd:4 r2mantis:3 r2cloud:2 r2phl:2 r2skyspear:1,20,10200,13,15470,39700,e1:9 fv:4 jumpjet:2 mtnk:2 orca:2 shad:1
rr.tournament-2a.normal.russia-turkey.r2,tournament-2A,normal,2,russia,turkey,1,2,complete,win,turkey,conquest,17197,11.46,30.1,-721293842,9,4300,8,4055,21900,shk:5 e2:1 flakt:1 htk:1 htnk:1,36,14150,13,22750,4905,r2trrifle:20 r2bozkir:6 r2trat:6 r2gokkalkan:2 dog:1 r2sancak:1
rr.dustbowl.normal.saudi-america.r2,dustbowl,normal,2,saudi,america,1,2,complete,win,saudi,conquest,51052,34.03,72.6,-611363385,106,68920,35,95820,56000,r2sang:41 r2saat:24 r2m1a2s:20 r2caesar:5 r2sads:5 r2bradley:4 r2falcon:3 dog:2 r2ah64sa:1 r2f15sa:1,70,36000,34,54780,94600,e1:35 mtnk:12 fv:7 orca:3 shad:3 cleg:2 jumpjet:2 mgtk:2 sref:2 dog:1 tany:1
rr.tournament-2a.normal.america-yemen.r2,tournament-2A,normal,2,america,yemen,1,2,complete,draw,,tick-cap,60001,40.0,84.5,-419676919,109,69000,33,78525,71800,e1:39 mtnk:14 jumpjet:13 fv:11 cleg:8 shad:7 sref:5 mgtk:4 orca:4 tany:3 dog:1,112,44760,33,71200,78790,r2ymr:34 r2yrpg:32 r2technical:17 r2ytechrr:10 r2ymlr:7 r2yzu:5 r2wadighost:3 dog:2 htk:2
rr.tournament-2a.normal.turkey-china.r2,tournament-2A,normal,2,turkey,china,1,2,complete,win,china,conquest,13230,8.82,25.2,-193970642,4,910,6,1580,17620,r2trrifle:2 dog:1 r2trat:1,24,9790,12,17620,1580,r2cnrifle:12 r2qilin:5 r2cnportable:4 r2lynx:1 r2mantis:1 r2zbd:1
rr.dustbowl.normal.china-hezbollah.r2,dustbowl,normal,2,china,hezbollah,1,2,complete,draw,,tick-cap,60001,40.0,85.8,58599091,123,76060,39,82340,95960,r2cnrifle:48 r2cnportable:23 r2qilin:16 r2phl:10 r2cloud:8 r2redspear:6 r2crane:5 r2zbd:4 r2lynx:2 r2skyspear:1,159,78250,44,95960,84980,r2hzrifle:37 r2hzat:36 r2hztechnical:25 r2hzrecoilless:16 r2hzfpv:15 r2hzrail:8 htk:6 r2hzscout:6 r2hzescort:5 r2hzrockets:4 r2hzdrone:1
rr.tournament-2a.normal.iran-hezbollah.r2,tournament-2A,normal,2,iran,hezbollah,1,2,complete,win,iran,conquest,38997,26.0,57.2,113342985,81,29080,22,36605,26900,r2basij:47 r2toophan:19 r2karrar:8 r2fajr:2 htk:1 r2azar:1 r2coast:1 r2raad:1 r2toufan:1,33,14325,12,26900,36755,r2hzrifle:8 r2hzat:6 r2hzrail:5 r2hzrecoilless:5 r2hztechnical:5 htk:2 r2hzfpv:1 r2hzrockets:1
rr.tournament-2a.normal.saudi-turkey.r2,tournament-2A,normal,2,saudi,turkey,1,2,complete,win,saudi,conquest,58429,38.95,80.6,424371406,138,95190,35,110000,82100,r2sang:52 r2saat:33 r2m1a2s:20 r2caesar:8 r2ah64sa:6 r2sads:6 r2falcon:4 r2bradley:3 r2f15sa:3 dog:2 r2sajtac:1,78,44980,35,78440,106340,r2trrifle:26 r2trat:23 r2bozkir:13 r2gokkalkan:4 r2yildirim:4 r2sahin:3 dog:2 r2turna:2 r2greywolf:1
rr.dustbowl.normal.turkey-america.r2,dustbowl,normal,2,turkey,america,1,2,complete,win,america,conquest,28553,19.04,47.3,687581120,18,6895,10,12500,31305,r2trrifle:9 r2trat:4 r2gokkalkan:3 dog:1 r2sancak:1,59,27500,22,31305,12500,e1:28 mtnk:12 fv:9 jumpjet:5 cleg:1 dog:1 orca:1 shad:1 sref:1
rr.tournament-2a.normal.yemen-hezbollah.r2,tournament-2A,normal,2,yemen,hezbollah,1,2,complete,win,hezbollah,conquest,31150,20.77,47.7,917215855,65,25090,23,35765,64485,r2yrpg:24 r2ymr:16 r2ytechrr:15 r2technical:3 r2yzu:3 htk:2 r2ymlr:2,102,44975,34,64985,38725,r2hzrifle:30 r2hzat:22 r2hztechnical:13 r2hzfpv:10 r2hzrecoilless:9 r2hzrail:7 r2hzrockets:6 htk:3 r2hzdrone:1 r2hzescort:1
rr.tournament-2a.normal.yemen-america.r2,tournament-2A,normal,2,yemen,america,1,2,complete,win,america,conquest,22078,14.72,36.5,1161310632,34,12235,11,24700,34580,r2yrpg:12 r2ymr:9 r2technical:5 htk:4 r2ytechrr:3 r2ymlr:1,74,31900,23,34580,24700,e1:43 mtnk:12 fv:7 jumpjet:4 shad:3 sref:2 cleg:1 dog:1 orca:1
rr.dustbowl.normal.iran-hezbollah.r2,dustbowl,normal,2,iran,hezbollah,1,2,complete,draw,,tick-cap,60001,40.0,85.2,1232105156,238,77790,43,82830,76600,r2basij:141 r2toophan:63 r2karrar:13 r2fajr:6 r2coast:4 r2raad:4 dog:2 r2mohajer:2 r2toufan:2 r2azar:1,104,50050,36,76600,84960,r2hzrifle:27 r2hzat:18 r2hztechnical:16 r2hzfpv:10 r2hzrecoilless:10 r2hzrail:8 r2hzrockets:5 htk:4 r2hzescort:3 r2hzscout:3
rr.dustbowl.normal.yemen-iran.r2,dustbowl,normal,2,yemen,iran,1,2,complete,win,iran,conquest,23593,15.73,41.2,1394736094,29,8730,11,11840,33275,r2ymr:12 r2yrpg:11 r2technical:3 r2ytechrr:2 r2yzu:1,79,25630,21,33275,11840,r2basij:47 r2toophan:17 r2karrar:6 r2fajr:4 htk:3 dog:1 r2toufan:1
rr.tournament-2a.normal.america-iran.r2,tournament-2A,normal,2,america,iran,1,2,complete,win,iran,conquest,42686,28.46,62.7,1527445680,39,20700,22,35910,64600,e1:20 mtnk:5 fv:3 cleg:2 mgtk:2 sref:2 tany:2 dog:1 jumpjet:1 orca:1,179,58270,32,64600,35910,r2basij:103 r2toophan:39 r2karrar:13 r2dronecontrol:6 dog:4 r2coast:4 r2fajr:4 htk:3 r2raad:2 r2mohajer:1
rr.tournament-2a.normal.yemen-turkey.r2,tournament-2A,normal,2,yemen,turkey,1,2,complete,win,turkey,conquest,30462,20.31,46.2,1806799534,50,16620,21,24675,55365,r2yrpg:19 r2ymr:18 r2technical:6 r2ytechrr:4 r2ymlr:2 r2yzu:1,67,28530,27,55365,24675,r2trrifle:36 r2bozkir:13 r2trat:11 r2gokkalkan:4 dog:1 r2kuzgun:1 r2yildirim:1
rr.tournament-2a.normal.iran-yemen.r2,tournament-2A,normal,2,iran,yemen,1,2,complete,win,iran,conquest,30336,20.22,46.6,2083742776,99,34440,24,44205,18680,r2basij:56 r2toophan:21 r2karrar:11 r2fajr:4 dog:2 htk:1 r2coast:1 r2loiter:1 r2mohajer:1 r2raad:1,43,14710,14,18680,44205,r2yrpg:19 r2ymr:14 r2ytechrr:7 r2technical:1 r2ymlr:1 r2yzu:1
rr.dustbowl.normal.hezbollah-america.r2,dustbowl,normal,2,hezbollah,america,1,2,complete,win,america,conquest,47127,31.42,69.4,-2140813954,64,28525,21,32200,73515,r2hzrifle:17 r2hzat:14 r2hztechnical:9 r2hzrail:7 r2hzfpv:5 r2hzrecoilless:5 r2hzrockets:4 htk:2 r2hzescort:1,102,65800,30,72635,32900,e1:39 fv:13 cleg:10 jumpjet:10 mgtk:9 sref:8 mtnk:6 shad:4 dog:1 orca:1 tany:1
rr.tournament-2a.normal.china-saudi.r2,tournament-2A,normal,2,china,saudi,1,2,complete,win,saudi,conquest,25351,16.9,40.4,-2025714752,23,9640,15,11840,40680,r2cnrifle:12 r2cnportable:5 r2qilin:3 r2cloud:1 r2phl:1 r2zbd:1,37,25150,22,41730,12890,r2sang:15 r2saat:7 r2m1a2s:6 r2caesar:2 r2sads:2 dog:1 r2ah64sa:1 r2bradley:1 r2f15sa:1 r2falcon:1
rr.tournament-2a.normal.israel-hezbollah.r2,tournament-2A,normal,2,israel,hezbollah,1,2,complete,win,israel,conquest,17877,11.92,31.4,-1742706021,30,15620,19,33625,7040,r2ilrifle:16 r2ilat:5 r2merkava:4 dog:2 r2ilhowitzer:1 r2ilshield:1 r2namer:1,29,11225,13,7040,33625,r2hzrifle:12 r2hzat:7 r2hzrail:5 r2hztechnical:3 dog:1 r2hzrecoilless:1
rr.tournament-2a.normal.america-saudi.r2,tournament-2A,normal,2,america,saudi,1,2,complete,win,saudi,conquest,42595,28.4,62.2,-1619414330,47,21000,17,23110,56600,e1:21 mtnk:12 fv:10 dog:2 shad:2,52,35500,25,56600,23110,r2sang:20 r2m1a2s:10 r2saat:10 r2caesar:3 r2sads:3 r2bradley:2 dog:1 r2ah64sa:1 r2f15sa:1 r2falcon:1
rr.tournament-2a.normal.israel-saudi.r2,tournament-2A,normal,2,israel,saudi,1,2,complete,win,saudi,conquest,39833,26.56,57.8,-1447403775,50,36920,26,42640,90880,r2ilrifle:21 r2ilat:10 r2merkava:10 r2ilfalcon:2 r2ilhowitzer:2 dog:1 r2ilgunship:1 r2ilrecon:1 r2ilshield:1 r2namer:1,87,53830,38,90880,42640,r2sang:34 r2saat:22 r2m1a2s:17 r2caesar:5 dog:2 r2bradley:2 r2ah64sa:1 r2f15sa:1 r2falcon:1 r2sads:1 r2sajtac:1
rr.dustbowl.normal.china-yemen.r2,dustbowl,normal,2,china,yemen,1,2,complete,win,china,conquest,49802,33.2,73.6,-1430958378,116,60870,31,54510,43530,r2cnrifle:51 r2qilin:22 r2cnportable:19 r2phl:6 r2cloud:4 r2mantis:3 r2redspear:3 r2lynx:2 r2zbd:2 dog:1 r2cnnetwork:1 r2crane:1 r2skyspear:1,59,20285,19,40950,51930,r2yrpg:20 r2ymr:19 r2technical:10 r2ytechrr:5 htk:2 r2ymlr:2 r2yzu:1
rr.dustbowl.normal.russia-israel.r2,dustbowl,normal,2,russia,israel,1,2,complete,win,russia,conquest,43132,28.75,72.0,-997394717,134,51250,31,80300,36800,e2:57 flakt:25 shk:24 htk:8 htnk:8 ttnk:6 apoc:3 dog:2 zep:1,47,34140,23,36800,80300,r2ilrifle:17 r2ilat:10 r2merkava:8 r2ilhowitzer:3 dog:2 r2ilshield:2 r2ilfalcon:1 r2ilgunship:1 r2ilobserver:1 r2ilrecon:1 r2namer:1
rr.dustbowl.normal.hezbollah-turkey.r2,dustbowl,normal,2,hezbollah,turkey,1,2,complete,win,turkey,conquest,31781,21.19,54.5,-868070803,32,13625,13,20870,40575,r2hzrifle:10 r2hzat:7 r2hzrail:4 r2hztechnical:4 r2hzrecoilless:3 r2hzfpv:2 htk:1 r2hzrockets:1,72,38105,27,40125,20870,r2trrifle:31 r2bozkir:14 r2trat:13 r2gokkalkan:5 r2yildirim:3 r2kuzgun:2 dog:1 r2aras:1 r2greywolf:1 r2sahin:1
rr.tournament-2a.normal.saudi-hezbollah.r2,tournament-2A,normal,2,saudi,hezbollah,1,2,complete,win,saudi,conquest,23126,15.42,39.2,-692395032,28,15270,16,30255,10770,r2sang:11 r2saat:6 r2m1a2s:4 r2bradley:3 dog:2 r2caesar:1 r2sads:1,20,8275,9,10770,30315,r2hzrifle:6 r2hzat:5 r2hzrail:4 r2hztechnical:3 r2hzfpv:1 r2hzrecoilless:1
rr.tournament-2a.normal.iran-saudi.r2,tournament-2A,normal,2,iran,saudi,1,2,complete,win,saudi,conquest,24400,16.27,39.3,-322988844,36,11540,10,20800,37160,r2basij:21 r2toophan:9 r2karrar:4 r2raad:2,69,39220,26,37160,20800,r2sang:31 r2saat:17 r2m1a2s:9 r2sads:3 dog:2 r2bradley:2 r2caesar:2 r2ah64sa:1 r2f15sa:1 r2falcon:1
rr.tournament-2a.normal.russia-iran.r2,tournament-2A,normal,2,russia,iran,1,2,complete,win,iran,conquest,15612,10.41,28.6,-298404815,1,500,5,5130,12000,shk:1,37,13250,13,12000,5130,r2basij:20 r2toophan:9 r2karrar:4 r2fajr:2 dog:1 r2raad:1
rr.tournament-2a.normal.russia-yemen.r2,tournament-2A,normal,2,russia,yemen,1,2,complete,win,russia,conquest,38674,25.78,57.0,-276730022,115,45350,24,54835,37650,e2:48 flakt:21 shk:21 htnk:9 htk:7 ttnk:7 apoc:1 zep:1,68,21890,22,37650,54835,r2ymr:26 r2yrpg:20 r2technical:11 r2ytechrr:6 htk:4 r2ymlr:1
rr.tournament-2a.normal.hezbollah-america.r2,tournament-2A,normal,2,hezbollah,america,1,2,complete,win,america,conquest,28101,18.73,42.9,-14111502,38,16375,15,25300,44895,r2hzrifle:11 r2hzat:7 r2hztechnical:6 r2hzrail:5 r2hzrecoilless:3 r2hzescort:2 r2hzfpv:2 htk:1 r2hzrockets:1,76,37000,26,44535,25300,e1:39 mtnk:12 fv:8 jumpjet:5 shad:4 cleg:2 orca:2 sref:2 dog:1 mgtk:1
rr.tournament-2a.normal.turkey-america.r2,tournament-2A,normal,2,turkey,america,1,2,complete,win,turkey,conquest,25364,16.91,40.5,70927057,47,23955,20,53050,17190,r2trrifle:21 r2bozkir:10 r2trat:8 r2gokkalkan:4 dog:1 r2kuzgun:1 r2sahin:1 r2yildirim:1,42,15500,16,16240,52100,e1:27 mtnk:7 fv:4 shad:2 dog:1 jumpjet:1
rr.tournament-2a.normal.china-yemen.r2,tournament-2A,normal,2,china,yemen,1,2,complete,draw,,tick-cap,60001,40.0,83.4,293194567,74,41440,29,46210,57190,r2cnrifle:27 r2cnportable:17 r2qilin:14 r2phl:4 r2cloud:3 r2zbd:3 r2mantis:2 r2redspear:2 r2lynx:1 r2skyspear:1,79,30975,28,57200,46720,r2ymr:25 r2yrpg:22 r2technical:14 r2ytechrr:7 r2ymlr:4 r2yzu:3 htk:2 r2wadighost:2
rr.dustbowl.normal.hezbollah-israel.r2,dustbowl,normal,2,hezbollah,israel,1,2,complete,win,hezbollah,conquest,23287,15.52,41.2,416141860,65,27025,23,46110,18475,r2hzrifle:21 r2hzat:11 r2hztechnical:10 r2hzrail:8 r2hzfpv:5 r2hzrecoilless:5 htk:3 r2hzdrone:1 r2hzrockets:1,22,11850,16,16635,45710,r2ilrifle:10 r2ilat:5 r2merkava:3 dog:2 r2ilhowitzer:1 r2namer:1
rr.tournament-2a.normal.america-hezbollah.r2,tournament-2A,normal,2,america,hezbollah,1,2,complete,win,america,conquest,14795,9.86,27.6,475090302,51,17900,16,17725,6400,e1:33 mtnk:9 fv:5 dog:2 jumpjet:1 shad:1,9,3725,5,6400,17725,r2hzat:3 r2hzrifle:3 r2hzrail:1 r2hzrecoilless:1 r2hztechnical:1
rr.dustbowl.normal.israel-russia.r2,dustbowl,normal,2,israel,russia,1,2,complete,win,israel,conquest,21624,14.42,38.2,753602583,23,15510,15,29900,6870,r2ilrifle:8 r2ilat:5 r2merkava:4 r2ilhowitzer:2 dog:1 r2ilobserver:1 r2ilshield:1 r2namer:1,20,7800,10,6870,29900,e2:8 shk:5 htk:3 htnk:3 flakt:1
rr.tournament-2a.normal.saudi-china.r2,tournament-2A,normal,2,saudi,china,1,2,complete,win,saudi,conquest,27463,18.31,43.2,828251459,28,20450,17,32980,7130,r2sang:10 r2m1a2s:5 r2saat:5 r2bradley:2 dog:1 r2ah64sa:1 r2caesar:1 r2f15sa:1 r2falcon:1 r2sads:1,17,7690,10,7130,32980,r2cnrifle:7 r2cnportable:4 r2qilin:3 r2zbd:2 r2mantis:1
rr.dustbowl.normal.russia-turkey.r2,dustbowl,normal,2,russia,turkey,1,2,complete,win,russia,conquest,32385,21.59,49.9,1129184705,66,30600,19,41295,19550,e2:18 shk:18 flakt:16 htk:4 ttnk:4 htnk:3 apoc:2 zep:1,21,9785,17,19550,41295,r2trat:7 r2trrifle:7 r2gokkalkan:4 r2bozkir:2 dog:1
rr.dustbowl.normal.america-china.r2,dustbowl,normal,2,america,china,1,2,complete,draw,,tick-cap,60001,40.0,85.9,1135293834,137,87200,28,91340,80000,e1:47 jumpjet:18 fv:16 mtnk:14 cleg:8 mgtk:8 sref:8 shad:7 tany:6 orca:4 dog:1,96,68270,34,78470,89810,r2cnrifle:26 r2qilin:18 r2cnportable:16 r2mantis:9 r2phl:7 r2zbd:6 r2cloud:4 r2redspear:3 r2skyspear:3 amcv:1 dog:1 r2crane:1 r2lynx:1
rr.tournament-2a.normal.turkey-iran.r2,tournament-2A,normal,2,turkey,iran,1,2,complete,win,iran,conquest,45376,30.25,66.7,1260927573,32,16265,16,22400,52775,r2trrifle:13 r2bozkir:6 r2trat:6 r2gokkalkan:5 dog:1 r2yildirim:1,64,22280,22,51275,20900,r2basij:37 r2toophan:14 r2karrar:7 r2fajr:3 htk:1 r2mohajer:1 r2raad:1
rr.tournament-2a.normal.china-russia.r2,tournament-2A,normal,2,china,russia,1,2,complete,win,russia,conquest,42022,28.01,61.8,1628095019,42,18910,20,44650,56100,r2cnrifle:23 r2cnportable:6 r2qilin:5 r2cloud:2 r2phl:2 r2zbd:2 r2crane:1 r2mantis:1,119,51900,35,55700,44250,e2:43 shk:28 flakt:20 htnk:10 htk:7 ttnk:6 apoc:2 yuri:2 zep:1
rr.dustbowl.normal.iran-saudi.r2,dustbowl,normal,2,iran,saudi,1,2,complete,draw,,tick-cap,60001,40.0,90.3,1927313332,320,100660,39,120430,74740,r2basij:194 r2toophan:80 r2karrar:17 r2fajr:6 r2coast:5 r2raad:5 dog:4 r2azar:4 htk:2 r2dronecontrol:2 r2loiter:1,69,50920,37,74740,120430,r2sang:21 r2saat:19 r2m1a2s:13 r2caesar:5 r2ah64sa:2 r2bradley:2 r2f15sa:2 r2falcon:2 r2sads:2 dog:1
rr.dustbowl.normal.turkey-yemen.r2,dustbowl,normal,2,turkey,yemen,1,2,complete,draw,,tick-cap,60001,40.0,86.0,1995013555,117,70920,37,68455,86975,r2trrifle:44 r2bozkir:26 r2trat:24 r2yildirim:8 r2greywolf:6 r2gokkalkan:4 r2kuzgun:2 dog:1 r2sahin:1 r2turna:1,142,50410,38,87365,70495,r2ymr:54 r2yrpg:43 r2technical:20 r2ytechrr:11 r2ymlr:7 r2yzu:3 htk:2 r2wadighost:2
rr.tournament-2a.normal.yemen-iran.r2,tournament-2A,normal,2,yemen,iran,1,2,complete,win,yemen,conquest,33471,22.31,50.8,-2047996369,72,23910,25,46340,27330,r2yrpg:32 r2ymr:24 r2technical:6 r2ytechrr:5 r2ymlr:2 htk:1 r2samad:1 r2yzu:1,47,15220,18,27330,46340,r2basij:28 r2toophan:10 r2karrar:4 htk:2 r2fajr:2 r2raad:1
rr.tournament-2a.normal.turkey-saudi.r2,tournament-2A,normal,2,turkey,saudi,1,2,complete,win,saudi,conquest,11541,7.69,23.6,-1537571085,8,3365,5,5350,18475,r2trrifle:3 r2trat:2 dog:1 r2bozkir:1 r2gokkalkan:1,21,10170,12,18475,5350,r2sang:11 r2saat:4 r2m1a2s:3 dog:1 r2bradley:1 r2caesar:1
rr.dustbowl.normal.hezbollah-russia.r2,dustbowl,normal,2,hezbollah,russia,1,2,complete,win,hezbollah,conquest,12542,8.36,27.8,-1464285357,32,13725,14,20800,5395,r2hzrifle:9 r2hzat:6 r2hztechnical:5 r2hzfpv:3 r2hzrail:3 r2hzrecoilless:3 htk:1 r2hzdrone:1 r2hzrockets:1,9,3300,8,4825,20800,e2:4 shk:3 htk:1 htnk:1
rr.tournament-2a.normal.hezbollah-yemen.r2,tournament-2A,normal,2,hezbollah,yemen,1,2,complete,win,yemen,conquest,28093,18.73,43.7,-1437575306,40,16575,15,24705,44515,r2hzrifle:12 r2hzat:8 r2hzrail:6 r2hztechnical:6 r2hzrecoilless:5 r2hzfpv:2 htk:1,91,30575,26,43055,25900,r2ymr:35 r2yrpg:24 r2technical:14 r2ytechrr:8 r2ymlr:3 r2yzu:3 htk:2 dog:1 r2samad:1
rr.dustbowl.normal.israel-america.r2,dustbowl,normal,2,israel,america,1,2,complete,draw,,tick-cap,60001,40.0,88.0,-1302561413,91,71160,33,74940,68850,r2ilrifle:28 r2ilat:24 r2merkava:11 r2ilhowitzer:9 r2ilshield:8 r2ilrecon:4 r2ilgunship:3 dog:1 r2ilfalcon:1 r2ilobserver:1 r2namer:1,103,75100,38,70110,76200,e1:22 fv:18 jumpjet:18 orca:9 cleg:8 mtnk:7 shad:7 mgtk:6 tany:6 sref:2
rr.tournament-2a.normal.israel-china.r2,tournament-2A,normal,2,israel,china,1,2,complete,win,israel,conquest,27228,18.15,42.8,-1183554838,46,31570,24,49900,15080,r2ilrifle:21 r2ilat:7 r2merkava:7 r2ilhowitzer:2 r2ilshield:2 r2namer:2 dog:1 r2ilfalcon:1 r2ilgunship:1 r2ilobserver:1 r2ilrecon:1,39,17710,18,15080,49900,r2cnrifle:18 r2cnportable:8 r2qilin:8 r2phl:2 r2cloud:1 r2lynx:1 r2zbd:1
rr.tournament-2a.normal.russia-hezbollah.r2,tournament-2A,normal,2,russia,hezbollah,1,2,complete,win,russia,conquest,50195,33.46,71.2,-1002132471,181,64750,29,75610,38550,e2:85 flakt:39 shk:24 htk:10 htnk:8 ttnk:7 apoc:5 ivan:2 zep:1,65,28350,27,38550,76420,r2hzrifle:16 r2hzat:15 r2hztechnical:11 r2hzrecoilless:8 r2hzrail:7 r2hzfpv:5 r2hzrockets:2 r2hzescort:1
rr.dustbowl.normal.russia-hezbollah.r2,dustbowl,normal,2,russia,hezbollah,1,2,complete,win,russia,conquest,36496,24.33,56.6,-756190909,118,40000,27,40735,20800,e2:59 flakt:25 shk:14 htnk:6 htk:5 ttnk:3 apoc:2 yuri:2 dog:1 zep:1,29,12925,16,20800,41215,r2hzat:8 r2hzrifle:7 r2hztechnical:4 r2hzrecoilless:3 r2hzfpv:2 r2hzrail:2 htk:1 r2hzescort:1 r2hzrockets:1
rr.tournament-2a.normal.russia-israel.r2,tournament-2A,normal,2,russia,israel,1,2,complete,win,israel,conquest,45285,30.19,65.7,-421248973,48,14200,23,39080,54900,e2:23 flakt:11 shk:9 htnk:4 htk:1,73,59600,28,56220,40400,r2ilrifle:25 r2ilat:17 r2merkava:12 r2ilfalcon:4 r2ilgunship:3 r2ilhowitzer:3 r2ilrecon:3 r2namer:3 dog:2 r2ilshield:1
rr.dustbowl.normal.saudi-israel.r2,dustbowl,normal,2,saudi,israel,1,2,complete,draw,,tick-cap,60001,40.0,86.0,-287619771,107,78220,31,89590,81760,r2sang:36 r2saat:26 r2m1a2s:18 r2caesar:7 r2ah64sa:5 r2sads:5 r2falcon:4 dog:2 r2bradley:2 r2f15sa:2,82,75680,43,80020,87850,r2ilrifle:24 r2ilat:16 r2merkava:14 r2ilfalcon:6 r2ilhowitzer:6 r2ilgunship:5 r2ilrecon:4 r2ilshield:3 dog:2 r2ilobserver:1 r2namer:1
rr.dustbowl.normal.israel-iran.r2,dustbowl,normal,2,israel,iran,1,2,complete,win,israel,conquest,19986,13.32,36.1,-188165131,21,14490,15,17770,8310,r2ilrifle:7 r2ilat:5 r2merkava:4 r2namer:2 dog:1 r2ilhowitzer:1 r2ilshield:1,9,2300,6,8310,17770,r2basij:5 r2toophan:3 htk:1
rr.tournament-2a.normal.russia-saudi.r2,tournament-2A,normal,2,russia,saudi,1,2,complete,win,saudi,conquest,14797,9.86,27.2,172662934,6,1400,6,5980,14600,e2:4 shk:2,26,16120,13,14600,5980,r2sang:11 r2saat:6 r2m1a2s:3 dog:1 r2ah64sa:1 r2bradley:1 r2caesar:1 r2f15sa:1 r2sads:1
rr.tournament-2a.normal.hezbollah-israel.r2,tournament-2A,normal,2,hezbollah,israel,1,2,complete,win,israel,conquest,34787,23.19,52.3,235718475,42,17600,14,24700,44870,r2hzrifle:14 r2hzat:13 r2hzfpv:4 r2hztechnical:4 r2hzrail:3 r2hzrecoilless:2 dog:1 r2hzrockets:1,40,31910,25,43500,24460,r2ilrifle:13 r2ilat:9 r2merkava:8 r2ilhowitzer:3 r2ilshield:2 dog:1 r2ilfalcon:1 r2ilgunship:1 r2ilrecon:1 r2namer:1
rr.tournament-2a.normal.yemen-israel.r2,tournament-2A,normal,2,yemen,israel,1,2,complete,win,israel,conquest,37545,25.03,55.2,445222511,23,7720,8,29100,26815,r2ymr:8 r2yrpg:8 r2ytechrr:4 r2technical:2 r2yzu:1,55,43120,28,26815,29100,r2ilrifle:16 r2ilat:15 r2merkava:9 r2ilhowitzer:4 r2ilshield:4 r2ilrecon:2 dog:1 r2ilfalcon:1 r2ilgunship:1 r2ilobserver:1 r2namer:1
rr.tournament-2a.normal.yemen-china.r2,tournament-2A,normal,2,yemen,china,1,2,complete,win,china,conquest,15405,10.27,27.8,571582508,16,4470,6,7240,21365,r2ymr:8 r2yrpg:6 htk:1 r2ytechrr:1,26,10260,13,21365,7240,r2cnrifle:13 r2cnportable:5 r2qilin:5 r2zbd:2 r2lynx:1
rr.dustbowl.normal.russia-china.r2,dustbowl,normal,2,russia,china,1,2,complete,draw,,tick-cap,60001,40.0,92.7,760056396,171,63100,41,88370,78000,e2:69 flakt:42 shk:28 htnk:12 htk:9 ttnk:9 apoc:2,155,91940,34,82940,93310,r2cnrifle:57 r2qilin:32 r2cnportable:30 r2phl:8 r2redspear:8 r2zbd:7 r2cloud:4 r2mantis:4 r2crane:2 r2lynx:2 r2skyspear:1
rr.dustbowl.normal.turkey-israel.r2,dustbowl,normal,2,turkey,israel,1,2,complete,win,turkey,conquest,40478,26.99,65.2,851334072,103,50390,28,67640,34065,r2trrifle:48 r2trat:21 r2bozkir:18 r2yildirim:6 r2gokkalkan:4 r2kuzgun:2 dog:1 r2aras:1 r2greywolf:1 r2sahin:1,32,26380,22,35065,68640,r2ilat:9 r2ilrifle:9 r2merkava:4 r2ilfalcon:2 r2ilhowitzer:2 r2namer:2 dog:1 r2ilgunship:1 r2ilrecon:1 r2ilshield:1
rr.tournament-2a.normal.turkey-hezbollah.r2,tournament-2A,normal,2,turkey,hezbollah,1,2,complete,win,turkey,conquest,37945,25.3,57.4,998628483,67,36090,26,48495,28930,r2trrifle:28 r2bozkir:13 r2trat:13 r2gokkalkan:4 r2kuzgun:3 r2yildirim:3 dog:1 r2greywolf:1 r2sahin:1,38,16925,18,29430,50075,r2hzrifle:11 r2hzat:9 r2hzfpv:5 r2hzrail:4 r2hzrecoilless:3 htk:2 r2hzrockets:2 r2hztechnical:2
rr.tournament-2a.normal.china-iran.r2,tournament-2A,normal,2,china,iran,1,2,complete,win,china,conquest,24481,16.32,39.8,1502471163,52,23890,21,29050,14310,r2cnrifle:27 r2cnportable:9 r2qilin:7 r2phl:3 r2lynx:2 r2cloud:1 r2crane:1 r2skyspear:1 r2zbd:1,25,8380,11,14310,29050,r2basij:12 r2toophan:8 r2karrar:3 htk:2
rr.dustbowl.normal.saudi-china.r2,dustbowl,normal,2,saudi,china,1,2,complete,win,saudi,conquest,13863,9.24,28.9,1573307018,15,8850,14,16610,3530,r2sang:5 r2saat:4 r2m1a2s:3 dog:1 r2bradley:1 r2caesar:1,3,970,5,3530,16610,r2cnportable:2 r2cnrifle:1
rr.dustbowl.normal.yemen-israel.r2,dustbowl,normal,2,yemen,israel,1,2,complete,win,yemen,conquest,40974,27.32,71.8,1688361368,128,49030,31,73410,41255,r2ymr:42 r2yrpg:37 r2technical:18 r2ytechrr:14 r2ymlr:5 r2samad:3 r2wadighost:3 r2yzu:3 dog:2 htk:1,36,27700,23,41255,73410,r2ilat:10 r2ilrifle:10 r2merkava:8 r2namer:3 r2ilhowitzer:2 dog:1 r2ilrecon:1 r2ilshield:1
rr.dustbowl.normal.hezbollah-saudi.r2,dustbowl,normal,2,hezbollah,saudi,1,2,complete,win,hezbollah,conquest,49064,32.71,83.5,1863133784,156,80975,35,93600,59295,r2hzrifle:35 r2hzat:32 r2hzfpv:16 r2hzrecoilless:15 r2hztechnical:15 r2hzrockets:10 r2hzrail:9 r2hzscout:7 r2hzdrone:6 r2hzescort:6 htk:3 r2hzspotter:2,53,32290,34,55245,93000,r2sang:17 r2saat:16 r2m1a2s:9 r2caesar:5 dog:2 r2sads:2 r2bradley:1 r2sajtac:1
rr.dustbowl.normal.saudi-iran.r2,dustbowl,normal,2,saudi,iran,1,2,complete,win,saudi,conquest,50163,33.44,84.1,1901252562,123,83930,31,84800,64550,r2sang:39 r2saat:35 r2m1a2s:21 r2sads:8 r2caesar:7 r2ah64sa:3 r2bradley:3 r2falcon:3 dog:2 r2f15sa:1 r2sajtac:1,91,34310,27,63210,86130,r2basij:49 r2toophan:27 r2fajr:4 r2karrar:4 r2raad:2 r2toufan:2 htk:1 r2azar:1 r2coast:1
rr.tournament-2a.normal.america-israel.r2,tournament-2A,normal,2,america,israel,1,2,complete,win,israel,conquest,11979,7.99,25.1,-1886230346,3,600,5,1930,11800,e1:3,14,8420,8,11800,1930,r2ilrifle:6 r2ilat:3 r2merkava:3 dog:1 r2namer:1
rr.dustbowl.normal.russia-saudi.r2,dustbowl,normal,2,russia,saudi,1,2,complete,win,russia,conquest,41440,27.63,67.9,-1635038190,141,49800,28,67870,32400,e2:67 flakt:30 shk:16 htk:9 ttnk:8 htnk:7 apoc:2 dog:1 zep:1,36,27360,20,32400,67870,r2sang:13 r2saat:7 r2m1a2s:6 r2ah64sa:2 r2bradley:2 r2caesar:2 r2f15sa:2 dog:1 r2falcon:1
rr.dustbowl.normal.iran-israel.r2,dustbowl,normal,2,iran,israel,1,2,complete,win,iran,conquest,36860,24.57,58.9,-1597100957,129,40190,27,55540,30280,r2basij:76 r2toophan:33 r2karrar:7 r2fajr:5 htk:2 r2loiter:2 r2raad:2 dog:1 r2coast:1,30,22280,16,31680,56940,r2ilrifle:9 r2ilat:8 r2merkava:5 dog:2 r2ilhowitzer:2 r2namer:2 r2ilfalcon:1 r2ilgunship:1
rr.tournament-2a.normal.israel-america.r2,tournament-2A,normal,2,israel,america,1,2,complete,win,israel,conquest,43634,29.09,63.3,-1551760510,84,61460,32,95840,41160,r2ilrifle:33 r2ilat:17 r2merkava:14 r2ilshield:5 r2ilhowitzer:4 r2ilrecon:4 r2ilobserver:2 r2namer:2 dog:1 r2ilfalcon:1 r2ilgunship:1,65,34400,29,38420,93100,e1:28 fv:11 mtnk:11 jumpjet:5 orca:4 shad:2 tany:2 cleg:1 sref:1
rr.dustbowl.normal.china-russia.r2,dustbowl,normal,2,china,russia,1,2,complete,draw,,tick-cap,60001,40.0,87.4,-1007160993,139,82580,37,66250,80230,r2cnrifle:54 r2cnportable:25 r2qilin:25 r2phl:9 r2cloud:7 r2redspear:6 r2zbd:4 r2crane:3 r2mantis:3 r2lynx:2 r2skyspear:1,69,29650,21,73730,62750,e2:24 shk:20 flakt:10 htnk:5 ttnk:5 htk:4 apoc:1
rr.dustbowl.normal.china-israel.r2,dustbowl,normal,2,china,israel,1,2,complete,win,china,conquest,42126,28.08,66.8,-958044912,104,55320,28,71220,37690,r2cnrifle:41 r2cnportable:23 r2qilin:15 r2phl:6 r2cloud:4 r2zbd:4 r2lynx:3 r2cnnetwork:2 r2mantis:2 r2redspear:2 r2crane:1 r2skyspear:1,35,23160,26,37690,71220,r2ilrifle:13 r2ilat:8 r2merkava:6 r2ilhowitzer:4 dog:2 r2ilshield:1 r2namer:1
rr.tournament-2a.normal.turkey-israel.r2,tournament-2A,normal,2,turkey,israel,1,2,complete,win,israel,conquest,21039,14.03,35.4,-919177862,25,9610,10,14660,33720,r2trrifle:12 r2trat:7 r2bozkir:4 dog:1 r2gokkalkan:1,31,19380,18,33720,14660,r2ilrifle:14 r2ilat:6 r2merkava:6 r2namer:2 dog:1 r2ilhowitzer:1 r2ilshield:1
rr.dustbowl.normal.israel-china.r2,dustbowl,normal,2,israel,china,1,2,complete,win,israel,conquest,16067,10.71,32.2,-562526296,21,13460,11,25110,7680,r2ilrifle:8 r2ilat:6 r2merkava:3 dog:1 r2ilgunship:1 r2ilhowitzer:1 r2namer:1,9,2220,8,7680,25110,r2cnrifle:6 r2cnportable:3
rr.dustbowl.normal.hezbollah-iran.r2,dustbowl,normal,2,hezbollah,iran,1,2,complete,win,hezbollah,conquest,51705,34.47,81.7,-287581370,173,87550,33,91340,71180,r2hzrifle:41 r2hzat:33 r2hzfpv:22 r2hzrail:16 r2hzrecoilless:16 r2hztechnical:15 r2hzrockets:9 r2hzscout:7 htk:5 r2hzescort:4 r2hzdrone:3 r2hzspotter:2,96,35640,29,59510,92110,r2basij:51 r2toophan:26 r2karrar:8 r2fajr:4 htk:3 r2coast:2 r2raad:1 r2toufan:1
rr.tournament-2a.normal.saudi-russia.r2,tournament-2A,normal,2,saudi,russia,1,2,complete,win,russia,conquest,34953,23.3,51.5,-242101076,35,22170,25,45000,67380,r2saat:11 r2sang:11 r2m1a2s:5 dog:2 r2sads:2 r2ah64sa:1 r2bradley:1 r2caesar:1 r2f15sa:1,258,62900,30,65380,43000,e2:133 flakt:63 shk:57 ivan:3 dog:2
rr.dustbowl.normal.china-saudi.r2,dustbowl,normal,2,china,saudi,1,2,complete,win,china,conquest,38342,25.56,60.4,-132444199,81,45820,23,63320,31100,r2cnrifle:31 r2cnportable:14 r2qilin:13 r2zbd:6 r2cloud:4 r2mantis:4 r2phl:4 r2redspear:2 dog:1 r2lynx:1 r2skyspear:1,30,22390,18,29980,62200,r2saat:10 r2sang:7 r2m1a2s:4 r2ah64sa:2 r2caesar:2 r2sads:2 dog:1 r2bradley:1 r2f15sa:1
rr.tournament-2a.normal.iran-china.r2,tournament-2A,normal,2,iran,china,1,2,complete,win,china,conquest,41005,27.34,60.3,274877272,89,22380,13,31960,50550,r2basij:57 r2toophan:25 r2karrar:3 htk:1 r2fajr:1 r2loiter:1 r2raad:1,74,36060,31,49750,33860,r2cnrifle:38 r2qilin:13 r2cnportable:9 r2zbd:4 r2lynx:2 r2phl:2 r2redspear:2 r2cloud:1 r2crane:1 r2mantis:1 r2skyspear:1
rr.tournament-2a.normal.hezbollah-china.r2,tournament-2A,normal,2,hezbollah,china,1,2,complete,win,china,conquest,30448,20.3,46.2,472305908,42,18375,19,28600,49995,r2hzrifle:10 r2hzat:9 r2hzrail:7 r2hztechnical:5 r2hzfpv:4 htk:3 r2hzrecoilless:3 r2hzrockets:1,93,42860,25,49155,28600,r2cnrifle:43 r2cnportable:19 r2qilin:14 r2cloud:3 r2phl:3 r2zbd:3 r2crane:2 r2lynx:2 r2mantis:2 dog:1 r2skyspear:1
rr.tournament-2a.normal.china-israel.r2,tournament-2A,normal,2,china,israel,1,2,complete,win,israel,conquest,28408,18.94,43.5,529293467,26,14500,14,14290,43290,r2cnrifle:10 r2qilin:5 r2cnportable:4 r2zbd:3 r2mantis:2 r2phl:2,34,20400,22,43290,14290,r2ilrifle:15 r2ilat:7 r2merkava:5 r2ilshield:2 r2namer:2 dog:1 r2ilhowitzer:1 r2ilobserver:1
rr.dustbowl.normal.yemen-turkey.r2,dustbowl,normal,2,yemen,turkey,1,2,complete,draw,,tick-cap,60001,40.0,118.2,879672911,197,83665,44,93645,89775,r2ymr:61 r2yrpg:55 r2technical:25 r2ytechrr:20 r2ymlr:10 r2wadighost:9 htk:6 r2yzu:5 r2yspot:4 r2samad:2,107,63690,45,89775,93645,r2trrifle:38 r2trat:24 r2bozkir:23 r2yildirim:8 r2gokkalkan:5 r2greywolf:3 r2kuzgun:3 dog:1 r2sahin:1 r2turna:1
rr.tournament-2a.normal.china-hezbollah.r2,tournament-2A,normal,2,china,hezbollah,1,2,complete,win,hezbollah,conquest,19412,12.94,32.4,933693743,8,3080,7,13225,23920,r2cnrifle:4 r2cnportable:2 r2qilin:1 r2zbd:1,38,15850,16,23920,13765,r2hzrifle:11 r2hzat:8 r2hztechnical:6 r2hzrail:5 r2hzrecoilless:4 htk:2 r2hzfpv:2
rr.dustbowl.normal.turkey-iran.r2,dustbowl,normal,2,turkey,iran,1,2,complete,win,turkey,conquest,25475,16.98,50.0,964090918,69,28840,22,40460,18330,r2trrifle:38 r2bozkir:13 r2trat:11 r2gokkalkan:4 dog:1 r2kuzgun:1 r2yildirim:1,38,12440,15,18330,40460,r2basij:21 r2toophan:11 r2karrar:4 r2raad:2
rr.dustbowl.normal.saudi-hezbollah.r2,dustbowl,normal,2,saudi,hezbollah,1,2,complete,win,saudi,conquest,47672,31.78,100.3,1261674395,89,61060,33,78815,40150,r2sang:33 r2saat:20 r2m1a2s:17 r2caesar:5 r2sads:4 r2falcon:3 r2ah64sa:2 r2bradley:2 dog:1 r2f15sa:1 r2sajtac:1,61,31025,25,36370,79825,r2hzat:13 r2hzrifle:13 r2hztechnical:10 r2hzrecoilless:7 r2hzfpv:6 r2hzrail:6 r2hzscout:3 r2hzrockets:2 r2hzescort:1
rr.tournament-2a.normal.turkey-yemen.r2,tournament-2A,normal,2,turkey,yemen,1,2,complete,win,turkey,conquest,21480,14.32,39.1,1467215001,67,29760,23,35100,16230,r2trrifle:32 r2trat:15 r2bozkir:11 r2gokkalkan:5 r2yildirim:2 dog:1 r2kuzgun:1,40,12055,13,16230,35100,r2ymr:17 r2yrpg:15 r2technical:3 r2ytechrr:2 r2yzu:2 htk:1
rr.tournament-2a.normal.america-turkey.r2,tournament-2A,normal,2,america,turkey,1,2,complete,win,turkey,conquest,17803,11.87,34.3,1859358080,19,5200,12,9485,32500,e1:15 mtnk:2 dog:1 fv:1,33,14635,16,32500,9485,r2trrifle:17 r2bozkir:6 r2trat:5 r2gokkalkan:2 dog:1 r2kuzgun:1 r2yildirim:1
rr.dustbowl.normal.israel-saudi.r2,dustbowl,normal,2,israel,saudi,1,2,complete,win,israel,conquest,57867,38.58,123.9,2063596515,92,71000,30,97850,52140,r2ilrifle:35 r2ilat:19 r2merkava:19 r2ilhowitzer:4 r2ilgunship:3 r2ilrecon:3 r2ilshield:3 r2ilfalcon:2 r2namer:2 dog:1 r2ilobserver:1,55,42100,28,51700,97410,r2saat:15 r2sang:15 r2m1a2s:11 r2caesar:4 dog:3 amcv:2 r2sads:2 r2bradley:1 r2f15sa:1 r2falcon:1
rr.tournament-2a.normal.israel-iran.r2,tournament-2A,normal,2,israel,iran,1,2,complete,win,iran,conquest,21083,14.06,39.4,-2091964425,8,4740,7,12220,26450,r2ilat:3 r2ilrifle:2 dog:1 r2merkava:1 r2namer:1,62,20290,18,26450,12220,r2basij:36 r2toophan:13 r2karrar:6 r2fajr:2 r2loiter:2 r2raad:2 dog:1
rr.tournament-2a.normal.hezbollah-saudi.r2,tournament-2A,normal,2,hezbollah,saudi,1,2,complete,draw,,tick-cap,60001,40.0,86.5,-2029378688,73,35050,30,67490,56930,r2hzat:18 r2hzrifle:12 r2hztechnical:12 r2hzrail:10 r2hzfpv:8 r2hzrockets:5 htk:2 r2hzescort:2 r2hzrecoilless:2 dog:1 r2hzscout:1,62,50340,40,54990,67540,r2sang:17 r2saat:16 r2m1a2s:12 r2caesar:4 r2f15sa:4 r2ah64sa:3 r2bradley:2 r2sads:2 dog:1 r2falcon:1
rr.dustbowl.normal.turkey-saudi.r2,dustbowl,normal,2,turkey,saudi,1,2,complete,win,turkey,conquest,41096,27.4,114.1,-1697616215,113,54870,31,72930,40255,r2trrifle:54 r2trat:23 r2bozkir:19 r2gokkalkan:7 r2yildirim:5 r2greywolf:2 dog:1 r2kuzgun:1 r2sahin:1,35,25970,25,39305,71980,r2sang:11 r2m1a2s:8 r2saat:7 r2bradley:3 dog:1 r2ah64sa:1 r2caesar:1 r2f15sa:1 r2falcon:1 r2sads:1
rr.dustbowl.normal.america-saudi.r2,dustbowl,normal,2,america,saudi,1,2,complete,win,america,conquest,36396,24.26,136.1,-1164766601,43,26500,25,33210,15200,e1:17 fv:6 mtnk:5 cleg:4 jumpjet:4 shad:2 sref:2 mgtk:1 orca:1 tany:1,16,9250,11,16350,34360,r2saat:5 r2sang:5 r2m1a2s:2 dog:1 r2bradley:1 r2caesar:1 r2sads:1
rr.dustbowl.normal.iran-russia.r2,dustbowl,normal,2,iran,russia,1,2,complete,win,iran,conquest,14431,9.62,62.7,-987230896,32,9900,10,19300,3470,r2basij:20 r2toophan:6 r2karrar:4 htk:1 r2fajr:1,7,3100,7,3470,19300,shk:3 e2:2 htk:1 htnk:1
rr.dustbowl.normal.israel-turkey.r2,dustbowl,normal,2,israel,turkey,1,2,complete,draw,,tick-cap,60001,40.0,239.5,-552195142,120,96740,42,91920,107060,r2ilrifle:42 r2ilat:27 r2merkava:18 r2ilgunship:7 r2ilhowitzer:7 r2ilrecon:6 r2ilshield:6 r2ilfalcon:3 dog:2 r2namer:2,117,76805,44,105205,90065,r2trrifle:41 r2trat:24 r2bozkir:22 r2gokkalkan:9 r2yildirim:7 r2greywolf:5 r2sahin:5 r2turna:3 dog:1
rr.dustbowl.normal.israel-hezbollah.r2,dustbowl,normal,2,israel,hezbollah,1,2,complete,win,hezbollah,conquest,44607,29.74,167.2,-362025259,26,22460,15,32955,55820,r2ilrifle:8 r2merkava:6 r2ilat:5 r2ilhowitzer:2 dog:1 r2ilfalcon:1 r2ilgunship:1 r2ilrecon:1 r2namer:1,77,37325,24,55820,34635,r2hzat:19 r2hzrifle:18 r2hztechnical:10 r2hzrail:9 r2hzfpv:7 r2hzrecoilless:5 r2hzrockets:4 r2hzescort:2 r2hzscout:2 htk:1
rr.dustbowl.normal.saudi-russia.r2,dustbowl,normal,2,saudi,russia,1,2,complete,win,saudi,conquest,21786,14.52,86.6,201667004,28,17770,14,22800,10990,r2sang:11 r2saat:7 r2m1a2s:4 dog:1 r2ah64sa:1 r2bradley:1 r2caesar:1 r2f15sa:1 r2sads:1,11,4300,9,10990,22800,shk:5 e2:4 htk:1 htnk:1
rr.tournament-2a.normal.israel-yemen.r2,tournament-2A,normal,2,israel,yemen,1,2,complete,win,israel,conquest,31422,20.95,55.9,1068478643,65,43460,29,42250,26650,r2ilrifle:28 r2ilat:14 r2merkava:10 r2ilhowitzer:5 dog:2 r2ilshield:2 r2ilfalcon:1 r2ilgunship:1 r2ilrecon:1 r2namer:1,52,17055,16,26650,42250,r2yrpg:18 r2ymr:17 r2technical:9 r2ytechrr:3 htk:2 dog:1 r2ymlr:1 r2yzu:1
rr.tournament-2a.normal.iran-america.r2,tournament-2A,normal,2,iran,america,1,2,complete,win,america,conquest,15923,10.62,34.2,1312961071,14,5590,6,10400,19410,r2basij:6 r2toophan:5 r2karrar:2 r2raad:1,40,15300,17,19410,10400,e1:25 mtnk:7 fv:4 dog:1 jumpjet:1 orca:1 shad:1
rr.tournament-2a.normal.china-turkey.r2,tournament-2A,normal,2,china,turkey,1,2,complete,win,turkey,conquest,20362,13.57,41.6,1627204058,23,8740,10,11325,34980,r2cnrifle:12 r2cnportable:5 r2qilin:4 r2zbd:2,53,23675,18,34980,11325,r2trrifle:25 r2trat:12 r2bozkir:10 r2gokkalkan:2 r2yildirim:2 dog:1 r2kuzgun:1
rr.dustbowl.normal.china-turkey.r2,dustbowl,normal,2,china,turkey,1,2,complete,win,turkey,conquest,13064,8.71,55.3,1651077906,2,570,5,5700,14810,r2cnportable:1 r2cnrifle:1,27,10775,12,14810,5700,r2trrifle:15 r2bozkir:5 r2trat:4 r2gokkalkan:2 dog:1
rr.dustbowl.normal.america-israel.r2,dustbowl,normal,2,america,israel,1,2,complete,win,america,conquest,28284,18.86,113.2,1845205787,64,33800,23,48560,19600,e1:27 mtnk:10 fv:8 jumpjet:8 shad:4 cleg:2 orca:2 dog:1 mgtk:1 sref:1,22,15200,15,19600,48560,r2ilat:9 r2ilrifle:5 r2merkava:4 dog:1 r2ilhowitzer:1 r2ilshield:1 r2namer:1
rr.tournament-2a.normal.israel-russia.r2,tournament-2A,normal,2,israel,russia,1,2,complete,win,russia,conquest,34574,23.05,57.3,2046424445,21,13160,17,23800,42920,r2ilrifle:8 r2ilat:6 r2merkava:4 dog:1 r2ilhowitzer:1 r2namer:1,75,31650,24,42920,23800,e2:29 shk:17 flakt:11 htk:6 htnk:6 ttnk:4 apoc:1 zep:1
rr.dustbowl.normal.america-hezbollah.r2,dustbowl,normal,2,america,hezbollah,1,2,complete,draw,,tick-cap,60001,40.0,229.9,-2086906278,131,87300,38,76520,87700,e1:38 jumpjet:21 fv:16 mtnk:15 orca:13 shad:9 cleg:6 sref:6 mgtk:3 tany:3 dog:1,133,64300,42,86700,77410,r2hzat:28 r2hzrifle:28 r2hzfpv:19 r2hzrecoilless:14 r2hzescort:13 r2hzrail:11 r2hztechnical:11 r2hzrockets:5 htk:2 r2hzscout:2
rr.dustbowl.normal.china-iran.r2,dustbowl,normal,2,china,iran,1,2,complete,win,iran,conquest,48787,32.52,187.6,-1674088033,141,72450,30,65410,128790,r2cnrifle:60 r2cnportable:29 r2qilin:23 r2cloud:7 r2zbd:7 r2phl:6 r2mantis:3 r2redspear:3 r2lynx:2 r2skyspear:1,300,92960,35,127650,66720,r2basij:179 r2toophan:72 r2karrar:17 htk:7 r2fajr:6 dog:4 r2coast:4 r2raad:4 r2dronecontrol:2 r2loiter:2 r2toufan:2 r2azar:1
rr.dustbowl.normal.russia-yemen.r2,dustbowl,normal,2,russia,yemen,1,2,complete,win,russia,conquest,45336,30.22,159.4,-1318183663,167,59450,30,65765,41050,e2:78 flakt:33 shk:26 ttnk:9 htk:8 htnk:7 apoc:3 dog:2 zep:1,64,23270,27,40550,66765,r2yrpg:28 r2ymr:18 r2ytechrr:10 r2yzu:3 htk:2 r2ymlr:2 r2technical:1
rr.dustbowl.normal.america-yemen.r2,dustbowl,normal,2,america,yemen,1,2,complete,draw,,tick-cap,60001,40.0,172.6,198602409,120,93400,46,91090,108200,jumpjet:22 e1:21 fv:16 orca:13 shad:10 sref:10 cleg:8 mtnk:8 tany:6 mgtk:5 dog:1,226,94755,36,107950,91040,r2ymr:77 r2yrpg:62 r2technical:29 r2ytechrr:21 r2wadighost:12 r2ymlr:10 r2yzu:9 htk:6
rr.dustbowl.normal.russia-iran.r2,dustbowl,normal,2,russia,iran,1,2,complete,win,russia,conquest,42679,28.45,108.8,210488447,118,44150,28,69960,29950,e2:52 flakt:26 shk:14 htnk:10 htk:6 ttnk:6 ivan:2 apoc:1 zep:1,71,24640,23,28950,69960,r2basij:41 r2toophan:17 r2karrar:5 r2fajr:3 r2mohajer:2 htk:1 r2coast:1 r2raad:1
rr.dustbowl.normal.hezbollah-china.r2,dustbowl,normal,2,hezbollah,china,1,2,complete,win,china,conquest,47894,31.93,128.6,271614991,41,18300,23,38910,57380,r2hzrifle:14 r2hzat:11 r2hzfpv:5 r2hzrockets:3 r2hztechnical:3 r2hzrecoilless:2 htk:1 r2hzescort:1 r2hzrail:1,96,49390,32,56090,38910,r2cnrifle:42 r2cnportable:18 r2qilin:11 r2cloud:5 r2phl:5 r2lynx:3 r2mantis:3 r2zbd:3 r2cnnetwork:2 r2crane:2 r2redspear:1 r2skyspear:1
rr.dustbowl.normal.iran-china.r2,dustbowl,normal,2,iran,china,1,2,complete,win,china,conquest,32752,21.83,85.1,1302422485,45,15820,17,22810,46990,r2basij:23 r2toophan:13 r2karrar:4 htk:2 r2raad:2 r2fajr:1,92,41950,24,46990,22810,r2cnrifle:45 r2qilin:16 r2cnportable:15 r2zbd:4 r2cloud:3 r2lynx:2 r2mantis:2 r2phl:2 dog:1 r2redspear:1 r2skyspear:1
rr.tournament-2a.normal.saudi-america.r2,tournament-2A,normal,2,saudi,america,1,2,complete,win,america,conquest,26406,17.6,51.0,1561084202,25,18690,15,24100,48800,r2sang:7 r2saat:6 r2m1a2s:4 r2sads:3 dog:1 r2bradley:1 r2caesar:1 r2f15sa:1 r2falcon:1,71,31300,27,48800,24100,e1:41 fv:9 mtnk:7 shad:4 jumpjet:3 cleg:2 dog:2 sref:2 orca:1
rr.tournament-2a.normal.russia-china.r2,tournament-2A,normal,2,russia,china,1,2,complete,win,china,conquest,36419,24.28,65.7,1961206191,37,13600,21,45170,45300,e2:14 flakt:8 shk:8 htnk:4 htk:2 ttnk:1,129,61300,24,45470,45340,r2cnrifle:60 r2cnportable:25 r2qilin:17 r2cloud:7 r2phl:5 r2zbd:4 r2mantis:3 dog:2 r2crane:2 r2lynx:2 r2redspear:1 r2skyspear:1
rr.tournament-2a.normal.yemen-russia.r2,tournament-2A,normal,2,yemen,russia,1,2,complete,draw,,tick-cap,60001,40.0,89.5,2110452443,107,43700,33,33500,70400,r2yrpg:37 r2ymr:30 r2ytechrr:18 r2ymlr:7 htk:5 r2technical:5 r2yzu:3 r2wadighost:2,73,28100,28,70400,33500,e2:31 flakt:15 shk:9 htnk:7 ttnk:6 htk:5
